:020000040800F2
:10000000701E01248904000859FE000861F30008ED
:1000100051FE0008392D0008D15E010800000000E3
:10002000000000000000000000000000710901084D
:10003000513A00080000000061030108890C010822
:10004000A7040008A7040008A7040008A7040008E4
:10005000A7040008A7040008A7040008A7040008D4
:10006000A7040008A7040008A7040008512F0008EF
:10007000612F0008712F0008812F0008912F0008C0
:10008000A12F0008B12F0008A7040008E93C0008D0
:10009000F93C0008A7040008093D0008A70400086F
:1000A000A7040008A7040008A7040008A704000884
:1000B000A7040008A7040008A7040008A704000874
:1000C000A7040008A7040008A7040008A704000864
:1000D000A7040008A704000851240108A704000889
:1000E000A7040008A704000800000000A7040008F7
:1000F000A7040008A7040008A7040008C12F0008EF
:10010000A7040008A7040008A7040008A704000823
:10011000A7040008B9100108E10E0108A7040008AF
:10012000A7040008A7040008A7040008A704000803
:10013000A7040008A7040008A7040008A7040008F3
:1001400000000000000000000000000000000000AF
:10015000A7040008A7040008A7040008A7040008D3
:10016000A7040008A7040008A7040008A7040008C3
:10017000A7040008D1FE0008A70400080000000042
:10018000A7040008A7040008A7040008C910010874
:10019000A7040008A7040008A7040008A704000893
:1001A000A7040008A7040008A70400080000000036
:1001B000A7040008A7040008A7040008A704000873
:1001C000A7040008A70400080000000000000000C9
:1001D0000000000000000000A7040008000000006C
:1001E000000000000000000000000000000000000F
:1001F0000000000000000000A7040008A704000899
:10020000A7040008A704000800000000A7040008D5
:10021000A7040008A7040008A7040008A704000812
:10022000A704000800000000A70400080000000068
:10023000A7040008A704000800000000A7040008A5
:10024000A7040008A7040008A7040008A7040008E2
:10025000A7040008A7040008A7040008A7040008D2
:10026000A7040008A7040008A7040008A7040008C2
:10027000A7040008A7040008A70400080000000065
:10028000A7040008A7040008A7040008A7040008A2
:1002900000000000A7040008A704000800000000F8
:1002A00000000000A7040008A7040008D9100108F6
:1002B00041240108A7040008A7040008193D00080C
:1002C000A7040008A7040008A704000800F002F82B
:1002D00000F0CAF814A696E8000CB244B344DA451C
:1002E00001D100F0C1F8BAE80F000FA696E830007F
:1002F000A5EB040504EB0607AAEB0704A7F1010729
:100300004FEA15154FEA3414A4F10104AC4201D3AD
:1003100000F0AAF813F0010F18BFFB1A43F0010315
:1003200000F001F8DBE71847F8480200184902001E
:100330000A444FF0000C10F8013B13F0070408BF0B
:1003400010F8014B1D1108BF10F8015B641E05D0A9
:1003500010F8016B641E01F8016BF9D113F0080F5E
:100360001EBF10F8014BAD1C0C1B09D16D1E58BFF0
:1003700001F801CBFAD505E014F8016B01F8016B27
:100380006D1EF9D59142D6D370470000704700002A
:100390000023002400250026103A28BF78C1FBD88E
:1003A000520728BF30C148BF0B6070476E2900F06C
:1003B000DB82702900F01F84662924F06F80652994
:1003C00024F06C80672924F06980612924F068801A
:1003D00003681B0A28BF41F08001692900F0888268
:1003E000642900F08582752900F082826F2900F06F
:1003F000AD83782900F0EB83E92900F04783E429F5
:1004000000F04483F52900F04183EF2900F0AA832E
:10041000F82900F0EA830368DB0928BF41F0800176
:10042000632901F05784732901F05C84E32901F00A
:100430006784F32901F06C84002070471FB524F015
:100440001DF802F033F904000020002123F0F8FF2A
:10045000401C60600020002123F0DCFFE06000F021
:10046000C3F91FBD10B510BD02F0F2F81146FFF739
:10047000E5FF1FF0A9FF02F0E3F903B4FFF7F2FF75
:1004800003BC02F04FFC00000A4880470A4880473E
:100490000A480047FEE7FEE7FEE7FEE7FEE7FEE765
:1004A000FEE7FEE7FEE7FEE705480649064A074B7A
:1004B00070470000C13C0008790D0108CD0200081A
:1004C00070BE0024701E012470DE002470DE002443
:1004D00053EA020C00F069802DE9F04B4FF0000662
:1004E000002B1FBFB3FA83F503FA05F424FA05F6CF
:1004F0005E4012BF1643B2FA82F502FA05F4C5F166
:1005000020051EBF22FA05FC44EA0C04203556EAF9
:10051000044C4FEA144418BF641C4FF000084FF01D
:100520000009904271EB030C39D3002919BFB1FACD
:1005300081F701FA07F6B0FA80F700FA07F6C7F17B
:1005400020071EBF20FA07FC46EA0C062037B6FB40
:10055000F4FCA7EB0507103F07F01F0BCBF12006BB
:100560002CFA06F60CFA0BFB44BFB3460026202FEC
:10057000A4BF5E464FF0000B5BEA060C08BF4FF0CD
:10058000010B19EB0B0948EB0608ABFB027C06FBE1
:1005900002CC0BFB03CCC01B71EB0C01C1E70B467B
:1005A000024641464846BDE8F08B13B5084318BFE4
:1005B0004FF0FF300146AFF30080BDE81C407047AC
:1005C0000FB41CB50C0007AA009007D04142A1420D
:1005D00002D32044401E01E04FF0FF30074B7B4424
:1005E00069460190069800F0D8F90021002C01D04E
:1005F000009A11701CBC5DF814FB0000DF030000C2
:100600000FB400B58DB010A9099000910B904FF078
:10061000FF300A9000200C90064878440690064867
:1006200078446A4607900F9909A800F07BFD0DB049
:100630005DF814FB270B00003F0B0000CBB22AB182
:1006400001788B4203D0401C521EF9D10020704724
:10065000032A40F2308010F0030C00F0158011F8EE
:10066000013BBCF1020F624498BF11F801CB00F8C6
:10067000013B38BF11F8013BA2F1040298BF00F81A
:1006800001CB38BF00F8013B11F0030300F02580D7
:10069000083AC0F0088051F8043B083A51F804CBFE
:1006A000A0E80810F5E7121D5CBF51F8043B40F8C4
:1006B000043BAFF30080D20724BF11F8013B11F8CF
:1006C00001CB48BF11F8012B24BF00F8013B00F813
:1006D00001CB48BF00F8012B704710B5203AC0F09D
:1006E0000B80B1E81850A0E81850B1E81850A0E805
:1006F0001850203ABFF4F5AF5FEA027C24BFB1E89E
:100700001850A0E8185044BF18C918C0BDE81040E0
:100710005FEA827C24BF51F8043B40F8043B08BFE9
:100720007047D20728BF31F8023B48BF11F8012BB0
:1007300028BF20F8023B48BF00F8012B704702F0A9
:10074000FF0343EA032242EA024200F024B84FF0DA
:1007500000020429C0F0128010F0030C00F01B808E
:10076000CCF1040CBCF1020F18BF00F8012BA8BF9C
:1007700020F8022BA1EB0C0100F00DB85FEAC17C60
:1007800024BF00F8012B00F8012B48BF00F8012B13
:1007900070474FF0000200B5134694469646203944
:1007A00022BFA0E80C50A0E80C50B1F12001BFF42A
:1007B000F7AF090728BFA0E80C5048BF0CC05DF890
:1007C00004EB890028BF40F8042B08BF704748BFDE
:1007D00020F8022B11F0804F18BF00F8012B704752
:1007E000704770477047000008487CB57844009017
:1007F00007487844009C0546019004E020460168C3
:1008000008448047241DAC42F8D17CBD8C450200D1
:10081000CA45020010B500F01BFE006810BD10B5FF
:10082000044600F015FE046010BD70B504468569ED
:100830000068C10601D5302600E02026C00707D099
:1008400070BDD4E9012130469047206A401C2062E7
:100850006D1EF6D570BD70B5044685690078C00779
:1008600007D170BDD4E9012120209047206A401CA7
:1008700020626D1EF6D570BD09684A0501D540B2EB
:100880007047C905FCD500B2704709684A0501D513
:10089000C0B27047C905FCD580B2704770B50C4630
:1008A0000546012A05D02878800600D5EA6900238C
:1008B00002E0012305E05B1C934202D2E05C0028C9
:1008C000F9D1A869E618C01AA861286A18442862F4
:1008D0002846FFF7AAFF04E0D5E9012114F8010B2F
:1008E0009047B442F8D32846FFF7B5FF70BD00002B
:1008F0002DE9F0410646002410687529314616A5F9
:1009000010D0FFF7B9FF002802DA404213A507E034
:1009100031688A0701D512A502E0490704D511A55F
:10092000012401E0FFF7B1FF00210A2206F12407AC
:1009300009E0B0FBF2FCB0FBF2F302FB1C0030302C
:1009400078541846491C0028F3D123462A463046DD
:10095000BDE8F04100F0CEBD000000002D00000019
:100960002B0000002000000011680268006A530597
:1009700001D508700AE0D30501D5088006E013060A
:1009800003D5C217C1E9000200E0086001207047EA
:1009900001694A1C02610878704700B58FB0CDE943
:1009A00001310021059105497944CDE90310114633
:1009B000684600F02BF90FB000BD0000E5FFFFFF17
:1009C000D1E900239A4202D2531C0B601070704789
:1009D0002DE9FF5F15468A460446DFF8AC80F844EF
:1009E0000027D8E900103E46CDE9001010E03AF8A3
:1009F00016106A4602A801F002FE411C07D02178B9
:100A0000890603D5E269391891420DD80744761C4E
:100A10002078800602D5E069B84205DDAE42E6DB0B
:100A20003AF816000028E2D1A069C01BA061204658
:100A3000FFF7FBFED8E90010CDE90010002017E019
:100A40003AF818106A4602A801F0D9FDB0F1FF3F4C
:100A500081460BD000250DF1080B05E0D4E90121FA
:100A60001BF8050090476D1C4D45F7D308F10100B8
:100A7000B0428046E4DB206A384420622046FFF71B
:100A8000EAFEBDE8FF9F0000BE3B02002DE9F041F9
:100A90008046D21D22F007020025D2E90002F52986
:100AA00015A614D0011E72F1000106DA0023D0EB66
:100AB000030063EB020211A608E0D8F800108B07D0
:100AC00001D50FA602E0490701D50EA60125114662
:100AD000002408F1240704E000F0BEFC30323A554F
:100AE000641C50EA0102F7D12B46324621464046AB
:100AF000BDE8F04100F0FEBC000000002D00000049
:100B00002B0000002000000030B4002100F124047C
:100B100008E002F00705D208303542EA4372DB08EC
:100B20006554491C52EA0305F3D10468002310A25E
:100B3000250708D504F020040C4304D0C469012320
:100B40000CA2641EC46130BC00F0D4BC10B50446D5
:100B500021461068FFF799FE02462046BDE8104086
:100B60000023D1E7D21D22F00701D1E90023CBE712
:100B70000000000030000000F0B40D4601880905B7
:100B800002D5214C7C4402E01F4C7C440E340021F1
:100B900000F1240608E002F00F071209E75D42EABF
:100BA00003721B097754491C52EA0307F3D10278F8
:100BB0000023120704D5702D06D009B10223113489
:100BC0002246F0BC00F096BC01231034F8E770B563
:100BD00004460D4621461068FFF757FE0246294697
:100BE0002046BDE870400023C6E7D21D22F007036F
:100BF000D3E90023C0E70368126843F020030360D1
:100C00000823C3610023B7E7203A02002DE9F05F13
:100C1000894604464FF0000ADFF874B1FB44C0F87F
:100C200020A02046E1688847002874D0252806D0F7
:100C3000D4E901219047206A401C2062F1E7002698
:100C40005F462046E16888472028054607DB312DAE
:100C500005D2781910F8200C08B10643F1E7B00767
:100C600001D526F00406C4F81CA00027C4F818A07B
:100C70002A2D09D0284623F07EFB38B304EB8708E1
:100C8000303DC8F8185019E059F8041B204604EB11
:100C900087029161E1688847012F054618D1E06914
:100CA000002820DA26F020061DE0D8F8180000EB16
:100CB000800005EB40003038C8F818002046E16895
:100CC0008847054623F057FB0028EED1012F0AD0B4
:100CD0002E2D08D12046E16888477F1C0546022F4B
:100CE00046F02006C4DBA069002803DA404246F043
:100CF0000106A061F00701D026F010066C2D0BD084
:100D0000682D09D04C2D39D06A2D35D0742D35D0B1
:100D10007A2D33D016E038E0E1682F462046884728
:100D2000B842054609D16C2F26D04FF48060E168A7
:100D3000064320468847054604E06C2F1AD04FF43E
:100D4000807006430DB3A5F14100192802D8203563
:100D500046F400664A462946204626604E46FFF77E
:100D600025FB80B101280BD0F61D26F0070000F10D
:100D7000080956E74020E4E78020D8E70020D6E7BE
:100D800006F104094DE7284652E7206ABDE8F09FC6
:100D9000B03902002DE9FF4F1C4691464FF0FF3558
:100DA00081B000218A468846D4E90167A16902988A
:100DB0006D1C8847216A834688470028F6D1BBF11D
:100DC000FF3F0CD0002F26F4C0661ADD700615D543
:100DD000BBF12B0F0AD0BBF12D0F0FD104E04FF068
:100DE000FF3005B0BDE8F08F46F48066A169029837
:100DF0006D1C88477F1E8346002F02DDBBF1300F3C
:100E000003D0B9F1000F2AD025E0A1696D1C02982A
:100E10007F1E46F400768847002F834605DDBBF130
:100E2000780F06D0BBF1580F03D0B9F1000F10D0E6
:100E300011E0B9F1000F02D0B9F1100F0BD1A16987
:100E40006D1C02987F1E26F400768847834610208A
:100E500000E0082081464FEAE970009017E00A2080
:100E6000F8E74346AAFB0928DDF800C07F1E03FB14
:100E7000098046F4007605F101050AFB0C0112EB2E
:100E80000B0A029841EBEB78A16988478346002F53
:100E900006DD4946584600F03FFF5FEA000BE0D50B
:100EA000E16902988847B00502D46FF0010098E725
:100EB000F00718D1700610D55146700505D50023EE
:100EC000D1EB030163EB080200E042462068031DFA
:100ED00023600068C0E9001205E02068011D216060
:100EE0000068C0E900A828467BE72DE9FF5F1D46A2
:100EF0004FF0FF3B91464FF000085F46D5E90146B1
:100F0000A96901987F1C8847296A8246884700287A
:100F1000F6D1BAF1FF3F0CD0002E24F4C06419DDE5
:100F2000600614D5BAF12B0F09D0BAF12D0F0ED1EE
:100F300003E0584604B0BDE8F09F44F48064A9691A
:100F400001987F1C8847761E8246002E02DDBAF18A
:100F5000300F03D0B9F1000F26D032E0A969761E18
:100F600001987F1C44F400748847002E824605DDFA
:100F7000BAF1780F06D0BAF1580F03D0B9F1000FCB
:100F800010D01EE0B9F1000F02D0B9F1100F18D146
:100F9000A969761E01987F1C24F400748847824654
:100FA000102002E0082000E00A20814609E0A9693B
:100FB00008FB0908761E01987F1C44F400748847DA
:100FC0008246002E05DD4946504600F0A5FE002869
:100FD000EDDAE96901988847A00502D46FF00100B5
:100FE000A8E7E00725D1600613D5600502D5C8F152
:100FF000000000E0404629680A1D2A6009682205B1
:1010000001D5087015E0220701D5088011E00860BD
:101010000FE02868011D29600068210502D580F8CD
:10102000008006E0210702D5A0F8008001E0C0F8AA
:10103000008038467EE72DE9FF5F4FF000089946B3
:10104000144646469169D2E901A7DDF838B0019807
:101050008847054659EA0B0005D009E0A1690198C7
:10106000761C88470546216A284688470028F5D11E
:10107000681C03D05FEACA7005D015E04FF0FF305E
:1010800004B0BDE8F09F2068011D2160D0F8008009
:101090000AE05FEACA7001D108F8015BA169761C19
:1010A00001987F1E88470546002F1ADD681C18D05E
:1010B000B9F1000F0DD0E81705EBD060421120F018
:1010C0001F0059F822102A1A012090400142E0D155
:1010D00007E0BBF1000FDCD12846216A88470028D1
:1010E000D7D0E16901988847BBF1000F07D1002EE6
:1010F00005DD5FEACA7002D1002188F80010A068FF
:10110000B84203DDBBF1000F03D017B16FF001004F
:10111000B6E73046B4E70000026811441378016076
:1011200018467047D16005497944516104497944B2
:10113000116200211161114600F0FCBDEDFFFFFFBF
:10114000B1030000426842B1016811F8013B23B1CC
:10115000521EC0E90012184670470121C160881E66
:10116000704742685AB1C368016843B983688B42CB
:1011700005D0491E521CC0E90012002070474FF0F4
:10118000FF3070472DE9FF4F4FF000089A46144694
:10119000C146464683B0D2E901B7CDF80080CDF80C
:1011A0000480916904988847109905465AEA01001D
:1011B00005D009E0A1690498761C88470546216A94
:1011C000284688470028F5D1681C03D05FEACB7019
:1011D00005D02AE04FF0FF3007B0BDE8F08F20685F
:1011E000011D2160D0F800801FE002A86A46E9B224
:1011F00001F0E5F9411C07D0801C09D04FF000092F
:101200005FEACB7007D00AE0E169049888473EE0C6
:101210004FF0010904E0BDF8081028F8021B7F1EFA
:10122000A1690498761C88470546002F1ADD681CC2
:1012300018D0BAF1000F0DD0E81705EBD0604211BD
:1012400020F01F005AF822102A1A01209040014273
:10125000CBD107E010980028C7D12846216A8847DB
:101260000028C2D0E16904988847B9F1000F0ED177
:10127000109830B9002E04DD5FEACB7001D1A8F8D8
:101280000000A068B84202DD109818B117B16FF0E5
:101290000100A1E730469FE72DE9FF4F4FF000081E
:1012A0009B461446454683B0D2E90196CDF80080AE
:1012B000CDF804809169DDF848A004988847074676
:1012C0005BEA0A0005D009E0A16904986D1C884713
:1012D0000746216A384688470028F5D1781C03D094
:1012E0005FEAC97005D01BE04FF0FF3007B0BDE8E2
:1012F000F08F2068011D2160D0F8008010E05FEAC7
:10130000C97007D16A464046B9B201F078F9411C6C
:1013100031D08044A1696D1C0498761E8847074629
:10132000002E14DD781C12D0BBF1000007D03B4624
:10133000DDE9101201F034F90028E0D107E0BAF13C
:10134000000FDCD13846216A88470028D7D0E169F0
:1013500004988847BAF1000F06D1002D04DD5FEA3A
:10136000C97001D188F80000A068B04203DDBAF16D
:10137000000F03D016B16FF00100B7E72846B5E7BC
:101380002DE9FF5F9B46144600273D469169D2E94F
:101390000196DDF840A00198884780465BEA0A0084
:1013A00005D009E0A16901986D1C88478046216A33
:1013B000404688470028F5D1B8F1FF3F03D05FEAE7
:1013C000C97005D014E04FF0FF3004B0BDE8F09FC5
:1013D0002068011D216007680AE05FEAC97001D139
:1013E00027F8028BA1696D1C0198761E88478046FC
:1013F000002E15DDB8F1FF3F12D0BBF1000007D081
:101400004346DDE90E1201F0CBF80028E5D107E0F4
:10141000BAF1000FE1D14046216A88470028DCD0AC
:10142000E16901988847BAF1000F05D1002D03DD6D
:101430005FEAC97000D13880A068B04203DDBAF11C
:10144000000F03D016B16FF00100BEE72846BCE7DD
:1014500000487047E803002430B5B0F10A0271F18A
:1014600000034FEA900E4EEA817EB0EB0E0061EB76
:1014700091014FEA101E4EEA017E10EB0E0041EB87
:1014800011114FEA102E4EEA016E10EB0E0041EBE7
:1014900011214FEA104E4EEA014E10EB0E0041EBC7
:1014A0001141401841F100014FEAD00040EA41707B
:1014B0004FEAD1014FEA810444EA907410EB8005B1
:1014C00044EB01046D1944EB0404521BA3414FF09B
:1014D000000348BF0A3200D530BD401C41F1000175
:1014E00030BD10B5044601F0D9F80068005D00F089
:1014F000010010BD2DE9F0470D469946924604467D
:1015000000F124080168880604D5E06921F0100183
:10151000216000E00120A84201DD471B00E0002718
:10152000A1697A1902EB0900081AA0612078C006A7
:1015300002D42046FFF779F9002608E0D4E901211A
:101540001AF806009047206A401C761C20624E451F
:10155000F4DB2078C0060AD52046FFF766F906E0DE
:10156000D4E9012130209047206A401C2062381EB7
:10157000A7F10107F4DC07E0D4E9012118F8050020
:101580009047206A401C2062281EA5F10105F3DC6B
:101590002046FFF760F92078000602D50220BDE85A
:1015A000F0870120FBE72DE9FF4F0C461E464FF068
:1015B000FF378BB0D2E90001DDF860800A908A46DF
:1015C000C1F30A5505B93D46002108464FF0000019
:1015D000BAF1000F00F4400005DA00EB80004FF490
:1015E000400101EA50004FEA9059B9F1010F00DDC6
:1015F000B9460A9850EA4A000ED044F61050A5F2B7
:10160000FF3545432F14B8F1000F1ED07542291E37
:101610001EDDC9F100021CE0B8F1010F4FF000001F
:1016200001D0302103E0F24305E02154401CB042D8
:10163000FBDB30460022002121540B99C1F80880C1
:10164000C1E900200FB0BDE8F08FBD1B6D1CDEE7C7
:101650004A4600DA694206A801F080F806AB93E832
:10166000070003AB83E8070050460A9921F000FF0A
:101670008DE80700A0F500501F3800900398002D5A
:101680000ADD42F21F014A460844002303A90390E1
:10169000684622F0ABF909E0A0F500504A461F3831
:1016A000002303A90390684622F0CAF98DE80700D9
:1016B0000004000C03D04FF0FF30410800E010465A
:1016C000B8F1000F03D00022009215461EE0751EEF
:1016D00005D4FFF7C1FE303262556D1EF9D5B34611
:1016E0000122084302D000227F1C04E02078302829
:1016F00001D100227F1E002A099784D01DE0112D00
:1017000007DAFFF7A9FE303262556D1C50EA01027C
:10171000F5D1084302D00098C8B10EE00021681E40
:1017200005E0235C625C63542254401E491C8142E4
:10173000F7DBAB46A81B401E0990002004F80B0005
:101740000B98099AC0F80880C0E9002B7AE71126A7
:101750004FF0000857E72DE9F04F88460446D21DA8
:1017600022F0070191B0D1E90001CDE90A0122F090
:10177000B3FA02460B98C00F01D02D2007E0206875
:10178000810701D52B2002E0202101EAC000032AB5
:10179000099001D0072A05DB03464146204600F0A8
:1017A0009DFF0BE12078800601D5E06900E006206E
:1017B000B8F1650F814606D0B8F1660F18D0B8F1C0
:1017C000670F70D131E00020B9F1110F009001DBFB
:1017D000112301E009F101030AAA01A90CA8FFF7EE
:1017E000E2FEDDE90C70002609F10105834647E0C1
:1017F00001204B4600904FF000470AAA01A90CA80F
:10180000FFF7D1FEDDE90DB00C995D46002610B959
:1018100009F101000D18B9EB050003D4C0F1FF3642
:1018200009F10105A5EB09002BE0B9F1010F01DA7F
:101830004FF001090020B9F1110F0090484601DD79
:10184000112300E003460AAA01A90CA8FFF7ABFE8A
:10185000DDE90C704D4600268346207800070AD447
:10186000AB4500DA5D4601A8012D04DD411911F8F0
:10187000011C302907D04F4502DA17F1040F04DAB2
:10188000012082460FE06D1EEEE7002F02DCED1B0B
:101890003E4403E0781CA84200DD7D1CB81B00F12B
:1018A000010A4FF000472078000703D4AA4501DB66
:1018B0004FF0FF3A0021B7F1004F0DF143088DF8CA
:1018C000431024D002202B23002F01DA7F422D2346
:1018D0000A21021EA0F1010000DC5FB197FBF1FCC0
:1018E00097FBF1F201FB1C7C17460CF1300C08F859
:1018F00001CDEEE7A8F1010003702188090501D5AB
:10190000452100E06521A0F1010800F8011C0998BB
:101910000FA9A1EB0807FF1D00B10120411901EB40
:10192000EA70A1693844081A401EA0612078C006F8
:1019300002D42046FEF779FF099828B1D4E90121A5
:101940009047206A401C20622078C00622D520469D
:10195000FEF76BFF1EE0002E04DBB34502DD01A89D
:10196000805D00E03020D4E901219047206A401CCE
:101970002062761CAAF101005FEA000A0AD100F099
:1019800095FEC0680168405CD4E901219047206A57
:10199000401C2062281EA5F10105DCDC07E0D4E92B
:1019A000012118F8010B9047206A401C2062381E64
:1019B000A7F10107F3DC2046FEF74DFF032011B02D
:1019C00041E600002DE9F04F04460D46D21D22F0FD
:1019D000070089B0D0E900974846394622F07CF9E3
:1019E0000246F80F01D02D2307E02068810701D5BA
:1019F0002B2302E0202101EAC0038DF820300BB137
:101A0000012000E00020032A824601D0072A04DBDF
:101A10002946204600F062FE3FE12078800601D48E
:101A20000D2500E0E569C7F30A560D2D49DA0021BE
:101A30004FEA175B08464FF00000002F00F440000B
:101A400007DA00EB80004FF4400100EBD07001EAB0
:101A500060008115012901DD4FF0FF3100224FEABE
:101A6000850CBCF1180F06D31346ACF118004FF0EB
:101A70008052C24003E04FF4801323FA0CF30CF1C0
:101A80000C0CBCF1200F04D3ACF1200C09FA0CF0C3
:101A900001E007FA0CF000294FF0004801DD18B909
:101AA0000FE00ED140450CD319EB02095F4121B97B
:101AB000404502D19F4329EA0209BBEB175F00D0E2
:101AC000761C2088000502D57B48784402E07A48DD
:101AD0007844193808AA302302F80A30037C0AF146
:101AE0000101002E0AF1020A53546A4602DC4FF04B
:101AF000300101E04FF031014FF001088DF8001086
:101B000002D0A6F2FF3603E059EA470100D06B4E3F
:101B1000002D02DC2178090704D54FF002082E21A0
:101B20008DF80110C44600210BE0C7F303433F01C9
:101B3000C35C491C6D1E02F80830052908F1010834
:101B400001DA002DF1DC00210CE000EB1973491CD7
:101B50001B786D1E082902F808304FEA091908F1B0
:101B6000010801DA002DF0DC21688B0602D516E0B1
:101B7000A8F10108E04505DD02EB080313F8013C7C
:101B8000302BF5D0B8F1000F09DD02EB080313F894
:101B9000013C2E2B03D1090701D4A8F10108002D27
:101BA00005DD3E2102F808106D1E08F10108407C99
:101BB000002E02F8080008F1010804DA2D20764210
:101BC00002F8080002E02B2002F808000A214FF476
:101BD0007A70864208F101080BDB96FBF0F3303394
:101BE00002F8083096FBF0F308F1010800FB1366D9
:101BF00001E0642E0CDB642096FBF0F3303302F836
:101C0000083096FBF0F308F1010800FB136601E0D1
:101C10000A2E06DB96FBF1F0303002F8080008F1DE
:101C2000010896FBF1F001FB1060303002F808006B
:101C3000A16908F1010808EB050202EB0A00081A85
:101C4000A0612078C00602D42046FEF7EEFD216A8E
:101C500008AE01EB0A00206204E0D4E9012116F885
:101C6000010B9047BAF1010AF7D22078C00602D5DD
:101C70002046FEF7DAFD6E4609E016F8010B3E2815
:101C80000FD0D4E901219047206A401C2062B8F1AE
:101C90000108F2D22046FEF7DEFD09B00320BDE8C0
:101CA000F08F206A2844206203E0D4E9012130202B
:101CB00090476D1EEBD3F8E7492B020002FCFFFFB3
:101CC00010B5436913B1AFF3008001E0FEF7E6FD04
:101CD000012010BD127800F124010A7000224A7020
:101CE0000122EDE711684FF0FF32E9E710B54369D3
:101CF00013B1AFF3008001E0FEF76AFE012010BDD2
:101D0000128800F1240182840022C2840122EDE7BE
:101D100011684FF0FF32E9E73A2800D2303820F05E
:101D20002002412A01D3A2F13700884201D34FF0AB
:101D3000FF3070472DE9F34F4FF0000A0C4656462E
:101D40008DB001200C9001F10C000B9062690B9892
:101D500001219047051E2DD0252D2CD0216A8847C2
:101D6000C0B162690B9801219047216A8847002819
:101D7000F7D16269411E0B98904700E0761CA1697B
:101D80000D988847216A88470028F7D1E1690D98A6
:101D90008847DBE7A1690D988847A842074601D12B
:101DA000761CD3E7E1690D9888477F1C02D1BAF110
:101DB000000F6FD06BE162690B9800273D463946F2
:101DC00090472A2804D162690B9801219047012588
:101DD000DFF8D08262690B9801219047A0F13001B1
:101DE0000A290AD24745E5DC07EB870100EB4107EA
:101DF000303FDFD445F01005ECE7E90601D46FF081
:101E000000476C280AD04C2814D0682815D06A28BE
:101E10000DD074281CD07A281AD01DE062690B9866
:101E2000012190476C2802D045F0040514E045F0EC
:101E300002050DE045F020050AE062690B980121DA
:101E40009047682802D045F0080505E045F4006594
:101E500062690B9801219047C4E9015765283DD07C
:101E600019DC58287AD00CDC452837D004DC25282A
:101E700026D041289ED131E046282FD0472899D13D
:101E80002CE05B2877D0612828D063287CD0642898
:101E900023D15AE0F6E06F2848D008DC66281DD030
:101EA00067281BD0692821D06E2816D127E070281A
:101EB00045D0732868D0752847D078280DD14DE0DB
:101EC000A1690D988847252805463FF469AFE16967
:101ED0000D9888476D1C3FF46AAFD8E00D992346F2
:101EE0006A466FF0010022F03DFBC5E045F040007E
:101EF00023464FF000026060A80736D43EE0E807B2
:101F00007FF447AF2068011D21600068290501D5D5
:101F100006701BE7290701D5068017E7A90703D537
:101F2000F117C0E9006111E706600FE745F04000D6
:101F300023464FF008026060A80716D41EE040F662
:101F40000E0125EA0100606016E045F040002346DE
:101F50004FF00A026060A80707D40FE045F0400088
:101F60006060A80708D5234610220D996FF0010084
:101F7000FEF710FF80E007E0102223460D996FF076
:101F80000100FEF7B2FF77E04FF0000963284F46EB
:101F9000C8464B46CB4602D05B2806D038E0E80660
:101FA00001D40120A060012732E06269D4F80CB0AE
:101FB0000B98012190475E2807D14FF0010949464F
:101FC0006269D4F80CB00B989047216939B90021A7
:101FD0000A4603AB43F82120491C0829FADBD8B391
:101FE000216949B308F1010862690B980121904702
:101FF0005D28F4D1B9F1000F09D0002003A951F8F0
:102000002020D24341F82020401C0828F7DB03ABF6
:102010002069002820794FEA40701ED05B46224696
:10202000CDF80080CDE901970D9900286FF00100EF
:1020300020DAFFF7A5F91FE0C11703AA00EBD16171
:102040004B1121F01F0102EB8302411A136801209A
:10205000884003431360C7E719E00D992246002822
:102060006FF00100009702DAFFF78CF804E0FEF74A
:10207000E2FF01E0FFF710F900280ADA401C06D160
:102080000C9820B14FF0FF300FB0BDE8F08F5046F4
:10209000FAE7E90701D10AF1010A064400200C9091
:1020A00054E60000CCCCCC0C2DE9FF4F06468BB09B
:1020B0000878FF2806D0491C2D2805D000244FF0B1
:1020C000000908E000200CE00124F8E709EB89038F
:1020D000491C00EB43090878FF28F7D114B1C9F176
:1020E00000008146107800252C46AA4629462D2856
:1020F00001D02B2804D1521C2D2813D00020824659
:102100008B461078FF280FD04FF0000C0A21521C8C
:10211000A5FB017804FB018105FB0C11C5194BEBF4
:102120000104EEE70120EAE7002108464FF0000035
:10213000BAF1000F02D000EB80004008C0F38157D5
:10214000012F01DD4FF0FF370E9955EA040009EB2E
:1021500001080BD04FF0020918F5FA7F16DA4FEAA2
:10216000CA70002F706008DD012007E04FEACA70D6
:10217000C6E900B00FB0BDE8F08F00203060FFF777
:1021800067F9C0F800901821084616E0B8F5FA7F04
:1021900018DD002F02DAF748784401E0F648784469
:1021A000D0E90010C6E9001040EACA707060FFF77D
:1021B0004FF9C0F80090142108460FB0BDE8F04F69
:1021C00022F069B9002108464FF00000B8F1000183
:1021D000099002DAC7F1000200E03A4601DAC8F1DC
:1021E000000106A800F0BAFA06AB93E8070003ABBB
:1021F00083E8070044F23E005BEA04010090584681
:1022000004D144F21E012C465D460091210C0904C4
:10221000014306D10099240444EA15442D041039E1
:10222000009104F07F41014306D10099240244EA61
:1022300015642D020839009104F07041014306D164
:102240000099240144EA15742D01091F009104F03E
:102250004041014306D10099A40044EA9574AD00C1
:10226000891E009104F00041084304D100986D19C3
:102270006441401E00904FF001033A466846B8F1B1
:10228000000FCDE9014503A902DD21F0EEFB01E0DD
:1022900021F0C1FBBAF1000F04460D4601D084F0D5
:1022A0000044002108464FF00000099940F2FF77F2
:1022B000484010F00C0F07D124F00040284303D011
:1022C000C4F30A50B84212D1FFF7C2F8C0F8009028
:1022D000C4F30A50B8420AD1A8487844D0E90010A3
:1022E000C6E9001004F000410843706042E7C6E907
:1022F00000543FE72DE9FF4F1F464FF0000A4FF013
:10230000FF38454691B0D7E90146CDF83CA000F032
:10231000CDF9C0680168405C1090B96912986D1CD5
:102320008847396A814688470028F6D1B9F1FF3FCE
:102330000AD0002E24F4D06411DDB9F12B0F08D09F
:10234000B9F12D0F0BD102E0404615B013E744F46C
:102350008064B96912986D1C8847761E81466005B5
:1023600004A901D52D2000E02B20002E01F1010B46
:102370000DF130088DF810003FDDB9F1690F08D07C
:10238000B9F1490F05D0B9F16E0F02D0B9F14E0F76
:102390001CD13B4601A8009580E85002DDE91212ED
:1023A0006FF0020022F0E2F8C11CCED10EE0B96954
:1023B00012986D1C884781461398761E44F4007469
:1023C00005600F98401C002E0F9016DDB9F1300FFC
:1023D000EDD0B9F1780F02D0B9F1580F0DD10F98A7
:1023E00001280AD13B46CDE90054DDE91212001F55
:1023F000029622F0B9F8C11CA7D1109989453ED1A7
:1024000044F0800406E01399681CAAF1010A44F420
:1024100000740860B9696D1C1298761E88473028D0
:102420008146F0D02BE01099894505D1200603D4D0
:10243000761E44F0800418E0484621F09CFF08B363
:10244000761E0DF123029345A9F1300044F4007487
:1024500006D20BF8010B200607D5AAF1010003E014
:10246000200602D40AF101008246A00502D5139984
:10247000681C0860B96912986D1C88478146002E57
:10248000D1DC53E0002E51DDB9F1650F02D0B9F176
:10249000450F4BD1A00549D5B9696D1C1298761E20
:1024A00024F440748847002E81460CDD2B2804D08C
:1024B000B9F12D0F07D144F48074B96912986D1CDD
:1024C0008847761E8146E00501D52D2100E02B21AD
:1024D00008F8011BCDF8008021E0761E0DF13901CE
:1024E000884544F400740CD2A9F1300010F0FF00CC
:1024F00088F8000002D10099884509D908F101083F
:1025000006E0E00501D51E4801E042F20F70824668
:10251000B96912986D1C8847814613980560002E92
:1025200004DD484621F027FF0028D6D1F96912982A
:102530008847FF2053468BF8000088F800000020F1
:102540000A900B9004AA0CA90AA8FFF7ADFDA005FC
:1025500002D46FF00100F8E614F0240F12D0E00767
:102560001CD13868DDE90A12031D3B600068C0E930
:10257000001213E0AC2A02009E2A02006229020027
:10258000F1D8FFFF0AA9684621F0EEFDE00705D16A
:102590003868009A011D3960006802602846D4E658
:1025A00010B508E030F8024B9C4204D10AB100207B
:1025B00010BD012010BD491EF4D2104610BDF8B563
:1025C00016460C46054600F069F8036893F80101C9
:1025D000012804D0185D78B101202C80F8BDD3F813
:1025E00003013246214603F20313C718684600234D
:1025F000B84700992980F8BD4FF0FF30F8BD2DE9AC
:10260000F04116460C46054600F048F8036893F87A
:102610000101012807D0FF2C12D8185D80B10120DC
:102620002C70BDE8F081D3F807013246214603F251
:102630000713C7182846BC46BDE8F0410023604791
:102640004FF0FF30EDE7000000487047E80300243A
:102650007546FFF7F9FFAE4605006946534620F080
:102660000700854618B020B5FDF71EFFBDE82040E5
:102670004FF000064FF000074FF000084FF0000B3E
:10268000AC46ACE8C009ACE8C009ACE8C009ACE8AD
:10269000C00921F007018D467047000010B500F019
:1026A00005F8001D10BD00BF991D020000487047CD
:1026B00008040024B2F120030AD5C2F1200301FA74
:1026C00002F120FA03F341EA030100FA02F0704735
:1026D00000FA03F14FF00000704700002DE9F041CF
:1026E0001F46044603260168072A01F4006004DB44
:1026F00008B116A505E016A503E008B115A500E090
:1027000015A521F010002060A069C01EA0610FB1C6
:10271000401EA0612046FEF788F84FB1D4E90121A0
:1027200038469047206A401C2062C01C206206E0A8
:10273000206AFAE7D4E9012115F8010B9047761ECB
:10274000F8D22046FEF787F8BDE8F0814E414E00F2
:102750006E616E00494E4600696E66002DE9F047D5
:10276000814616468AB0354878440DC88DE80D007C
:1027700032487844801C03AC0DC884E80D0041F653
:102780009B300844372190FBF1F290FBF1F5A5F165
:10279000800501FB12041B3C02D56442012000E0CD
:1027A0000020DFF898A080460027FA44AAF1BE0A6C
:1027B0000EE0E0070AD03246684607EB47010123E6
:1027C0000AEB810121F03CF98DE8070064107F1CC1
:1027D000002CEED1194F7F44AE3F19E0E80715D029
:1027E00007EB04100DF1180A90E80E008AE80E00BD
:1027F000C068F04201D1981908903246012306A919
:1028000003A821F01DF903AB83E807006D10641CD9
:10281000002DE3D14FF0010332466946B8F1000FB5
:1028200003A802D021F0E2F801E021F009F9C9E99A
:102830000001C9F808200AB0BDE8F0873C1F02007B
:1028400010B50446AFF300802046BDE81040FDF708
:1028500014BE00002DE9FF4F1F464FF03C0987B022
:102860004FF00042DDE9141001F10108DDF858A035
:1028700002EA405003900020059083460546044636
:102880000490B969461E08988847AAF1010A029087
:10289000BAF1000F3BDD02982E2815D01021FFF76A
:1028A0003BFA00282EDB4FF0010B0599014317D0AE
:1028B000B9F1000F0BDB4A46C117FFF7FBFE0543DA
:1028C0000C43A9F1040905E0012004900BE008B1D4
:1028D00045F0010501200590049820B9361D02E05D
:1028E000049800B1361FB969089808F101088847B3
:1028F000BBF1000FAAF1010A0290C9D00999C1F8F1
:102900000080C5E70298702808D0502806D0F969E1
:1029100008988847BBF1000F14D04FE000200290C8
:102920000120BBF1000F049009D0B969089808F1A3
:1029300001088847AAF10109B9F1000F07DCF9691C
:10294000089888476FF001000BB0BDE8F08F2B2886
:1029500004D02D280CD14FF0FF300490B9690898AD
:1029600008F101088847A9F10109B9F1000FE6DD76
:10297000411CE4D00A21FFF7CFF90028DFDB0299E0
:1029800008F1010801EB810100EB41000290B969F7
:10299000089888470A21FFF7BFF9099AA9F10109A8
:1029A000B9F1000FC2F8008001DD0028E7DAF9690B
:1029B000089888470499029800FB016655EA0400CC
:1029C00004D004F04041090002D006E0039898E0EA
:1029D000A40044EA9574AD00B61E04F0004108005E
:1029E00002D16D196441761E159810F0240F03D0A2
:1029F0004FF00B095C4803E04FF028096FF07D00B1
:102A00008246564507DAAAEB06018944B9F1410F1F
:102A100001DD4FF0410901200021A9F10102FFF77A
:102A200049FE024628400B462140084301D00121BF
:102A300000E00021501E029143F1FF312840214067
:102A4000084301D0012000E000200299834651EAAA
:102A50000B014FD0002108464FF00000039900F40D
:102A6000400039B100EB80004FF4400100EBD07022
:102A700001EA60008015012802DD4FF0FF3000E020
:102A800013D0401C36D0029860B3BBF1000F0CD1BC
:102A90004A4601200021FFF70DFE2840214008434F
:102AA00001D0012000E00020E0B101204A460021D1
:102AB000FFF700FE034640190A4661412D1A8C417A
:102AC00011D3B9F1400F09DD159810F0240F02D091
:102AD000AAF1340603E0AAF1170600E0761C0025EF
:102AE0004FF0004406E05B1E42F1FF3220EA03058E
:102AF00021EA0204CAF10100B04206DA1B49039838
:102B000008430190002000900EE0039AC4F3D32103
:102B1000E80A0A43164940EA44500A433146CDE9DF
:102B20000002684621F0D4FB159810F0240F0BD05A
:102B30001598C00715D13868DDE90012031D3B6008
:102B40000068C0E900120CE002A8694621F00CFB05
:102B50001598C00705D13868029A011D39600068D0
:102B600002604046F0E6000002FCFFFF0000F07F3C
:102B70000000F03F2DE9FF4F92461D4685B04FF013
:102B80000041DDE9124BDDE914727F1E01EA4B5072
:102B9000414940F0FF4940EA0108002122F02000AD
:102BA0004928049102D04E2828D04CE03BA00126B1
:102BB00007C88DE80700A9690698641C88477F1E2E
:102BC000014606D41DF8060018B121F0200181420B
:102BD0000BD0E96906988847032E34D0082E32D0EE
:102BE0006FF0010009B0BDE8F08F761C032E01D014
:102BF000082EE0D1601CCAF80000DCE7A96906983D
:102C0000641C88477F1E2AD420F02000412826D14A
:102C1000A9690698641C88477F1E20D420F02000F4
:102C20004E281CD1A9690698641C88477F1E48F469
:102C3000002849F48009CAF8004001D4282806D0A9
:102C4000E969069888475FEACB7012D022E0A9694B
:102C50000698641C88477F1E01D4002803DAE969BE
:102C600006988847BCE72928F1D1641CCAF80040BF
:102C7000E9E71BF0240F07D028680499031D2B6097
:102C80000068C0E9001805E02868021D2A60006895
:102C9000C0F800902046A5E70000F07F494E464965
:102CA0004E4954590000000030B44FF0013C50F838
:102CB000042BCCFA52F451F8043BD51A20D1FCB9BC
:102CC00050F8042BCCFA52F451F8043BD51A17D122
:102CD000B4B950F8042BCCFA52F451F8043BD51A8D
:102CE0000ED16CB950F8042BCCFA52F451F8043BD5
:102CF000D51A05D1002CDAD030BC4FF00000704757
:102D000029BAB1FA81F111F01801D1F12000844003
:102D1000F2D1CA40CB4012F0FF0213F0FF0330BCE7
:102D2000D01A704701491820ABBEFEE7260002000A
:102D30007047000000000000FFE7FEE70000000011
:102D400084B08DF80F000291ADF806209DF80F00B9
:102D50000146009123281DD80099DFE801F01213E5
:102D60001415161B1B1B1B1B1B1B1B1B1B1B1B1BC5
:102D70001B1B1B1B1B1B1B1B1B1B1B1B1B1B1718AA
:102D8000191A08E007E006E005E004E003E002E0CD
:102D900001E000E0FFE7002004B070470000000001
:102DA000002070470000000080B582B045F6F0209A
:102DB000C2F20040009043F6A031C2F2004100226E
:102DC00001920FF0F5FE009843F2A031C2F20041EB
:102DD0000FF0CEFE019802B080BD000000000000A0
:102DE00080B584B003900291029800680190019828
:102DF000812803D3FFE780200190FFE70399019A20
:102E000045F64000C2F20040FDF722FC039945F66A
:102E1000F020C2F2004000900FF0AAFE00980FF0E0
:102E20004BFE002004B080BD83B0029001918DF86C
:102E3000032000208DF802009DF9020003B07047C6
:102E400080B586B00490ADF80E1000208DF80D000E
:102E500045F6F020C2F20040D0F8BC020290029881
:102E6000D0F8140220B1FFE701208DF8170013E01D
:102E70000499BDF80E2045F6F020C2F20040019002
:102E80000FF096FE01980FF09FFF8DF80D009DF852
:102E90000D008DF81700FFE79DF8170006B080BD04
:102EA00080B584B00290ADF80610029846F6305115
:102EB000C2F20041884234D1FFE745F2B950C2F274
:102EC0000040002180F8401045F20861C2F2004144
:102ED00045F20A62C2F2004245F20C63C2F20043BC
:102EE0000DF0C6F9B8B1FFE745F20860C2F2004044
:102EF000008845F6E821C2F20041088045F20A60E8
:102F0000C2F200400088488045F20C60C2F20040E6
:102F100000684860FFE716F08FFA01208DF80F0077
:102F200011E0029846F6B811C2F20041884206D17B
:102F3000FFE715F02DFF01208DF80F0003E00020C2
:102F40008DF80F00FFE79DF80F0004B080BD000072
:102F500080B545F6CC50C2F2004002F059F980BD70
:102F600080B546F21410C2F2004002F051F980BD63
:102F700080B546F29C00C2F2004002F049F980BDE3
:102F800080B545F64460C2F2004002F041F980BDD0
:102F900080B546F22400C2F2004002F039F980BD4B
:102FA00080B545F63470C2F2004002F031F980BDC0
:102FB00080B545F6AC70C2F2004002F029F980BD40
:102FC00080B545F6BC60C2F2004002F021F980BD38
:102FD00083B002900298016801201022C4F202021C
:102FE0009142009000F0A380FFE702980168012061
:102FF0002822C4F202029142009000F09880FFE77C
:103000000298016801204022C4F20202914200901D
:1030100000F08D80FFE70298016801205822C4F279
:1030200002029142009000F08280FFE7029801685E
:1030300001207022C4F202029142009077D0FFE793
:103040000298016801208822C4F202029142009095
:103050006DD0FFE7029801680120A022C4F20202AD
:103060009142009063D0FFE7029801680120B822E6
:10307000C4F202029142009059D0FFE70298016821
:10308000012040F21042C4F20202914200904ED060
:10309000FFE702980168012040F22842C4F20202D0
:1030A0009142009043D0FFE702980168012040F26E
:1030B0004042C4F202029142009038D0FFE70298E9
:1030C0000168012040F25842C4F20202914200908D
:1030D0002DD0FFE702980168012040F27042C4F24F
:1030E00002029142009022D0FFE70298016801207D
:1030F00040F28842C4F202029142009017D0FFE7EA
:1031000002980168012040F2A042C4F202029142FA
:1031100000900CD0FFE7029800684FF64831CBF6DC
:10312000FD710844B0FA80F040090090FFE7009874
:10313000C00740B3FFE70298007810384AF6AB2189
:10314000CAF6AA21A0FB011000090190019800F025
:10315000070144F25070C0F60200405C0299C86555
:103160000198042807D3FFE702990868042262F354
:103170000900886506E00299086840F2FF32904332
:103180008865FFE705E00299086820F0FF00886580
:10319000FFE70298806D03B0704700000000000058
:1031A00084B003900398006801900398016801209F
:1031B00045F20842C5F60202914200904ED0FFE768
:1031C00003980168012045F21C42C5F602029142B3
:1031D000009043D0FFE703980168012045F2304298
:1031E000C5F602029142009038D0FFE703980168CB
:1031F000012045F24442C5F60202914200902DD0D2
:10320000FFE703980168012045F25842C5F6020223
:103210009142009022D0FFE703980168012045F217
:103220006C42C5F602029142009017D0FFE7039866
:103230000168012045F28042C5F6020291420090E9
:103240000CD0FFE7039800684AF66C31CAF2FD71B2
:103250000844B0FA80F040090090FFE70098C007EA
:1032600010B3FFE70398007808384CF6CD41CCF650
:10327000CC41A0FB011000090290029945F6000024
:10328000C5F6020000EB810003990866039945F634
:103290008000C5F602004866029800F01F01012078
:1032A00088400399886635E00398007810384AF61C
:1032B000AB21CAF6AA21A0FB0110000902900198D7
:1032C00040F2B841C4F2020188420CD8FFE70198ED
:1032D00040F21041C4F20201884204D3FFE7029891
:1032E00008300290FFE7029940F60000C4F20200A5
:1032F00000EB810003990866039940F68000C4F250
:1033000002004866029800F01F01012088400399DE
:103310008866FFE704B0704783B002900298007996
:1033200001900198002800F08A80FFE701980828A2
:1033300000F28580FFE702980168012045F208420B
:10334000C5F60202914200904ED0FFE70298016854
:10335000012045F21C42C5F602029142009043D082
:10336000FFE702980168012045F23042C5F60202EB
:103370009142009038D0FFE702980168012045F2A1
:103380004442C5F60202914200902DD0FFE7029818
:103390000168012045F25842C5F6020291420090B0
:1033A00022D0FFE702980168012045F26C42C5F681
:1033B00002029142009017D0FFE7029801680120B5
:1033C00045F28042C5F60202914200900CD0FFE720
:1033D000029800684AF66C31CAF2FD710844B0FAEE
:1033E00080F040090090FFE70098C00780B1FFE738
:1033F000019945F6FC00C5F6020000EB8100029938
:10340000C866029945F64010C5F6020008670FE04D
:10341000019940F6FC00C4F2020000EB8100029921
:10342000C866029940F64010C4F202000867FFE740
:103430000198411E0120884002994867FFE703B0C8
:10344000704700000000000085B0049000208DF857
:103450000F000498806918BBFFE70498806A029007
:1034600003281BD80299DFE801F0020D0218049826
:1034700090F82F00C00720B1FFE701208DF80F0062
:10348000FFE70CE00498C06AB0F1C07F04D1FFE709
:1034900001208DF80F00FFE701E000E0FFE747E0C3
:1034A00004988069B0F5005F26D1FFE70498806A30
:1034B000019003281ED80199DFE801F002060211ED
:1034C00001208DF80F0016E0049890F82F00C00737
:1034D00020B1FFE701208DF80F00FFE70BE0049813
:1034E000C06AB0F1C07F04D1FFE701208DF80F0062
:1034F000FFE700E0FFE71AE00498806A00900328E5
:1035000004D3FFE70098032804D00EE001208DF8D3
:103510000F000BE0049890F82F00C00720B1FFE7E0
:1035200001208DF80F00FFE700E0FFE7FFE7FFE76E
:103530009DF80F0005B0704789B00890079106927A
:1035400005930898806D04900898806D0390089802
:10355000016801201022C4F202029142029000F0A0
:103560000381FFE70898016801202822C4F20202C3
:103570009142029000F0F880FFE70898016801206E
:103580004022C4F202029142029000F0ED80FFE777
:103590000898016801205822C4F202029142029068
:1035A00000F0E280FFE70898016801207022C4F271
:1035B00002029142029000F0D780FFE7089801686C
:1035C00001208822C4F202029142029000F0CC80D5
:1035D000FFE7089801680120A022C4F2020291428C
:1035E000029000F0C180FFE7089801680120B8222E
:1035F000C4F202029142029000F0B680FFE7089800
:103600000168012040F21042C4F20202914202908D
:1036100000F0AA80FFE708980168012040F22842E4
:10362000C4F202029142029000F09E80FFE70898E7
:103630000168012040F24042C4F20202914202902D
:1036400000F09280FFE708980168012040F258429C
:10365000C4F202029142029000F08680FFE70898CF
:103660000168012040F27042C4F2020291420290CD
:103670007AD0FFE708980168012040F28842C4F23E
:103680000202914202906FD0FFE708980168012082
:1036900040F2A042C4F202029142029064D0FFE7DD
:1036A00008980168012040F2B842C4F20202914237
:1036B000029059D0FFE708980168012045F20842BE
:1036C000C5F60202914202904ED0FFE708980168C9
:1036D000012045F21C42C5F602029142029043D0FD
:1036E000FFE708980168012045F23042C5F6020262
:1036F0009142029038D0FFE708980168012045F216
:103700004442C5F60202914202902DD0FFE708988C
:103710000168012045F25842C5F60202914202902A
:1037200022D0FFE708980168012045F26C42C5F6F7
:1037300002029142029017D0FFE708980168012029
:1037400045F28042C5F60202914202900CD0FFE79A
:10375000089800684AF66C31CAF2FD710844B0FA64
:1037600080F040090290FFE70298C00770B1FFE7C0
:103770000898416E806E48600898C06E28B1FFE7D7
:103780000898016F406F4860FFE7FFE708980168FD
:1037900001201022C4F202029142019000F0A380A5
:1037A000FFE70898016801202822C4F20202914232
:1037B000019000F09880FFE70898016801204022FE
:1037C000C4F202029142019000F08D80FFE7089858
:1037D000016801205822C4F202029142019000F0D7
:1037E0008280FFE70898016801207022C4F202027B
:1037F0009142019077D0FFE7089801680120882264
:10380000C4F20202914201906DD0FFE7089801686E
:103810000120A022C4F202029142019063D0FFE78E
:10382000089801680120B822C4F202029142019076
:1038300059D0FFE708980168012040F21042C4F215
:103840000202914201904ED0FFE7089801680120E2
:1038500040F22842C4F202029142019043D0FFE7B5
:1038600008980168012040F24042C4F202029142ED
:10387000019038D0FFE708980168012040F25842D3
:10388000C4F20202914201902DD0FFE7089801682E
:10389000012040F27042C4F202029142019022D013
:1038A000FFE708980168012040F28842C4F2020252
:1038B0009142019017D0FFE708980168012040F27B
:1038C000A042C4F20202914201900CD0FFE7089896
:1038D00000684FF64831CBF6FD710844B0FA80F02D
:1038E00040090190FFE70198C00750B3FFE708982F
:1038F000C06D00F01F013F2088400499886008983F
:103900000168086820F48020086005980899096813
:10391000486008988068402809D1FFE70698089910
:1039200009688860079808990968C86008E00798DE
:10393000089909688860069808990968C860FFE7CF
:1039400082E008980168012045F20842C5F60202AB
:10395000914200904ED0FFE708980168012045F29F
:103960001C42C5F602029142009043D0FFE708983E
:103970000168012045F23042C5F6020291420090F2
:1039800038D0FFE708980168012045F24442C5F6A7
:103990000202914200902DD0FFE7089801680120B3
:1039A00045F25842C5F602029142009022D0FFE74C
:1039B00008980168012045F26C42C5F60202914266
:1039C000009017D0FFE708980168012045F2804277
:1039D000C5F60202914200900CD0FFE708980068FB
:1039E0004AF66C31CAF2FD710844B0FA80F0400921
:1039F0000090FFE70098C00720B3FFE70898C06D6C
:103A000000F01F010120884003994860059808993B
:103A10000968486008988068402809D1FFE706983F
:103A2000089909688860079808990968C86008E0DB
:103A30000798089909688860069808990968C86015
:103A4000FFE700E0FFE7FFE709B070470000000074
:103A5000704700000000000080B582B08DF80700BC
:103A60008DF806108DF805209DF8071045F2287096
:103A7000C2F200400170F3214170AB2181709DF8CA
:103A8000061001F00101C1709DF8051001F001015F
:103A900001716B21417106210DF062F802B080BD09
:103AA00080B584B08DF80F008DF80E100292029848
:103AB00008B9FFE76BE09DF80F1045F26870C2F29D
:103AC00000400190017048214170D12181709DF822
:103AD0000E1001F00101C17002990978017102997B
:103AE000497841710299897881710299C978C171C7
:103AF0000299097901720299497941720299897989
:103B000081720299C979C1720299497A0173029945
:103B1000097A41730299C97A81730299897AC173CA
:103B20000299497B01740299097B41740299897B4E
:103B300081740299C97BC1740299097C017502994B
:103B4000497C41750299897C81750299C97CC1754E
:103B50000299497D01760299097D41760299C97DD4
:103B600081760299897DC1760299497E0177029911
:103B7000097E41770299C97E81770299897EC17752
:103B80006B2180F8201021210CF0EAFFFFE704B040
:103B900080BD00000000000010B582B08C46864653
:103BA00006980599049C8DF807E08DF806C0ADF8DD
:103BB00004208DF803308DF802108DF801009DF877
:103BC000071045F23870C2F200400170FD214170CB
:103BD0009DF8061081709DF80510C1709DF80410C5
:103BE00001719DF8031041719DF813108171BDF8AA
:103BF0001210C1710499090A0172049941729DF869
:103C0000021081729DF8011001F00101C1726B2157
:103C100001730D210CF0A4FF02B010BD00000000E4
:103C200080B582B08DF807009DF8071045F25870F6
:103C3000C2F2004001700E214170522181706B214F
:103C4000C17004210CF08CFF02B080BD00000000A8
:103C500080B582B0844604988DF807C08DF80610B0
:103C6000ADF804208DF803308DF802009DF80710A0
:103C700045F24870C2F200400170F62141709DF893
:103C8000061081709DF80510C1709DF80410017137
:103C90009DF8031041719DF8021001F0010181713E
:103CA0006B21C17108210CF05BFF02B080BD0000E8
:103CB00081B0EFF3108072B60090FFE7FEE70000DE
:103CC00044F60C01C5F60201086840F002000860E5
:103CD000FFE744F60400C5F60200006880040028EF
:103CE00001D4FFE7F5E7704780B546F28C10C2F2C9
:103CF000004003F0FDFE80BD80B546F22C20C2F2EC
:103D0000004003F0F5FE80BD80B546F22C20C2F2E3
:103D1000004003F0EDFE80BD80B546F2CC20C2F23B
:103D2000004003F0E5FE80BD84B002900298406B35
:103D3000009002980068D0F884004FF6FC71884328
:103D4000009940EA810002990968C1F8840002984C
:103D50000068D0F8840020F47F00029A1168926B0A
:103D600040EA0240C1F884000298816B0098084440
:103D7000009002980068D0F888006FF38F000099D7
:103D800040EA810002990968C1F888000298006839
:103D9000D0F8880020F4FE00029A1168D26B40EA45
:103DA0000240C1F888000298C16B009800EB410006
:103DB000009002980068D0F8A0006FF38F0000997F
:103DC00040EA810002990968C1F8A00002980068E1
:103DD000D0F8A00020F4FE00029A1168126C40EAAC
:103DE0000240C1F8A0000299086C496C009A00FBDF
:103DF0000120009002980068D0F8B0006FF38F00A7
:103E0000009940EA810002990968C1F8B00002985F
:103E10000068D0F8B00020F4FE00029A1168926C9D
:103E200040EA0240C1F8B0000299886CC96C009A5F
:103E300000FB0120009002980068D0F8AC006FF3FE
:103E40008F00009940EA810002990968C1F8AC002E
:103E50000299086D496D009A00FB012000900298BC
:103E60000068D0F8F0006FF38F00009940EA8100FD
:103E700002990968C1F8F00002980068D0F8F000D3
:103E800020F47C10029A1168926D40EA0240C1F859
:103E9000F0000298816D009800EB410000900298BC
:103EA0000068D0F8C0006FF38F00009940EA8100ED
:103EB00002990968C1F8C00002980068D0F8C000F3
:103EC00020F47C10029A1168D26D40EA0240C1F8D9
:103ED000C00002980068D0F8C00020F07C50029A20
:103EE0001168126E40EA0260C1F8C00002994A6B84
:103EF0004AF60040C4F2000000EB8200C866029956
:103F00008A6BC86E00EB820008670299CA6B086F63
:103F100000EBC200486702990A6C4B6C486F5A4329
:103F200000EB8200886702998A6CCB6C886F5A43D9
:103F300000EB8200C86702990A6D4B6DC86F5A4347
:103F400000EB8200C1F8800002998A6DD1F88000F0
:103F500000EBC200C1F884000299CA6D8B6ED1F8E3
:103F600084005A4300EB8200C1F8880002990A6E6F
:103F70008B6ED1F888005A4300EB8200C1F89000A4
:103F80000298D0F890004DF2FD31C4F20001884251
:103F90000FD3FFE70299D1F89C0040F02000C1F850
:103FA0009C000299032081F8980001208DF80F00F1
:103FB00017E00298C06E0190FFE701980299D1F8CE
:103FC0009010884208D2FFE7019900200860FFE7BF
:103FD000019804300190F0E7FFE700208DF80F0012
:103FE000FFE79DF80F0004B07047000000000000DC
:103FF00088B007900691059204930698406848B9E6
:10400000FFE70698016882680069104340EA814032
:10401000039009E00698016882680069104308432C
:1040200040F080400390FFE70698D0F820C0C168B8
:1040300042698369C06940EA0C601843104340EA52
:10404000014002900798826ED0F884000499514391
:1040500000EB8100019003980199086001980430F9
:1040600001900298019908600198043001900020A5
:104070000090FFE700980699CA6844F24071C0F6C4
:104080000201895C88420DD2FFE7059800994058EB
:1040900001990860019804300190FFE7009804300E
:1040A0000090E7E708B0704780B584B003900291B4
:1040B0000192039830B1FFE7029818B1FFE7019829
:1040C00008B9FFE72CE0039846F2CC21C2F2004188
:1040D000884201D0FFE723E002984068A0B9FFE7DB
:1040E0000298006840F2072188420DD1FFE701984D
:1040F000009004F099FD0099024645F6C010C2F206
:10410000004019F051F80BE002984068B0F1804F80
:1041100006D1FFE702980068019912F081F9FFE7E4
:1041200004B080BD0000000080B584B0039002910F
:10413000039818B1FFE7029808B9FFE71FE003985A
:10414000406838B9FFE70398006840F2FF118842E1
:1041500001D0FFE713E045F6C010C2F200401BF0AB
:10416000EBFAADF8060004208DF805009DF8070075
:10417000029908719DF8060002994871FFE704B0A2
:1041800080BD00000000000080B584B04EF6000045
:10419000C1F6F170006803904EF60400C1F6F170AC
:1041A000006802904EF60800C1F6F17000680190B8
:1041B0000199039808440390039888B1FFE7039896
:1041C00040F20C11C2F200410091023108220BF0C2
:1041D000CBF800990298123104220BF0C5F8FFE7E2
:1041E00004B080BD0000000080B58AB0089004F0E3
:1041F0001BFD0490089828B9FFE701208DF82700DF
:1042000000F0AABC089890F8350002280ED0FFE70D
:10421000089980204865FFE70899002081F834005C
:10422000FFE701208DF8270000F096BC0898016890
:1042300001201022C4F202029142039000F0A380F8
:10424000FFE70898016801202822C4F20202914287
:10425000039000F09880FFE7089801680120402251
:10426000C4F202029142039000F08D80FFE70898AB
:10427000016801205822C4F202029142039000F02A
:104280008280FFE70898016801207022C4F20202D0
:104290009142039077D0FFE70898016801208822B7
:1042A000C4F20202914203906DD0FFE708980168C2
:1042B0000120A022C4F202029142039063D0FFE7E2
:1042C000089801680120B822C4F2020291420390CA
:1042D00059D0FFE708980168012040F21042C4F26B
:1042E0000202914203904ED0FFE708980168012036
:1042F00040F22842C4F202029142039043D0FFE709
:1043000008980168012040F24042C4F20202914242
:10431000039038D0FFE708980168012040F2584226
:10432000C4F20202914203902DD0FFE70898016881
:10433000012040F27042C4F202029142039022D066
:10434000FFE708980168012040F28842C4F20202A7
:104350009142039017D0FFE708980168012040F2CE
:10436000A042C4F20202914203900CD0FFE70898E9
:1043700000684FF64831CBF6FD710844B0FA80F082
:1043800040090390FFE70398C00780B1FFE7089852
:104390000168086820F01E000860089801684869F4
:1043A00020F08000486108980068059009E00898AE
:1043B0000168086820F00E00086008980068059001
:1043C000FFE70898016801201022C4F2020291421E
:1043D000029000F00381FFE708980168012028227D
:1043E000C4F202029142029000F0F880FFE70898C0
:1043F000016801204022C4F202029142029000F0C2
:10440000ED80FFE70898016801205822C4F20202FB
:104410009142029000F0E280FFE7089801680120D5
:104420007022C4F202029142029000F0D780FFE7AE
:104430000898016801208822C4F202029142029089
:1044400000F0CC80FFE7089801680120A022C4F2A8
:1044500002029142029000F0C180FFE708980168D3
:104460000120B822C4F202029142029000F0B6800C
:10447000FFE708980168012040F21042C4F20202EE
:104480009142029000F0AA80FFE70898016801209D
:1044900040F22842C4F202029142029000F09E8053
:1044A000FFE708980168012040F24042C4F202028E
:1044B0009142029000F09280FFE708980168012085
:1044C00040F25842C4F202029142029000F086800B
:1044D000FFE708980168012040F27042C4F202022E
:1044E000914202907AD0FFE708980168012040F2DB
:1044F0008842C4F20202914202906FD0FFE708980E
:104500000168012040F2A042C4F2020291420290EE
:1045100064D0FFE708980168012040F2B842C4F275
:1045200002029142029059D0FFE7089801680120E9
:1045300045F20842C5F60202914202904ED0FFE7D2
:1045400008980168012045F21C42C5F6020291421A
:10455000029043D0FFE708980168012045F23042FD
:10456000C5F602029142029038D0FFE70898016830
:10457000012045F24442C5F60202914202902DD03C
:10458000FFE708980168012045F25842C5F602028B
:104590009142029022D0FFE708980168012045F27D
:1045A0006C42C5F602029142029017D0FFE70898CC
:1045B0000168012045F28042C5F602029142029054
:1045C0000CD0FFE7089800684AF66C31CAF2FD711A
:1045D0000844B0FA80F040090290FFE70298C00753
:1045E00038B1FFE70898016E086820F48070086011
:1045F000FFE7089800681021C4F20201884200F029
:104600008180FFE7089800682821C4F202018842EF
:1046100078D0FFE7089800684021C4F20201884280
:1046200070D0FFE7089800685821C4F20201884260
:1046300068D0FFE7089800687021C4F20201884240
:1046400060D0FFE7089800688821C4F20201884220
:1046500058D0FFE708980068A021C4F20201884200
:1046600050D0FFE708980068B821C4F202018842E0
:1046700048D0FFE70898006840F21041C4F20201F8
:1046800088423FD0FFE70898006840F22841C4F212
:104690000201884236D0FFE70898006840F24041A6
:1046A000C4F2020188422DD0FFE70898006840F26A
:1046B0005841C4F20201884224D0FFE708980068FC
:1046C00040F27041C4F2020188421BD0FFE7089813
:1046D000006840F28841C4F20201884212D0FFE72C
:1046E0000898006840F2A041C4F20201884209D053
:1046F000FFE70898006840F2B841C4F2020188421E
:1047000007D1FFE708980168086820F001000860F9
:1047100006E008980168086820F001000860FFE7DB
:10472000FFE705980068C007C8B1FFE704F07CFA0E
:104730000499401A062811D3FFE7089920204865FC
:104740000899032081F83500FFE70899002081F8D7
:104750003400FFE701208DF82700FDE1E1E708982C
:10476000016801201022C4F202029142019000F07F
:10477000A380FFE70898016801202822C4F2020202
:104780009142019000F09880FFE7089801680120AD
:104790004022C4F202029142019000F08D80FFE7B6
:1047A0000898016801205822C4F202029142019047
:1047B00000F08280FFE70898016801207022C4F2AF
:1047C00002029142019077D0FFE70898016801202A
:1047D0008822C4F20202914201906DD0FFE708984E
:1047E00001680120A022C4F202029142019063D02C
:1047F000FFE7089801680120B822C4F20202914242
:10480000019059D0FFE708980168012040F210425A
:10481000C4F20202914201904ED0FFE7089801686D
:10482000012040F22842C4F202029142019043D09A
:10483000FFE708980168012040F24042C4F20202FA
:104840009142019038D0FFE708980168012040F2BA
:104850005842C4F20202914201902DD0FFE708981D
:104860000168012040F27042C4F2020291420190BC
:1048700022D0FFE708980168012040F28842C4F284
:1048800002029142019017D0FFE7089801680120C9
:1048900040F2A042C4F20202914201900CD0FFE724
:1048A000089800684FF64831CBF6FD710844B0FA1D
:1048B00080F040090190FFE70198C00760B1FFE771
:1048C0000898806D07900898C06D00F01F013F2088
:1048D0008840079988600BE00898806D06900898DA
:1048E000C06D00F01F010120884006994860FFE775
:1048F0000898016801201022C4F20202914200903F
:1049000000F00381FFE70898016801202822C4F223
:1049100002029142009000F0F880FFE708980168D9
:1049200001204022C4F202029142009000F0ED808A
:10493000FFE70898016801205822C4F20202914260
:10494000009000F0E280FFE70898016801207022E3
:10495000C4F202029142009000F0D780FFE708986D
:10496000016801208822C4F202029142009000F006
:10497000CC80FFE7089801680120A022C4F202025F
:104980009142009000F0C180FFE708980168012083
:10499000B822C4F202029142009000F0B680FFE714
:1049A00008980168012040F21042C4F202029142CC
:1049B000009000F0AA80FFE708980168012040F20B
:1049C0002842C4F202029142009000F09E80FFE76C
:1049D00008980168012040F24042C4F2020291426C
:1049E000009000F09280FFE708980168012040F2F3
:1049F0005842C4F202029142009000F08680FFE724
:104A000008980168012040F27042C4F2020291420B
:104A100000907AD0FFE708980168012040F28842B0
:104A2000C4F20202914200906FD0FFE7089801683B
:104A3000012040F2A042C4F202029142009064D0F0
:104A4000FFE708980168012040F2B842C4F2020270
:104A50009142009059D0FFE708980168012045F283
:104A60000842C5F60202914200904ED0FFE7089836
:104A70000168012045F21C42C5F6020291420090F5
:104A800043D0FFE708980168012045F23042C5F69F
:104A900002029142009038D0FFE708980168012097
:104AA00045F24442C5F60202914200902DD0FFE744
:104AB00008980168012045F25842C5F60202914269
:104AC000009022D0FFE708980168012045F26C426F
:104AD000C5F602029142009017D0FFE708980168DE
:104AE000012045F28042C5F60202914200900CD0AE
:104AF000FFE7089800684AF66C31CAF2FD71084475
:104B0000B0FA80F040090090FFE70098C007A0B11C
:104B1000FFE70898416E806E48600898C06E58B1F3
:104B2000FFE70898C16E086820F480700860089854
:104B3000016F406F4860FFE7FFE70899012081F8A7
:104B40003500FFE70899002081F83400FFE7FFE710
:104B500000208DF82700FFE79DF827000AB080BDF0
:104B600080B586B00490049820B9FFE701208DF845
:104B7000170046E3049890F83500022807D0FFE7B5
:104B800004998020486501208DF8170039E30498C6
:104B9000016801201022C4F202029142029000F04A
:104BA000A380FFE70498016801202822C4F20202D2
:104BB0009142029000F09880FFE70498016801207C
:104BC0004022C4F202029142029000F08D80FFE781
:104BD0000498016801205822C4F202029142029016
:104BE00000F08280FFE70498016801207022C4F27F
:104BF00002029142029077D0FFE7049801680120F9
:104C00008822C4F20202914202906DD0FFE704981C
:104C100001680120A022C4F202029142029063D0F6
:104C2000FFE7049801680120B822C4F20202914211
:104C3000029059D0FFE704980168012040F2104229
:104C4000C4F20202914202904ED0FFE7049801683C
:104C5000012040F22842C4F202029142029043D065
:104C6000FFE704980168012040F24042C4F20202CA
:104C70009142029038D0FFE704980168012040F289
:104C80005842C4F20202914202902DD0FFE70498EC
:104C90000168012040F27042C4F202029142029087
:104CA00022D0FFE704980168012040F28842C4F254
:104CB00002029142029017D0FFE704980168012098
:104CC00040F2A042C4F20202914202900CD0FFE7EF
:104CD000049800684FF64831CBF6FD710844B0FAED
:104CE00080F040090290FFE70298C007002800F01A
:104CF0009D80FFE70499042081F83500049800683E
:104D00001021C4F20201884200F08180FFE704987C
:104D100000682821C4F20201884278D0FFE7049895
:104D200000684021C4F20201884270D0FFE7049875
:104D300000685821C4F20201884268D0FFE7049855
:104D400000687021C4F20201884260D0FFE7049835
:104D500000688821C4F20201884258D0FFE7049815
:104D60000068A021C4F20201884250D0FFE70498F5
:104D70000068B821C4F20201884248D0FFE70498D5
:104D8000006840F21041C4F2020188423FD0FFE7C0
:104D90000498006840F22841C4F20201884236D0EB
:104DA000FFE70498006840F24041C4F202018842E3
:104DB0002DD0FFE70498006840F25841C4F2020188
:104DC000884224D0FFE70498006840F27041C4F2A2
:104DD000020188421BD0FFE70498006840F2884136
:104DE000C4F20201884212D0FFE70498006840F242
:104DF000A041C4F20201884209D0FFE7049800688C
:104E000040F2B841C4F20201884207D1FFE704989A
:104E10000168086820F00100086006E00498016855
:104E2000086820F001000860FFE7E5E104980168E8
:104E3000086820F00E000860049800681021C4F291
:104E40000201884200F08180FFE704980068282171
:104E5000C4F20201884278D0FFE70498006840213C
:104E6000C4F20201884270D0FFE70498006858211C
:104E7000C4F20201884268D0FFE7049800687021FC
:104E8000C4F20201884260D0FFE7049800688821DC
:104E9000C4F20201884258D0FFE704980068A021BC
:104EA000C4F20201884250D0FFE704980068B8219C
:104EB000C4F20201884248D0FFE70498006840F23B
:104EC0001041C4F2020188423FD0FFE70498006815
:104ED00040F22841C4F20201884236D0FFE704982C
:104EE000006840F24041C4F2020188422DD0FFE741
:104EF0000498006840F25841C4F20201884224D06C
:104F0000FFE70498006840F27041C4F20201884251
:104F10001BD0FFE70498006840F28841C4F2020108
:104F2000884212D0FFE70498006840F2A041C4F222
:104F30000201884209D0FFE70498006840F2B841B6
:104F4000C4F20201884207D1FFE7049801680868AB
:104F500020F00100086006E004980168086820F06D
:104F600001000860FFE70498016801201022C4F2E4
:104F700002029142019000F00381FFE7049801686A
:104F800001202822C4F202029142019000F0F88030
:104F9000FFE70498016801204022C4F20202914216
:104FA000019000F0ED80FFE704980168012058228D
:104FB000C4F202029142019000F0E280FFE70498FF
:104FC000016801207022C4F202029142019000F0B7
:104FD000D780FFE70498016801208822C4F202020A
:104FE0009142019000F0CC80FFE704980168012015
:104FF000A022C4F202029142019000F0C180FFE7BA
:10500000049801680120B822C4F202029142019082
:1050100000F0B680FFE704980168012040F21042DA
:10502000C4F202029142019000F0AA80FFE70498C6
:105030000168012040F22842C4F20202914201902C
:1050400000F09E80FFE704980168012040F2404292
:10505000C4F202029142019000F09280FFE70498AE
:105060000168012040F25842C4F2020291420190CC
:1050700000F08680FFE704980168012040F270424A
:10508000C4F20202914201907AD0FFE704980168CD
:10509000012040F28842C4F20202914201906FD096
:1050A000FFE704980168012040F2A042C4F2020226
:1050B0009142019064D0FFE704980168012040F21A
:1050C000B842C4F202029142019059D0FFE704981D
:1050D0000168012045F20842C5F6020291420190A2
:1050E0004ED0FFE704980168012045F21C42C5F646
:1050F00002029142019043D0FFE704980168012029
:1051000045F23042C5F602029142019038D0FFE7E5
:1051100004980168012045F24442C5F6020291421A
:1051200001902DD0FFE704980168012045F2584214
:10513000C5F602029142019022D0FFE7049801686F
:10514000012045F26C42C5F602029142019017D04F
:10515000FFE704980168012045F28042C5F602028B
:10516000914201900CD0FFE7049800684AF66C3138
:10517000CAF2FD710844B0FA80F040090190FFE7DF
:105180000198C00728B3FFE70498016E086820F46F
:10519000807008600498806D03900498C06D00F0E2
:1051A0001F0101208840039948600498416E806E79
:1051B00048600498C06E58B1FFE70498C16E086853
:1051C00020F4807008600498016F406F4860FFE72A
:1051D000FFE70499012081F83500FFE704990020DA
:1051E00081F83400FFE70498006D20B1FFE70498D0
:1051F000016D8847FFE7FFE7FFE700208DF8170004
:10520000FFE79DF8170006B080BD00000000000019
:1052100080B590B00F9000200B9040F25000C2F289
:105220000040006848F2B511C1F64E31A0FB0110F4
:10523000800A0A900F98806D09900F98806D0890F1
:10524000099800680E90089800680D900F98016802
:1052500001201022C4F202029142079000F0A380C4
:10526000FFE70F98016801202822C4F20202914250
:10527000079000F09880FFE70F9801680120402216
:10528000C4F202029142079000F08D80FFE70F9870
:10529000016801205822C4F202029142079000F0F6
:1052A0008280FFE70F98016801207022C4F2020299
:1052B0009142079077D0FFE70F980168012088227C
:1052C000C4F20202914207906DD0FFE70F98016887
:1052D0000120A022C4F202029142079063D0FFE7AE
:1052E0000F9801680120B822C4F20202914207908F
:1052F00059D0FFE70F980168012040F21042C4F234
:105300000202914207904ED0FFE70F9801680120FA
:1053100040F22842C4F202029142079043D0FFE7D4
:105320000F980168012040F24042C4F2020291420B
:10533000079038D0FFE70F980168012040F25842EB
:10534000C4F20202914207902DD0FFE70F98016846
:10535000012040F27042C4F202029142079022D032
:10536000FFE70F980168012040F28842C4F2020270
:105370009142079017D0FFE70F980168012040F293
:10538000A042C4F20202914207900CD0FFE70F98AE
:1053900000684FF64831CBF6FD710844B0FA80F052
:1053A00040090790FFE70798C007002800F0138521
:1053B000FFE70E980F99C96D01F01F01C840000763
:1053C000002840F1B080FFE70F9800681021C4F278
:1053D0000201884200F08180FFE70F9800682821D1
:1053E000C4F20201884278D0FFE70F98006840219C
:1053F000C4F20201884270D0FFE70F98006858217C
:10540000C4F20201884268D0FFE70F98006870215B
:10541000C4F20201884260D0FFE70F98006888213B
:10542000C4F20201884258D0FFE70F980068A0211B
:10543000C4F20201884250D0FFE70F980068B821FB
:10544000C4F20201884248D0FFE70F98006840F29A
:105450001041C4F2020188423FD0FFE70F98006874
:1054600040F22841C4F20201884236D0FFE70F988B
:10547000006840F24041C4F2020188422DD0FFE7AB
:105480000F98006840F25841C4F20201884224D0CB
:10549000FFE70F98006840F27041C4F202018842B1
:1054A0001BD0FFE70F98006840F28841C4F2020168
:1054B000884212D0FFE70F98006840F2A041C4F282
:1054C0000201884209D0FFE70F98006840F2B84116
:1054D000C4F20201884207D1FFE70F980068006814
:1054E00000F00400069006E00F980068006800F0E5
:1054F00008000690FFE70698A0B1FFE70F98016843
:10550000086820F0040008600F98C06D00F01F01CB
:1055100008208840099988600F99486D40F0010083
:105520004865FFE7FFE70E980F99C96D01F01F016D
:10553000C840C007002800F0A980FFE70F98006866
:105540001021C4F20201884200F08180FFE70F9829
:1055500000682821C4F20201884278D0FFE70F9842
:1055600000684021C4F20201884270D0FFE70F9822
:1055700000685821C4F20201884268D0FFE70F9802
:1055800000687021C4F20201884260D0FFE70F98E2
:1055900000688821C4F20201884258D0FFE70F98C2
:1055A0000068A021C4F20201884250D0FFE70F98A2
:1055B0000068B821C4F20201884248D0FFE70F9882
:1055C000006840F21041C4F2020188423FD0FFE778
:1055D0000F98006840F22841C4F20201884236D098
:1055E000FFE70F98006840F24041C4F20201884290
:1055F0002DD0FFE70F98006840F25841C4F2020135
:10560000884224D0FFE70F98006840F27041C4F24E
:10561000020188421BD0FFE70F98006840F28841E2
:10562000C4F20201884212D0FFE70F98006840F2EE
:10563000A041C4F20201884209D0FFE70F98006838
:1056400040F2B841C4F20201884207D1FFE70F9847
:105650000068406900F08000059005E00F98006840
:10566000006800200590FFE7059870B1FFE70F98EC
:10567000C06D00F01F0101208840099988600F99D2
:10568000486D40F002004865FFE7FFE70E980F996C
:10569000C96D01F01F01C8404007002840F1A980F2
:1056A000FFE70F9800681021C4F20201884200F061
:1056B0008180FFE70F9800682821C4F20201884228
:1056C00078D0FFE70F9800684021C4F202018842B9
:1056D00070D0FFE70F9800685821C4F20201884299
:1056E00068D0FFE70F9800687021C4F20201884279
:1056F00060D0FFE70F9800688821C4F20201884259
:1057000058D0FFE70F980068A021C4F20201884238
:1057100050D0FFE70F980068B821C4F20201884218
:1057200048D0FFE70F98006840F21041C4F2020130
:1057300088423FD0FFE70F98006840F22841C4F24A
:105740000201884236D0FFE70F98006840F24041DE
:10575000C4F2020188422DD0FFE70F98006840F2A2
:105760005841C4F20201884224D0FFE70F98006834
:1057700040F27041C4F2020188421BD0FFE70F984B
:10578000006840F28841C4F20201884212D0FFE76B
:105790000F98006840F2A041C4F20201884209D08B
:1057A000FFE70F98006840F2B841C4F20201884256
:1057B00007D1FFE70F980068006800F0020004902E
:1057C00005E00F980068006800200490FFE7049847
:1057D00070B1FFE70F98C06D00F01F0104208840F2
:1057E000099988600F99486D40F004004865FFE70B
:1057F000FFE70E980F99C96D01F01F01C840C00660
:10580000002840F1DE80FFE70F9800681021C4F205
:105810000201884200F08180FFE70F98006828218C
:10582000C4F20201884278D0FFE70F980068402157
:10583000C4F20201884270D0FFE70F980068582137
:10584000C4F20201884268D0FFE70F980068702117
:10585000C4F20201884260D0FFE70F9800688821F7
:10586000C4F20201884258D0FFE70F980068A021D7
:10587000C4F20201884250D0FFE70F980068B821B7
:10588000C4F20201884248D0FFE70F98006840F256
:105890001041C4F2020188423FD0FFE70F98006830
:1058A00040F22841C4F20201884236D0FFE70F9847
:1058B000006840F24041C4F2020188422DD0FFE767
:1058C0000F98006840F25841C4F20201884224D087
:1058D000FFE70F98006840F27041C4F2020188426D
:1058E0001BD0FFE70F98006840F28841C4F2020124
:1058F000884212D0FFE70F98006840F2A041C4F23E
:105900000201884209D0FFE70F98006840F2B841D1
:10591000C4F20201884207D1FFE70F9800680068CF
:1059200000F00800039006E00F980068006800F09F
:1059300004000390FFE70398002841D0FFE70F9889
:10594000C06D00F01F0110208840099988600F98F1
:1059500000680068400300281AD5FFE70F98006828
:1059600000680003002809D4FFE70F98006C20B1FD
:10597000FFE70F98016C8847FFE708E00F98806CFD
:1059800020B1FFE70F98816C8847FFE7FFE716E03B
:105990000F9800680068C005002807D4FFE70F983B
:1059A0000168086820F008000860FFE70F98006CA5
:1059B00020B1FFE70F98016C8847FFE7FFE7FFE79B
:1059C000FFE70E980F99C96D01F01F01C8408006CE
:1059D000002840F12681FFE70F9800681021C4F2EB
:1059E0000201884200F08180FFE70F9800682821BB
:1059F000C4F20201884278D0FFE70F980068402186
:105A0000C4F20201884270D0FFE70F980068582165
:105A1000C4F20201884268D0FFE70F980068702145
:105A2000C4F20201884260D0FFE70F980068882125
:105A3000C4F20201884258D0FFE70F980068A02105
:105A4000C4F20201884250D0FFE70F980068B821E5
:105A5000C4F20201884248D0FFE70F98006840F284
:105A60001041C4F2020188423FD0FFE70F9800685E
:105A700040F22841C4F20201884236D0FFE70F9875
:105A8000006840F24041C4F2020188422DD0FFE795
:105A90000F98006840F25841C4F20201884224D0B5
:105AA000FFE70F98006840F27041C4F2020188429B
:105AB0001BD0FFE70F98006840F28841C4F2020152
:105AC000884212D0FFE70F98006840F2A041C4F26C
:105AD0000201884209D0FFE70F98006840F2B84100
:105AE000C4F20201884207D1FFE70F9800680068FE
:105AF00000F01000029006E00F980068006800F0C7
:105B000002000290FFE70298002800F08980FFE77A
:105B10000F98C06D00F01F0120208840099988600F
:105B20000F9890F83500042837D1FFE70F980168E7
:105B3000086820F0160008600F980168486920F096
:105B4000800048610F98006C20B9FFE70F98806CC7
:105B500038B1FFE70F980168086820F00800086076
:105B6000FFE70F98C06D00F01F013F2088400999A2
:105B700088600F99012081F83500FFE70F99002018
:105B800081F83400FFE70F98006D20B1FFE70F9810
:105B9000016D8847FFE700F019BC0F9800680068A6
:105BA000400300281AD5FFE70F980068006800033B
:105BB000002809D4FFE70F98406C20B1FFE70F9849
:105BC000416C8847FFE708E00F98C06B20B1FFE702
:105BD0000F98C16B8847FFE7FFE720E00F98006848
:105BE0000068C005002811D4FFE70F980168086815
:105BF00020F0100008600F99012081F83500FFE7C0
:105C00000F99002081F83400FFE7FFE70F98C06B81
:105C100020B1FFE70F98C16B8847FFE7FFE7FFE779
:105C2000FFE70F98406D002800F0D480FFE70F9841
:105C3000406DC007002800F0C480FFE70F990420E2
:105C400081F835000F9800681021C4F202018842E3
:105C500000F08180FFE70F9800682821C4F202015C
:105C6000884278D0FFE70F9800684021C4F2020113
:105C7000884270D0FFE70F9800685821C4F20201F3
:105C8000884268D0FFE70F9800687021C4F20201D3
:105C9000884260D0FFE70F9800688821C4F20201B3
:105CA000884258D0FFE70F980068A021C4F2020193
:105CB000884250D0FFE70F980068B821C4F2020173
:105CC000884248D0FFE70F98006840F21041C4F2C4
:105CD000020188423FD0FFE70F98006840F2284158
:105CE000C4F20201884236D0FFE70F98006840F204
:105CF0004041C4F2020188422DD0FFE70F980068AE
:105D000040F25841C4F20201884224D0FFE70F98C4
:105D1000006840F27041C4F2020188421BD0FFE7E4
:105D20000F98006840F28841C4F20201884212D004
:105D3000FFE70F98006840F2A041C4F202018842D8
:105D400009D0FFE70F98006840F2B841C4F20201A1
:105D5000884207D1FFE70F980168086820F001002A
:105D6000086006E00F980168086820F001000860EC
:105D7000FFE7FFE70B9801300B900A99884201D9A1
:105D8000FFE707E0FFE70F9800680068C0070028FA
:105D9000F0D1FFE70F9800680068C00728B1FFE75F
:105DA0000F99032081F8350004E00F99012081F854
:105DB0003500FFE7FFE70F99002081F83400FFE787
:105DC000FFE70F98C06C20B1FFE70F98C16C8847C0
:105DD000FFE7FFE7FAE20F980168012045F2084269
:105DE000C5F60202914201904ED0FFE70F9801687C
:105DF000012045F21C42C5F602029142019043D0B7
:105E0000FFE70F980168012045F23042C5F6020213
:105E10009142019038D0FFE70F980168012045F2C8
:105E20004442C5F60202914201902DD0FFE70F983F
:105E30000168012045F25842C5F6020291420190E4
:105E400022D0FFE70F980168012045F26C42C5F6A9
:105E500002029142019017D0FFE70F9801680120DC
:105E600045F28042C5F60202914201900CD0FFE754
:105E70000F9800684AF66C31CAF2FD710844B0FA16
:105E800080F040090190FFE70198C007002800F06A
:105E90009B82FFE70F98006800680C900D980F999F
:105EA000C96D01F01F01C8404007002840F1D780AC
:105EB000FFE79DF830004007002840F1D080FFE761
:105EC0000F98C06D00F01F010420884008994860B9
:105ED0009DF831000006002818D5FFE79DF8320034
:105EE000C00748B9FFE70F98806C20B1FFE70F9813
:105EF000816C8847FFE708E00F98006C20B1FFE74E
:105F00000F98016C8847FFE7FFE7A7E09DF8300096
:105F10008006002800F19980FFE70F9800681021A3
:105F2000C4F20201884200F08180FFE70F98006808
:105F30002821C4F20201884278D0FFE70F98006858
:105F40004021C4F20201884270D0FFE70F98006838
:105F50005821C4F20201884268D0FFE70F98006818
:105F60007021C4F20201884260D0FFE70F980068F8
:105F70008821C4F20201884258D0FFE70F980068D8
:105F8000A021C4F20201884250D0FFE70F980068B8
:105F9000B821C4F20201884248D0FFE70F98006898
:105FA00040F21041C4F2020188423FD0FFE70F984F
:105FB000006840F22841C4F20201884236D0FFE76F
:105FC0000F98006840F24041C4F2020188422DD08F
:105FD000FFE70F98006840F25841C4F2020188427E
:105FE00024D0FFE70F98006840F27041C4F202012C
:105FF00088421BD0FFE70F98006840F28841C4F246
:106000000201884212D0FFE70F98006840F2A041D9
:10601000C4F20201884209D0FFE70F98006840F2FD
:10602000B841C4F20201884207D1FFE70F98016826
:10603000086820F00800086006E00F98016808680A
:1060400020F004000860FFE7FFE70F98006C20B124
:10605000FFE70F98016C8847FFE7FFE7B3E10D9872
:106060000F99C96D01F01F01C8408007002840F159
:10607000E180FFE79DF830008007002840F1DA80DA
:10608000FFE70F98C06D00F01F01022088400899BB
:1060900048609DF831000006002818D5FFE79DF8FC
:1060A0003200C00748B9FFE70F98406C20B1FFE706
:1060B0000F98416C8847FFE708E00F98C06B20B14C
:1060C000FFE70F98C16B8847FFE7FFE7B1E09DF856
:1060D00030008006002800F1A380FFE70F980068D9
:1060E0001021C4F20201884200F08180FFE70F987E
:1060F00000682821C4F20201884278D0FFE70F9897
:1061000000684021C4F20201884270D0FFE70F9876
:1061100000685821C4F20201884268D0FFE70F9856
:1061200000687021C4F20201884260D0FFE70F9836
:1061300000688821C4F20201884258D0FFE70F9816
:106140000068A021C4F20201884250D0FFE70F98F6
:106150000068B821C4F20201884248D0FFE70F98D6
:10616000006840F21041C4F2020188423FD0FFE7CC
:106170000F98006840F22841C4F20201884236D0EC
:10618000FFE70F98006840F24041C4F202018842E4
:106190002DD0FFE70F98006840F25841C4F2020189
:1061A000884224D0FFE70F98006840F27041C4F2A3
:1061B000020188421BD0FFE70F98006840F2884137
:1061C000C4F20201884212D0FFE70F98006840F243
:1061D000A041C4F20201884209D0FFE70F9800688D
:1061E00040F2B841C4F20201884207D1FFE70F989C
:1061F0000168086820F01400086006E00F98016844
:10620000086820F00A000860FFE70F99012081F874
:106210003500FFE70F99002081F83400FFE7FFE722
:106220000F98C06B20B1FFE70F98C16B8847FFE75D
:10623000FFE7C7E00D980F99C96D01F01F01C84035
:106240000007002840F1BC80FFE79DF83000000700
:10625000002840F1B580FFE70F9800681021C4F2D4
:106260000201884200F08180FFE70F980068282132
:10627000C4F20201884278D0FFE70F9800684021FD
:10628000C4F20201884270D0FFE70F9800685821DD
:10629000C4F20201884268D0FFE70F9800687021BD
:1062A000C4F20201884260D0FFE70F98006888219D
:1062B000C4F20201884258D0FFE70F980068A0217D
:1062C000C4F20201884250D0FFE70F980068B8215D
:1062D000C4F20201884248D0FFE70F98006840F2FC
:1062E0001041C4F2020188423FD0FFE70F980068D6
:1062F00040F22841C4F20201884236D0FFE70F98ED
:10630000006840F24041C4F2020188422DD0FFE70C
:106310000F98006840F25841C4F20201884224D02C
:10632000FFE70F98006840F27041C4F20201884212
:106330001BD0FFE70F98006840F28841C4F20201C9
:10634000884212D0FFE70F98006840F2A041C4F2E3
:106350000201884209D0FFE70F98006840F2B84177
:10636000C4F20201884207D1FFE70F98016808686C
:1063700020F01C00086006E00F980168086820F013
:106380000E000860FFE70F98C06D00F01F010120AC
:1063900000FA01F1089A51600F9948650F9981F848
:1063A0003500FFE70F99002081F83400FFE70F98D0
:1063B000C06C20B1FFE70F98C16C8847FFE700E091
:1063C000FFE7FFE7FFE700E0FFE7FFE710B080BD72
:1063D00010B58EB00C9002F027FC0A900C9828B9EA
:1063E000FFE701208DF8370000F09EBC0C98016893
:1063F00001201022C4F202029142079000F0A38013
:10640000FFE70C98016801202822C4F202029142A1
:10641000079000F09880FFE70C9801680120402267
:10642000C4F202029142079000F08D80FFE70C98C1
:10643000016801205822C4F202029142079000F044
:106440008280FFE70C98016801207022C4F20202EA
:106450009142079077D0FFE70C98016801208822CD
:10646000C4F20202914207906DD0FFE70C980168D8
:106470000120A022C4F202029142079063D0FFE7FC
:106480000C9801680120B822C4F2020291420790E0
:1064900059D0FFE70C980168012040F21042C4F285
:1064A0000202914207904ED0FFE70C98016801204C
:1064B00040F22842C4F202029142079043D0FFE723
:1064C0000C980168012040F24042C4F2020291425D
:1064D000079038D0FFE70C980168012040F258423D
:1064E000C4F20202914207902DD0FFE70C98016898
:1064F000012040F27042C4F202029142079022D081
:10650000FFE70C980168012040F28842C4F20202C1
:106510009142079017D0FFE70C980168012040F2E4
:10652000A042C4F20202914207900CD0FFE70C98FF
:1065300000684FF64831CBF6FD710844B0FA80F0A0
:1065400040090790FFE70798C007002800F078810E
:10655000FFE70C98406A08B1FFE7FFE70C990220BB
:1065600081F83500FFE70C99002081F83400FFE73F
:106570000C9800681021C4F20201884200F081806A
:10658000FFE70C9800682821C4F20201884278D005
:10659000FFE70C9800684021C4F20201884270D0E5
:1065A000FFE70C9800685821C4F20201884268D0C5
:1065B000FFE70C9800687021C4F20201884260D0A5
:1065C000FFE70C9800688821C4F20201884258D085
:1065D000FFE70C980068A021C4F20201884250D065
:1065E000FFE70C980068B821C4F20201884248D045
:1065F000FFE70C98006840F21041C4F202018842A3
:106600003FD0FFE70C98006840F22841C4F2020135
:10661000884236D0FFE70C98006840F24041C4F24F
:10662000020188422DD0FFE70C98006840F25841E3
:10663000C4F20201884224D0FFE70C98006840F2BF
:106640007041C4F2020188421BD0FFE70C98006839
:1066500040F28841C4F20201884212D0FFE70C9850
:10666000006840F2A041C4F20201884209D0FFE76D
:106670000C98006840F2B841C4F20201884207D188
:10668000FFE70C980168086820F00100086006E048
:106690000C980168086820F001000860FFE7FFE738
:1066A0000C9800680068C00798B1FFE702F0BCFAD8
:1066B0000A99401A06280BD3FFE70C992020486559
:1066C0000C99032081F8350001208DF837002BE369
:1066D000E6E70C98006800680B900B9848F23F01C1
:1066E000CFF6106108400B900C998868D1F80CC067
:1066F0000B694A6940EA0C00184310438A69104349
:10670000CA691043096A01430B9808430B900C981F
:10671000406A042808D1FFE70C99C86A096B014355
:106720000B9808430B90FFE70C984068292807D383
:10673000FFE70C98416801202F29069036D3FFE728
:106740000C9840683F2807D3FFE70C984168012068
:10675000432906902AD3FFE70C984068472807D3BF
:10676000FFE70C9841680120492906901ED3FFE7F6
:106770000C9840684F2807D3FFE70C984168012028
:106780005329069012D3FFE70C9841680020742922
:10679000059008D3FFE70C9841680020782938BF9E
:1067A00001200590FFE705980690FFE70698C007CF
:1067B00028B1FFE70B9840F480100B90FFE70B988F
:1067C0000C99096808600C98006840690B900B9858
:1067D00020F007000B900C98416A0B9808430B902F
:1067E0000C98406A04281AD1FFE70C98816A0B982C
:1067F00008430B900C98C06A80B1FFE70C98FCF737
:1068000023FE50B1FFE70C99402048650C99012008
:1068100081F835008DF8370086E2FFE7FFE70B9837
:106820000C99096848610C98FCF7D2FB09900C9808
:10683000C06D00F01F013F2088400999886026E163
:106840000C980168012045F20842C5F60202914207
:1068500004904ED0FFE70C980168012045F21C42DD
:10686000C5F602029142049043D0FFE70C980168FC
:10687000012045F23042C5F602029142049038D020
:10688000FFE70C980168012045F24442C5F6020278
:10689000914204902DD0FFE70C980168012045F249
:1068A0005842C5F602029142049022D0FFE70C98AC
:1068B0000168012045F26C42C5F602029142049043
:1068C00017D0FFE70C980168012045F28042C5F619
:1068D0000202914204900CD0FFE70C9800684AF63F
:1068E0006C31CAF2FD710844B0FA80F0400904909E
:1068F000FFE70498C007002800F0BD80FFE70C9870
:106900000168012045F20842C5F602029142039057
:106910004ED0FFE70C980168012045F21C42C5F6F5
:1069200002029142039043D0FFE70C9801680120D6
:1069300045F23042C5F602029142039038D0FFE79B
:106940000C980168012045F24442C5F602029142CA
:1069500003902DD0FFE70C980168012045F25842C2
:10696000C5F602029142039022D0FFE70C9801681D
:10697000012045F26C42C5F602029142039017D005
:10698000FFE70C980168012045F28042C5F602023B
:10699000914203900CD0FFE70C9800684AF66C31E6
:1069A000CAF2FD710844B0FA80F040090390FFE795
:1069B0000398C00708B1FFE7FFE70C99022081F8B0
:1069C0003500FFE70C99002081F83400FFE70C98B0
:1069D000006800680B900B986FF310100B900C98E8
:1069E0008068402803D1FFE71020029008E00C984F
:1069F00080688038B0FA80F0400980030290FFE799
:106A000002980C99CA680B69D1F814C0D1F818E043
:106A1000CC694EEA040E4CEA0E0C43EA0C031A430E
:106A200040EAD200096A40EA11110B9808430B9022
:106A30000B980C99096808600C9908684AF6F832B6
:106A4000CAF2FD7210444CF6CD42CCF6CC42A0FB0B
:106A500002026FF0030000EA9200C8650C98FCF790
:106A6000B7FA08900C98C06D00F01F010120884013
:106A7000089948600AE00C99402048650C99032069
:106A800081F8350001208DF837004DE1FFE70C98C3
:106A9000016801201022C4F202029142019000F02C
:106AA0000381FFE70C98016801202822C4F202024A
:106AB0009142019000F0F880FFE70C9801680120F6
:106AC0004022C4F202029142019000F0ED80FFE703
:106AD0000C98016801205822C4F2020291420190F0
:106AE00000F0E280FFE70C98016801207022C4F2F8
:106AF00002029142019000F0D780FFE70C980168F4
:106B000001208822C4F202029142019000F0CC8060
:106B1000FFE70C9801680120A022C4F20202914212
:106B2000019000F0C180FFE70C9801680120B822B5
:106B3000C4F202029142019000F0B680FFE70C9887
:106B40000168012040F21042C4F202029142019019
:106B500000F0AA80FFE70C980168012040F228426B
:106B6000C4F202029142019000F09E80FFE70C986F
:106B70000168012040F24042C4F2020291420190B9
:106B800000F09280FFE70C980168012040F2584223
:106B9000C4F202029142019000F08680FFE70C9857
:106BA0000168012040F27042C4F202029142019059
:106BB0007AD0FFE70C980168012040F28842C4F2C5
:106BC0000202914201906FD0FFE70C98016801200A
:106BD00040F2A042C4F202029142019064D0FFE769
:106BE0000C980168012040F2B842C4F202029142BE
:106BF000019059D0FFE70C980168012045F2084246
:106C0000C5F60202914201904ED0FFE70C98016850
:106C1000012045F21C42C5F602029142019043D088
:106C2000FFE70C980168012045F23042C5F60202E8
:106C30009142019038D0FFE70C980168012045F29D
:106C40004442C5F60202914201902DD0FFE70C9814
:106C50000168012045F25842C5F6020291420190B6
:106C600022D0FFE70C980168012045F26C42C5F67E
:106C700002029142019017D0FFE70C9801680120B1
:106C800045F28042C5F60202914201900CD0FFE726
:106C90000C9800684AF66C31CAF2FD710844B0FAEB
:106CA00080F040090190FFE70198C00790B3FFE72B
:106CB0000C98FCF775FA0C988068802804D1FFE7DF
:106CC0000C9900204860FFE70C990879096E08606C
:106CD0000C98416E806E48600C98406888B1FFE760
:106CE0000C98406808280CD8FFE70C98FCF714FBB8
:106CF0000C98C16E002008600C98016F406F4860CE
:106D000007E00C990020C8660C9908670C99486741
:106D1000FFE7FFE70C99002048650C9A012182F8F3
:106D200035108DF83700FFE79DF837000EB010BD25
:106D300080B588B0069005910492039300208DF8E9
:106D40000B00069820B9FFE701208DF81F006CE3C7
:106D5000FFE7069890F83400012804D1FFE70220ED
:106D60008DF81F0061E30699012081F83400FFE7E8
:106D7000FFE7069890F83500012840F04383FFE7CD
:106D80000699022081F8350006990020486506988A
:106D900000681021C4F20201884200F08180FFE700
:106DA000069800682821C4F20201884278D0FFE7E3
:106DB000069800684021C4F20201884270D0FFE7C3
:106DC000069800685821C4F20201884268D0FFE7A3
:106DD000069800687021C4F20201884260D0FFE783
:106DE000069800688821C4F20201884258D0FFE763
:106DF00006980068A021C4F20201884250D0FFE743
:106E000006980068B821C4F20201884248D0FFE722
:106E10000698006840F21041C4F2020188423FD057
:106E2000FFE70698006840F22841C4F20201884258
:106E300036D0FFE70698006840F24041C4F20201F4
:106E400088422DD0FFE70698006840F25841C4F20E
:106E50000201884224D0FFE70698006840F27041A2
:106E6000C4F2020188421BD0FFE70698006840F296
:106E70008841C4F20201884212D0FFE706980068F8
:106E800040F2A041C4F20201884209D0FFE706980F
:106E9000006840F2B841C4F20201884207D1FFE71E
:106EA00006980168086820F00100086006E006986E
:106EB0000168086820F001000860FFE7069805995E
:106EC000049A039BFCF738FB069801680120102206
:106ED000C4F202029142019000F0A380FFE70698FD
:106EE000016801202822C4F202029142019000F0C0
:106EF0009880FFE70698016801204022C4F2020250
:106F00009142019000F08D80FFE706980168012012
:106F10005822C4F202029142019000F08280FFE701
:106F20000698016801207022C4F202029142019089
:106F300077D0FFE70698016801208822C4F2020298
:106F4000914201906DD0FFE7069801680120A022D0
:106F5000C4F202029142019063D0FFE706980168F3
:106F60000120B822C4F202029142019059D0FFE7F9
:106F700006980168012040F21042C4F202029142D8
:106F800001904ED0FFE706980168012040F22842A8
:106F9000C4F202029142019043D0FFE706980168D3
:106FA000012040F24042C4F202029142019038D0E6
:106FB000FFE706980168012040F25842C4F202023D
:106FC000914201902DD0FFE706980168012040F220
:106FD0007042C4F202029142019022D0FFE706986B
:106FE0000168012040F28842C4F2020291420190FD
:106FF00017D0FFE706980168012040F2A042C4F2D2
:107000000202914201900CD0FFE7069800684FF60B
:107010004831CBF6FD710844B0FA80F04009019088
:10702000FFE70198C007A8B1FFE70698006800686D
:107030000B2161F344000699096808600698006C0A
:1070400038B1FFE706980168086840F0080008605A
:10705000FFE714E0069800680068052161F343002B
:107060000699096808600698006C38B1FFE7069831
:107070000168086840F004000860FFE7FFE7069831
:10708000016801201022C4F202029142009000F037
:107090000381FFE70698016801202822C4F202025A
:1070A0009142009000F0F880FFE706980168012007
:1070B0004022C4F202029142009000F0ED80FFE70E
:1070C0000698016801205822C4F202029142009001
:1070D00000F0E280FFE70698016801207022C4F208
:1070E00002029142009000F0D780FFE70698016805
:1070F00001208822C4F202029142009000F0CC806C
:10710000FFE7069801680120A022C4F20202914222
:10711000009000F0C180FFE7069801680120B822C6
:10712000C4F202029142009000F0B680FFE7069898
:107130000168012040F21042C4F202029142009024
:1071400000F0AA80FFE706980168012040F228427B
:10715000C4F202029142009000F09E80FFE7069880
:107160000168012040F24042C4F2020291420090C4
:1071700000F09280FFE706980168012040F2584233
:10718000C4F202029142009000F08680FFE7069868
:107190000168012040F27042C4F202029142009064
:1071A0007AD0FFE706980168012040F28842C4F2D5
:1071B0000202914200906FD0FFE70698016801201B
:1071C00040F2A042C4F202029142009064D0FFE774
:1071D00006980168012040F2B842C4F202029142CE
:1071E000009059D0FFE706980168012045F2084257
:1071F000C5F60202914200904ED0FFE70698016862
:10720000012045F21C42C5F602029142009043D093
:10721000FFE706980168012045F23042C5F60202F8
:107220009142009038D0FFE706980168012045F2AE
:107230004442C5F60202914200902DD0FFE7069825
:107240000168012045F25842C5F6020291420090C1
:1072500022D0FFE706980168012045F26C42C5F68E
:1072600002029142009017D0FFE7069801680120C2
:1072700045F28042C5F60202914200900CD0FFE731
:10728000069800684AF66C31CAF2FD710844B0FAFB
:1072900080F040090090FFE70098C007D0B1FFE7F9
:1072A0000698006E0068C003002807D5FFE706981F
:1072B000016E086840F480700860FFE70698C06EB1
:1072C00038B1FFE70698C16E086840F48070086026
:1072D000FFE7FFE7069800681021C4F20201884228
:1072E00000F08180FFE7069800682821C4F20201BF
:1072F000884278D0FFE7069800684021C4F2020176
:10730000884270D0FFE7069800685821C4F2020155
:10731000884268D0FFE7069800687021C4F2020135
:10732000884260D0FFE7069800688821C4F2020115
:10733000884258D0FFE706980068A021C4F20201F5
:10734000884250D0FFE706980068B821C4F20201D5
:10735000884248D0FFE70698006840F21041C4F226
:10736000020188423FD0FFE70698006840F22841BA
:10737000C4F20201884236D0FFE70698006840F266
:107380004041C4F2020188422DD0FFE70698006810
:1073900040F25841C4F20201884224D0FFE7069827
:1073A000006840F27041C4F2020188421BD0FFE73E
:1073B0000698006840F28841C4F20201884212D067
:1073C000FFE70698006840F2A041C4F2020188423B
:1073D00009D0FFE70698006840F2B841C4F2020104
:1073E000884207D1FFE706980168086840F001006D
:1073F000086006E006980168086840F0010008602F
:10740000FFE70DE006994FF400604865FFE7069935
:10741000002081F83400FFE701208DF80B00FFE722
:107420009DF80B008DF81F00FFE79DF81F0008B0C6
:1074300080BD00000000000080B584B0039001F022
:10744000F3FB0290039801900198013048B1FFE7E7
:1074500040F2DC30C2F2004001780198084401900B
:10746000FFE7FFE701F0E0FB0299401A019988422B
:1074700001D2FFE7F6E704B080BD00000000000085
:1074800085B0039002910192039890F898008DF8CE
:1074900003009DF80300012805D0FFE79DF80300D5
:1074A00002285DD1FFE7029803990968896D0842B7
:1074B00007D1FFE703980168C86D40F00100C86577
:1074C00015E0029803990968896D0840029988427D
:1074D00007D1FFE703980168C86D40F00200C86556
:1074E00004E0039801680320C865FFE7FFE79DF803
:1074F00009008007002809D5FFE7019A0398016871
:10750000D1F8E0001043C1F8E000FFE79DF8090062
:107510004007002809D5FFE7019A03980168D1F8D0
:10752000E4001043C1F8E400FFE7FFE702984FF6DC
:10753000FF71C3F6CF7100EA010203980168486D3C
:1075400010434865029A4AF61401C4F20001086823
:1075500040EA92700860FFE700208DF813000AE00F
:107560000399D1F89C0040F00200C1F89C00012072
:107570008DF81300FFE79DF8130005B07047000079
:1075800080B586B00490039102920398406808B9D0
:10759000FFE700E0FFE7049890F89800022845D143
:1075A000FFE704980068D0F8C00010F07C5F0BD1B2
:1075B000FFE70499D1F89C0040F02000C1F89C003E
:1075C00001208DF817003CE004980068D0F8C40052
:1075D000800200280BD5FFE70499D1F89C0040F405
:1075E0000070C1F89C0001208DF8170029E0049874
:1075F0000068D0F8C400C0F30440019004980399D7
:10760000029A019BFCF7F4FC0199012000FA01F1B8
:10761000049A1268C2F8D010019988400499C1F800
:107620009400FFE700208DF817000AE00499D1F8D4
:107630009C0040F00800C1F89C0001208DF8170064
:10764000FFE79DF8170006B080BD000000000000B5
:1076500082B00190009102B070470000000000006D
:1076600087B005900491059890F898008DF8030074
:107670009DF80300012805D0FFE79DF803000228CC
:107680006AD1FFE70498C068072801D1FFE7FFE748
:107690000498006878BBFFE70498C068072801D009
:1076A000FFE7FFE70498C06807280CD1FFE7049ABA
:1076B00010699169D269000440EA0220084340F051
:1076C000605003900CE004998868CB680A694969A6
:1076D000800740EAC36040EA024008430390FFE7A6
:1076E0000598C06E0499496800EB810001900398E9
:1076F000019908602CE00498C068072801D0FFE7D2
:10770000FFE70498C168006940EA4170039004985B
:10771000C068072804D1FFE704988069029006E05A
:1077200004988168406940EA81700290FFE70598FB
:10773000006F0499496800EBC1000190039801991A
:107740000860019804300190029801990860FFE7F1
:1077500000208DF81B000AE00599D1F89C0040F04C
:107760000200C1F89C0001208DF81B00FFE79DF886
:107770001B0007B07047000085B0DDF814C003900F
:10778000029101920093039890F89800012812D179
:10779000FFE702980001019940EA8100009940EA60
:1077A00041000599084303990968C1F88000002049
:1077B0008DF813000AE00399D1F89C0040F0040012
:1077C000C1F89C0001208DF81300FFE79DF813001D
:1077D00005B070470000000081B0009001B0704714
:1077E00082B00190009102B07047000000000000DC
:1077F0008AB008900791069205930020019008989E
:1078000090F898008DF803009DF80300022840F0DE
:107810005C81FFE70798402851D1FFE7089800688E
:10782000D0F8A00010F4FE0F0BD1FFE70899D1F8B3
:107830009C0040F02000C1F89C0001208DF827003A
:107840004EE108980068D0F8A400400658B9FFE758
:107850000899D1F89C0040F48070C1F89C00012088
:107860008DF827003CE108980068D0F8A40000F0EB
:1078700080710120B0EB116F0DD1FFE7089800680F
:10788000D0F8A0100120B0EBD17F03D1FFE7012099
:107890000190FFE7FFE708980068D0F8A40000F423
:1078A0007C51019800EB112001900898426C406FC8
:1078B0000199514300EB81000490FFE770E00798C5
:1078C000412851D1FFE708980068D0F8B00010F4C3
:1078D000FE0F0BD1FFE70899D1F89C0040F0200083
:1078E000C1F89C0001208DF82700F9E00898006895
:1078F000D0F8B400400658B9FFE70899D1F89C00C9
:1079000040F48070C1F89C0001208DF82700E7E06A
:1079100008980068D0F8B40000F080710120B0EB46
:10792000116F0DD1FFE708980068D0F8B010012062
:10793000B0EBD17F03D1FFE701200190FFE7FFE724
:1079400008980068D0F8B40000F47C51019800EB6E
:10795000112001900898C26C806F0199514300EB8F
:1079600081000490FFE71AE007980899096D8842A2
:107970000BD3FFE70899D1F89C0040F02000C1F834
:107980009C0001208DF82700AAE00898426DC06F86
:107990000799514300EB81000490FFE7FFE7FFE701
:1079A0000498006800F08040069948600698406896
:1079B00038B9FFE704980068C0F38A400699086068
:1079C00006E00498006820F0604006990860FFE730
:1079D0000498006800F000500699886004980068D8
:1079E00000F000400699086104980430049004985F
:1079F00000880699C86104980068C0F3034006999E
:107A0000C8600498006800F48010069948610498E2
:107A1000006800F400100699886104980068C0F3BB
:107A200006600699086204980068C00F06994862CB
:107A30000498043004900498039000200290FFE71B
:107A400002980699CA6844F24071C0F60201895C46
:107A500088420AD2FFE70398029A805C059988540D
:107A6000FFE7029801300290EAE70798402806D124
:107A7000FFE7019808990968C1F8A80021E0079874
:107A8000412806D1FFE7019808990968C1F8B800B4
:107A900016E007981F2808D8FFE7079901208840BB
:107AA00008990968C1F8980009E0079800F01F01DB
:107AB0000120884008990968C1F89C00FFE7FFE7AA
:107AC000FFE700208DF827000AE00899D1F89C0014
:107AD00040F00800C1F89C0001208DF82700FFE766
:107AE0009DF827000AB0704781B0009001B0704740
:107AF00080B594B013904AF61000C4F200000068FC
:107B0000800712904AF61400C4F20000016812982F
:107B100000EA8170129013980068006D00F47040C4
:107B2000119013980068416D1198084011901398B6
:107B30000068006D00F00F00109013980068416D10
:107B400010980840109013980068006D00F0F00045
:107B50000F9013980068416D0F9808400F9013988C
:107B60000068006D00F071500E9013980068416D30
:107B70000E9808400E9013980068006D00F0607039
:107B80000D9013980068416D0D9808400D90139862
:107B90000068406D039013980068006D01909DF897
:107BA0000D00C007B8B1FFE79DF80500C00788B118
:107BB000FFE7FFE7139801684FF4807008654AF605
:107BC0001001C4F2000100200860FFE71398FFF7DE
:107BD0008BFFFFE7FFE79DF80D0000F00401002098
:107BE000B0EB910F28D0FFE79DF8050000F00401ED
:107BF0000020B0EB910F1ED0FFE713980068D0F87B
:107C0000DC000B9013980068D0F8E4100B98084043
:107C10000B90FFE7139801684FF4806008654AF6FF
:107C20001001C4F2000100200860FFE713980B99CF
:107C300000F0F2FDFFE7FFE71298B8B1FFE7FFE7BA
:107C400012984FF6FF71C3F6CF7108401399096877
:107C500008651298800F4AF61001C4F2000108600E
:107C6000FFE713981299FFF7F3FCFFE71198B8B1FB
:107C7000FFE7FFE711984FF6FF71C3F6CF71084099
:107C80001399096808651198800F4AF61001C4F22B
:107C900000010860FFE71398119900F0CDFDFFE7A0
:107CA0001098B8B1FFE7FFE710984FF6FF71C3F6E1
:107CB000CF7108401399096808651098800F4AF63B
:107CC0001001C4F200010860FFE71398109900F05A
:107CD0002FFDFFE70F98B8B1FFE7FFE70F984FF6CA
:107CE000FF71C3F6CF7108401399096808650F98B2
:107CF000800F4AF61001C4F200010860FFE71398F4
:107D00000F9900F021FDFFE79DF80D0000F008013C
:107D10000020B0EBD10F1BD0FFE79DF8050000F06D
:107D200008010020B0EBD10F11D0FFE7FFE7139857
:107D300001684FF4006008654AF61001C4F20001C2
:107D400000200860FFE7139800F07EFDFFE7FFE7E3
:107D50009DF80D0000F002010020B0EB510F28D07B
:107D6000FFE79DF8050000F002010020B0EB510F85
:107D70001ED0FFE713980068D0F8D8000C90139835
:107D80000068D0F8E0100C9808400C90FFE71398BA
:107D900001684FF4007008654AF61001C4F2000152
:107DA00000200860FFE713980C9900F03DFDFFE705
:107DB000FFE79DF80E0000F008010020B0EBD10FA6
:107DC0001BD0FFE79DF8060000F008010020B0EB93
:107DD000D10F11D0FFE7FFE7139801684FF400209F
:107DE00008654AF61001C4F2000100200860FFE7B0
:107DF000139800F099FCFFE7FFE79DF80E00C0071D
:107E0000B8B1FFE79DF80600C00788B1FFE7FFE7BC
:107E1000139801684FF4803008654AF61001C4F2E7
:107E2000000100200860FFE7139800F0F1FCFFE775
:107E3000FFE79DF80E0000F004010020B0EB910F69
:107E40001BD0FFE79DF8060000F004010020B0EB16
:107E5000910F11D0FFE7FFE7139801684FF48020DE
:107E600008654AF61001C4F2000100200860FFE72F
:107E7000139800F0C9FCFFE7FFE79DF80E0000F043
:107E800002010020B0EB510F1FD0FFE79DF8060064
:107E900000F002010020B0EB510F15D0FFE7FFE723
:107EA000139801684FF4003008654AF61001C4F2D7
:107EB000000100200860FFE71399D1F89C0040F012
:107EC0008000C1F89C00FFE7FFE70D98B8B1FFE71D
:107ED000FFE70D984FF6FF71C3F6CF710840139975
:107EE000096808650D98800F4AF61001C4F2000178
:107EF0000860FFE713980D99FFF772FCFFE70E98F3
:107F0000D0B1FFE7FFE70E984FF6FF71C3F6CF71D0
:107F100008401399096808650E98800F4AF6100109
:107F2000C4F200010860FFE70E9A1399D1F89C0093
:107F30001043C1F89C00FFE7139800684AF2000163
:107F4000C4F20001884240F0B980FFE7139840680E
:107F500080688007002800F0B080FFE71398406831
:107F6000006A00F00F000A9013984068416A0A986E
:107F700008400A9013984068006A00F030000990A9
:107F800013984068416A099808400990139840681E
:107F9000006A00F4C070089013984068416A08981D
:107FA0000840089013984068006A00F4FC4007906D
:107FB00013984068416A07980840079013984068F2
:107FC000006A00F4F020069013984068416A069811
:107FD0000840069013984068406A029013984068E1
:107FE000006A00900A9848B1FFE70A981399496817
:107FF000086213980A9900F0EFFBFFE7099848B16F
:10800000FFE709981399496808621398099900F0E5
:10801000F3FBFFE79DF8080000F040010020B0EB03
:10802000911F1FD0FFE79DF8000000F040010020E5
:10803000B0EB911F15D0FFE713984068C06B000CA0
:10804000059013984068C06B00F03F0004901398AF
:1080500041684020086213980599049A00F0C4FB17
:10806000FFE7FFE7089848B1FFE7089813994968C8
:1080700008621398089900F0A7FBFFE7079860B122
:10808000FFE70798139949680862079A1399D1F88E
:108090009C001043C1F89C00FFE7069860B1FFE721
:1080A0000698139949680862069A1399D1F89C00BA
:1080B0001043C1F89C00FFE7FFE7FFE71398D0F8F3
:1080C0009C0020B1FFE71398FFF786FBFFE714B091
:1080D00080BD00000000000080B598B0169044F20A
:1080E000C061C0F6020101A84C22F8F7F6FA169812
:1080F00020B9FFE701208DF85F00D9E116980068EC
:108100004AF20001C4F20001884206D1FFE7169945
:10811000086800F580704860FFE716988068B0F541
:10812000407F01D1FFE7FFE71698006C08B1FFE739
:10813000FFE71698806C08B1FFE7FFE71698006D1F
:1081400008B1FFE7FFE71698006E08B1FFE7FFE709
:108150001699C86D096E084408B1FFE7FFE7169845
:1081600090F8980040B9FFE71699002081F899002F
:10817000169800F0A1F9FFE716980168886920F0C9
:108180001000886100F050FD1590FFE71698006818
:1081900080690007002817D5FFE700F045FD159915
:1081A000401A0B280FD3FFE71699D1F89C0040F036
:1081B0000100C1F89C001699032081F89800012065
:1081C0008DF85F0074E1E1E716980168886940F076
:1081D0000100886100F028FD1590FFE716980068FF
:1081E0008069C007B8B9FFE700F01EFD1599401A75
:1081F0000B280FD3FFE71699D1F89C0040F001003F
:10820000C1F89C001699032081F8980001208DF890
:108210005F004DE1E2E716980168886940F00200CE
:1082200088611698007C012807D1FFE7169801683D
:10823000886920F04000886106E016980168886926
:1082400040F040008861FFE71698407C012807D184
:10825000FFE716980168886940F48040886106E06D
:1082600016980168886920F480408861FFE71698B5
:10827000807C012807D1FFE716980168886920F4FF
:108280008050886106E016980168886940F4805043
:108290008861FFE716980068806920F44070169A9C
:1082A000116892681043886116980168886920F007
:1082B000A400886116980168086920F01000086120
:1082C0001698C068012807D1FFE7169801688869E9
:1082D00040F0040088612BE01698C06830B3FFE7D7
:1082E0001698C068022819D0FFE7169801688869B7
:1082F00040F08000886116980168086940F010001D
:1083000008611698C068032807D1FFE7169801682E
:10831000886940F020008861FFE706E01698016850
:10832000886940F020008861FFE700E0FFE7FFE791
:10833000169A116853699069D2F81CE0A0F1010CFB
:108340006FF0FF0000EB0E2040EA4C60126A013A29
:1083500010430022CFF6FF7202EB03421043C861C4
:1083600016988068B0F5407F1CD1FFE7169A116817
:10837000536A906AD2F82CE001386FF0FF0C0CEBD6
:108380000E2C40EA0C00D2F830C06FF00F0202EB66
:108390000C1210430022CFF6FF7202EB034210438F
:1083A000C860FFE71698006E48B1FFE716980168AD
:1083B000426ED1F8C0001043C1F8C000FFE7169923
:1083C000C86D096E084480B1FFE716980068D0F8C0
:1083D000C80020F00700169A1168936E01AA52F89F
:1083E00023201043C1F8C800FFE71698006C80B145
:1083F000FFE716980068D0F8BC0020F00700169A36
:108400001168536C01AA52F823201043C1F8BC0034
:10841000FFE71698806C88B1FFE716980068D0F8DF
:10842000BC0020F07000169A1168D36C01AA52F8B3
:10843000232040EA0210C1F8BC00FFE71698006D47
:1084400088B1FFE716980068D0F8BC0020F4E0601F
:10845000169A1168536D01AA52F8232040EA0220AF
:10846000C1F8BC00FFE7169800684AF20001C4F2A8
:108470000001884207D1FFE716984168886820F01C
:1084800003008860FFE716990020C1F89400169950
:10849000C1F89C001699012081F898001698FBF706
:1084A00043FC8DF853009DF853008DF85F00FFE703
:1084B0009DF85F0018B080BD80B5C4B04390002027
:1084C0004290419040903F903E9010A8B821F8F71C
:1084D00060F9439800684AF20001C4F20001884242
:1084E00055D1FFE7002011904FF4004010904FF05D
:1084F00080502B9010A802F0D7F918B1FFE7FBF7D6
:10850000D7FBFFE741F23450C2F20040016801316D
:1085100001600068012810D1FFE7FFE744F2EC405A
:10852000C5F60200016841F480710160006800F442
:1085300080700F900F98FFE7FFE7FFE744F2E040FD
:10854000C5F60200016841F008010160006800F012
:1085500008000E900E98FFE703203E9002203F9007
:1085600000200890409041900920429040F6004041
:10857000C5F602003EA900F06BF9089A1320099095
:10858000052100F0ADFC099800F09EFCC9E043987D
:1085900000684AF20041C4F2000188425FD1FFE75F
:1085A000002011904FF4004010904FF080502B901D
:1085B00010A802F079F918B1FFE7FBF779FBFFE7A4
:1085C00041F23450C2F2004001680131016000689C
:1085D000012810D1FFE7FFE744F2EC40C5F60200A6
:1085E000016841F480710160006800F480700D90B2
:1085F0000D98FFE7FFE7FFE744F2E040C5F6020011
:10860000016841F002010160006800F002000C9076
:108610000C98FFE760203E9002203F9000200690DB
:10862000409041900920429040F20040C5F602007F
:108630003EA900F00DF9069A142004900521059139
:1086400000F04EFC049800F03FFC0599069A1620B5
:10865000079000F045FC079800F036FC60E0439876
:1086600000684DF20041C4F20001884257D1FFE793
:10867000002011904FF4004010904FF080502B904C
:1086800010A802F011F918B1FFE7FBF711FBFFE7A3
:1086900041F23450C2F200400168013101600068CB
:1086A000012810D1FFE7FFE744F2EC40C5F60200D5
:1086B000016841F480710160006800F480700B90E3
:1086C0000B98FFE7FFE7FFE744F2E040C5F6020042
:1086D000016841F008010160006800F008000A909C
:1086E0000A98FFE74FF440503E9002203F90002050
:1086F00002904090419005200190429040F6004049
:10870000C5F602003EA900F0A3F80199029A9F2045
:10871000039000F0E5FB039800F0D6FBFFE7FFE7CE
:10872000FFE744B080BD000081B0009001B0704709
:1087300080B582B0019000910198009915F0D0FBAE
:1087400002B080BD0000000080B582B001900091B1
:1087500045F29470C2F2004090ED000AB7EE001AA4
:1087600030EE010A80ED000A0198009915F0F4FB43
:1087700002B080BD0000000082B00090009890F828
:108780009800012811D1FFE70099022081F8980094
:1087900000980168886920F0010088610099002034
:1087A000C1F89C008DF807000AE00099D1F89C0000
:1087B00040F00400C1F89C0001208DF80700FFE79D
:1087C0009DF8070002B0704782B00190009102B09E
:1087D000704700000000000082B00190009102B0DC
:1087E000704700000000000083B0029001910092E9
:1087F00003B070470000000082B00190009102B009
:10880000704700000000000081B0009001B0704788
:1088100081B0009001B0704782B00190009102B029
:10882000704700000000000082B00190009102B08B
:10883000704700000000000082B00190009102B07B
:10884000704700000000000081B0009001B0704748
:108850008FB00E900D9100200C908020C5F6000086
:108860000990FFE70D9800680C99C840002800F0B7
:10887000C181FFE70D9800680C9A012191400840E2
:108880000B900B98002800F0B181FFE70D9840682D
:1088900000F00300012807D0FFE70D98406800F0C2
:1088A000030002282FD1FFE70E9880680A900C98E9
:1088B0004100032000FA01F10A9888430A900D98BC
:1088C000C0680C99490000FA01F10A9808430A901F
:1088D0000A980E9988600E9840680A900C990120B9
:1088E00000FA01F10A9888430A900D984068C0F395
:1088F00000100C9900FA01F10A9808430A900A98AE
:108900000E994860FFE70D98406800F003000328C7
:1089100018D0FFE70E98C0680A900C984100032019
:1089200000FA01F10A9888430A900D9880680C9922
:10893000490000FA01F10A9808430A900A980E9932
:10894000C860FFE70D98406800F00300022826D1B8
:10895000FFE70E980C996FF0030202EA51010844F8
:10896000006A0A900C9800F0070081000F2000FABE
:1089700001F10A9888430A900D9800690C9901F05A
:108980000701890000FA01F10A9808430A900A9841
:108990000E990C9B02EA530211440862FFE70E98FD
:1089A00000680A900C984100032000FA01F10A982F
:1089B00088430A900D98406800F003000C99490024
:1089C00000FA01F10A9808430A900A980E99086083
:1089D0000D9880798007002800F00781FFE7FFE706
:1089E00044F2F440C5F60200016841F00201016062
:1089F000006800F0020008900898FFE70C9820F04B
:108A0000030040F20841C5F6000140580A900C9856
:108A100000F0030081000F2000FA01F10A9888435A
:108A20000A900E980021C5F60201884203D1FFE7A3
:108A3000002007906CE00E9840F20041C5F602015C
:108A4000884203D1FFE7012006905EE00E9840F6D1
:108A50000001C5F60201884203D1FFE7022005901C
:108A600050E00E9840F60041C5F60201884203D15D
:108A7000FFE70320049042E00E9841F20001C5F6A2
:108A80000201884203D1FFE70420039034E00E98EE
:108A900041F20041C5F60201884203D1FFE70520FB
:108AA000029026E00E9841F60001C5F602018842C8
:108AB00003D1FFE70620019018E00E9841F600412F
:108AC000C5F60201884203D1FFE7072000900AE0C3
:108AD0000E9942F20042C5F602020A20914208BFF6
:108AE00009200090FFE700980190FFE701980290AD
:108AF000FFE702980390FFE703980490FFE70498CC
:108B00000590FFE705980690FFE706980790FFE7B6
:108B100007980C9901F00301890000FA01F10A9805
:108B200008430A900A980C9921F0030140F2084288
:108B3000C5F6000288504FF0B04000680A900B99CB
:108B40000A9888430A900D988079C006002805D5B8
:108B5000FFE70B990A9808430A90FFE70A984FF03D
:108B6000B04108600420C5F6000000680A900B9927
:108B70000A9888430A900D9880798006002805D5C8
:108B8000FFE70B990A9808430A90FFE70A98042127
:108B9000C5F600010860099840680A900B990A9888
:108BA00088430A900D9880798007002805D5FFE753
:108BB0000B990A9808430A90FFE70A9809994860B8
:108BC000099800680A900B990A9888430A900D98B2
:108BD0008079C00728B1FFE70B990A9808430A90EB
:108BE000FFE70A9809990860FFE7FFE70C98013052
:108BF0000C9037E60FB0704782B00190ADF80210CC
:108C00008DF801209DF8010028B1FFE7BDF80200B2
:108C10000199886105E0BDF80200000401998861AE
:108C2000FFE702B0704700004BF24850C2F200402C
:108C3000006870470000000040F2DC30C2F20040E3
:108C400002784BF24851C2F20041086810440860B3
:108C5000704700000000000080B582B0032000F0E3
:108C600057F903F0FDF844F21842C5F60202116804
:108C7000C1F3032344F23071C0F60201CB5C03F070
:108C80001F03D84000900098126802F00F02895C20
:108C900001F01F01C84040F25401C2F200410860D7
:108CA000009840F25001C2F2004108600F2000F02D
:108CB00013F820B1FFE701208DF8070005E000F070
:108CC000E7F800208DF80700FFE79DF8070002B0E5
:108CD00080BD00000000000080B590B00E900E989E
:108CE0000F2810D8FFE70E9936200090002200F0E0
:108CF000F7F8009800F0E8F80E9840F2E031C2F280
:108D00000041086003E001208DF83F004EE0FFE7DE
:108D100044F2E840C5F60200016841F0100101602C
:108D2000006800F0100001900198FFE706A802A972
:108D300002F0FEFF0B980490049820B9FFE703F0BF
:108D400067F8059004E003F063F840000590FFE742
:108D500005984DF68361C4F21B31A0FB01014FF071
:108D6000FF3000EB9140039046F6D800C2F200407D
:108D700041F20001C4F20001016040F2E731C1603C
:108D80000399416000210161816004F089FE48B9C6
:108D9000FFE746F6D800C2F2004004F0D9FE8DF895
:108DA0003F0003E001208DF83F00FFE79DF83F0002
:108DB00010B080BD0000000010B581B00090009898
:108DC00040784EF69851CEF2000108604EF6A05160
:108DD000CEF20001086820F00100086000984068A9
:108DE0004EF69C52CEF200021060DDF800E09EF8D4
:108DF0000C0000079EF80B2040EA02609EF800205D
:108E00009EF808309EF809C09EF80A4040EAC44027
:108E10009EF80D4040EA84409EF80E4040EA4440EF
:108E20009EF80FE040EA0E4040EA0C2040EA430082
:108E30001043086001B010BDBFF35F8F4EF62451A0
:108E4000CEF20001086820F4803008604EF694519C
:108E5000CEF2000100200860704700000000000012
:108E600081B00090009840F001004EF69451CEF28F
:108E7000000108604EF62451CEF20001086840F46B
:108E800080300860BFF34F8FBFF36F8F01B0704722
:108E900080B582B0FFE744F2F440C5F602000168F5
:108EA00041F002010160006800F0020001900198A9
:108EB000FFE76FF001000F21002200F011F802B06F
:108EC00080BD00000000000080B582B0ADF8060053
:108ED000BDF9060016F0C4FC02B080BD0000000021
:108EE00080B586B0ADF816000491039216F0D0FC60
:108EF0000290BDF91600019002980499039A06F0B9
:108F0000AFFF0146019816F0CBFC06B080BD000013
:108F100080B582B00190019816F00AFD02B080BDC4
:108F200082B0019001980068009001990120C1F879
:108F3000D8040199002081F8CC04009A916941F08D
:108F400000619161009A516D0323C1F2000319433E
:108F5000516502B07047000082B001908DF8031097
:108F600002B070470000000082B00190ADF802101E
:108F7000BDF80200019909684862002002B07047FC
:108F800084B003908DF80B10ADF8082003980068AA
:108F9000406A00909DF80B0048B9FFE7BDF8081043
:108FA000009840EA014003990968886233E0039819
:108FB0000068816A009800EB1140009000208DF855
:108FC0000700FFE79DF807009DF80B100139884264
:108FD00013D2FFE7039800689DF8071000EB8100AB
:108FE000D0F80411009800EB11400090FFE79DF8C5
:108FF000070001308DF80700E4E7BDF8081000987D
:1090000040EA0140039909689DF80B2001EB8201B9
:10901000C1F80001FFE7002004B070470000000025
:1090200080B582B001900198D0F8E0040AF0B4FD58
:1090300002B080BD0000000080B582B001908DF8C4
:109040000310019AD2F8E0049DF8031001EBC1036C
:1090500002EB8302126A0AF0FBFB02B080BD000043
:1090600080B582B001908DF80310019AD2F8E00427
:109070009DF8031001EBC10302EB8302D2F86022DA
:109080000AF0AEFC02B080BD80B582B001900198BC
:10909000D0F8E0040AF088FD02B080BD00000000B6
:1090A00080B584B003908DF80B109DF80B0000067E
:1090B00000280CD5FFE703989DF80B1001F00F0175
:1090C00001EBC10100EB8100143001900CE003982A
:1090D0009DF80B1001F00F0101EBC10100EB8100C5
:1090E00000F515700190FFE70398006801990CF0F6
:1090F0000FFB8DF80A009DF80A0004B080BD000047
:1091000080B584B002908DF807109DF80700000626
:1091100000280FD5FFE702989DF8071001F00F0116
:1091200001EBC10100EB8100143000900099012097
:1091300048700FE002989DF8071001F00F0101EB55
:10914000C10100EB810000F515700090009900202E
:109150004870FFE79DF8070000F00F0000990870C5
:10916000FFE7029890F89404012804D1FFE7022059
:109170008DF80F0014E00299012081F89404FFE7B4
:10918000FFE70298006800990BF0B2FDFFE7029933
:10919000002081F89404FFE700208DF80F00FFE71E
:1091A0009DF80F0004B080BD80B584B002908DF8AA
:1091B00007109DF8070000F00F0002990979884216
:1091C00004D9FFE701208DF80F004DE09DF807005E
:1091D000000600280FD5FFE702989DF8071001F060
:1091E0000F0101EBC10100EB8100143000900099E8
:1091F000012048700FE002989DF8071001F00F0160
:1092000001EBC10100EB810000F5157000900099A1
:1092100000204870FFE70099002088709DF8070043
:1092200000F00F0000990870FFE7029890F894048E
:10923000012804D1FFE702208DF80F0014E0029905
:10924000012081F89404FFE7FFE702980068009985
:109250000BF0BEFFFFE70299002081F89404FFE7BE
:1092600000208DF80F00FFE79DF80F0004B080BDCF
:1092700082B001908DF8031001989DF8031001F061
:109280000F0101EBC10100EB8100D0F8680202B0D0
:10929000704700000000000080B586B004908DF893
:1092A0000F10ADF80C208DF80B3000208DF80A005F
:1092B0009DF80F00000600280FD5FFE704989DF8E1
:1092C0000F1001F00F0101EBC10100EB8100143020
:1092D00001900199012048700FE004989DF80F104B
:1092E00001F00F0101EBC10100EB810000F51570E9
:1092F0000190019900204870FFE79DF80F0000F0F1
:109300000F0001990870BDF80C006FF3DF20019980
:1093100088609DF80B00019908710198407820B190
:10932000FFE7019908784883FFE79DF80B000228C2
:1093300004D1FFE7019900204871FFE7FFE7049897
:1093400090F89404012804D1FFE702208DF817005B
:1093500015E00499012081F89404FFE7FFE70498E1
:10936000006801990BF088FBFFE70499002081F861
:109370009404FFE79DF80A008DF81700FFE79DF8B9
:10938000170006B080BD000080B586B005908DF84E
:1093900013100392029305989DF8131001F00F012A
:1093A00001EBC10100EB810000F5157001900398FD
:1093B0000199C860029801990861019900204861EB
:1093C000019948709DF8130000F00F000199087092
:1093D00005988079012804D1FFE703980199C861B5
:1093E000FFE7059A1068019992790BF095FF00202C
:1093F00006B080BD0000000080B584B002908DF8FA
:1094000007109DF8070000F00F00029909798842C3
:1094100004D9FFE701208DF80F0058E09DF8070000
:10942000000600280FD5FFE702989DF8071001F00D
:109430000F0101EBC10100EB810014300090009995
:10944000012048700DE002989DF8071001EBC10162
:1094500000EB810000F51570009000990020487025
:10946000FFE70099012088709DF8070000F00F00C9
:1094700000990870FFE7029890F89404012804D13D
:10948000FFE702208DF80F0021E00299012081F80A
:109490009404FFE7FFE70298006800990BF0E8FEEC
:1094A0009DF80700000740B9FFE7029A106891791C
:1094B00002F29C420BF03CFEFFE7FFE7029900201E
:1094C00081F89404FFE700208DF80F00FFE79DF876
:1094D0000F0004B080BD000080B586B005908DF807
:1094E00013100392029305989DF8131001F00F01D9
:1094F00001EBC10100EB8100143001900398019948
:10950000C860029801990861019900204861019999
:10951000012048709DF8130000F00F0001990870B9
:1095200005988079012804D1FFE703980199C86163
:10953000FFE7059A1068019992790BF0EDFE002083
:1095400006B080BD0000000080B58CB00B900B9879
:1095500000680A900A9809900B9800680CF018FAB5
:10956000002840F03484FFE70B9800680CF080FA84
:1095700010B9FFE700F02BBC0998D0F80808C0F339
:109580000D200B99C1F8D4040B9800680CF070FA08
:109590008007002807D5FFE70B980168486900F0AD
:1095A00002004861FFE70B9800680CF061FAC00602
:1095B000002862D5FFE70B980168886920F0100049
:1095C00088610A98006A02900B98029901F00F01D5
:1095D00001EBC10100EB810000F5157008900298C5
:1095E00000F4F0110220B0EB514F23D1FFE7BDF89A
:1095F000080047F6F07108421BD0FFE70A98089967
:10960000C968029AC2F30A120CF042FA029847F6AD
:10961000F07100EA0103089AD06800EB1310D060E3
:10962000029800EA01020899486900EB12104861AB
:10963000FFE71BE0029800F4F0110620B0EB514F59
:1096400012D1FFE70A980B9901F29C4108220CF015
:109650001FFA029847F6F07100EA0102089948697A
:1096600000EB1210486100E0FFE7FFE70B9801688C
:10967000886940F010008861FFE70B9800680CF0E3
:10968000F7F90003002840F1A680FFE700200490CE
:109690000B9800680CF098F90690FFE706980028F0
:1096A00000F09880FFE79DF81800C007002800F040
:1096B0008A80FFE70B9800689DF810100CF0C0F945
:1096C00005909DF81400C00760B1FFE70998049960
:1096D00000EB41110120C1F8080B0B98049906F02A
:1096E00047FCFFE79DF81400000700280CD5FFE7B2
:1096F0000998049900EB41110820C1F8080B0B9858
:10970000049906F0EDFBFFE79DF81400C006002861
:1097100008D5FFE70998049900EB41111020C1F822
:10972000080BFFE79DF81400800700282DD5FFE700
:109730000A9840690006002808D5FFE70999D1F882
:10974000040840F48060C1F80408FFE70B9804990E
:1097500001EBC10100EB810000F51570089008983D
:10976000C078012809D1FFE708990020C8700B983C
:109770009DF8101000F040FBFFE70998049900EBFA
:1097800041110220C1F8080BFFE79DF81400800684
:10979000002808D5FFE70998049900EB4111202023
:1097A000C1F8080BFFE79DF815008006002809D5D1
:1097B000FFE70998049900EB41114FF40050C1F8FC
:1097C000080BFFE7FFE70498013004900698400873
:1097D000069063E7FFE70B9800680CF049F9400337
:1097E000002840F1C680FFE70B9800680CF0D8F81D
:1097F000069000200490FFE70698002800F0B8804B
:10980000FFE79DF81800C007002800F0AA80FFE7D6
:109810000B9800689DF810100CF0EAF805909DF880
:109820001400C00700283ED0FFE7049800F00F01A5
:10983000012000FA01F10391039B099AD2F8341830
:109840009943C2F834180999049A01EB4211C1F8FE
:1098500008090B98807901281FD1FFE70B9804991C
:1098600001EBC10100EB8101CA69086A104408627A
:10987000049888B9FFE70B98049901EBC10100EB4C
:109880008100406A40B9FFE70B99086801F29C42E9
:1098900001210BF04DFCFFE7FFE70B989DF810103E
:1098A000FFF7CAFBFFE79DF814000007002808D562
:1098B000FFE70998049900EB41110820C1F8080955
:1098C000FFE79DF81400C006002808D5FFE70998B7
:1098D000049900EB41111020C1F80809FFE79DF839
:1098E00014004006002808D5FFE70998049900EB0A
:1098F00041114020C1F80809FFE79DF814008007D6
:10990000002822D5FFE70A9804990BF0D9FF0B989D
:10991000049901EBC10100EB810014300890089814
:10992000C078012809D1FFE708990020C8700B987A
:109930009DF8101000F050FAFFE70998049900EB29
:1099400041110220C1F80809FFE79DF81400000644
:10995000002805D5FFE70B98049906F0EDFBFFE71B
:10996000FFE704980130049006984008069043E70A
:10997000FFE70B9800680CF07BF8C00F00B3FFE71F
:109980000999D1F8040820F00100C1F804080B98E7
:1099900090F8CC04012808D1FFE70B98002180F84B
:1099A000CC140B98FFF7D8FA03E00B9800F0BCFB3F
:1099B000FFE70B980168486900F000404861FFE745
:1099C0000B9800680CF054F80005002811D5FFE74B
:1099D0000998D0F80808C00720B1FFE70B9800F0FD
:1099E00037FCFFE70B980168486900F400604861A4
:1099F000FFE70B9800680CF03BF80001002820D529
:109A0000FFE70B980168486900F0006048610B9817
:109A100090F8CC0480B9FFE70B98012180F8CC14B2
:109A20000B980068406DC0F383000B9AC2F8D00415
:109A30000B98FFF791FA03E00B9800F009FCFFE7A1
:109A4000FFE70B9800680CF013F8C004002840F101
:109A50008680FFE70999D1F8040820F00100C1F8D9
:109A600004080B98006810210BF02AFF00200790D3
:109A7000FFE707980B990979884231D2FFE70998E7
:109A8000079900EB41114FF67F30C1F80809099999
:109A9000079A01EB4212D2F8001921F40011C2F822
:109AA00000190999079A01EB4211C1F8080B0998AE
:109AB000079900EB4111D1F8000B20F40010C1F818
:109AC000000B0998079900EB4111D1F8000B40F009
:109AD0000060C1F8000BFFE7079801300790C8E766
:109AE0000999D1F81C0840F00110C1F81C080B9826
:109AF000C07B78B1FFE70999D1F8840840F00B00EA
:109B0000C1F884080999D1F8440840F00B00C1F865
:109B100044080FE00999D1F8140842F22B021043CF
:109B2000C1F814080999D1F8100840F00B00C1F8E9
:109B30001008FFE70999D1F8000820F4FE60C1F889
:109B400000080B9A1068917902F29C420BF0F0FA2F
:109B50000B980168486900F480504861FFE70B9852
:109B600000680BF085FF800400281FD5FFE70B98E5
:109B700000680AF0F1FF0B9800680BF0E1FE0B990A
:109B8000C8710B980068019002F016F9014601981F
:109B90000B9AD2790CF078F80B9800F099FA0B98A0
:109BA0000168486900F400504861FFE70B980068BD
:109BB0000BF05EFF000700280AD5FFE70B9800F0C6
:109BC000BFFA0B980168486900F008004861FFE798
:109BD0000B9800680BF04CFF0006002825D5FFE726
:109BE0000A99886920F08000886101200490FFE7CD
:109BF00004980B990979884216D2FFE70B980499CB
:109C000001EBC10100EB810090F85702012806D159
:109C1000FFE70B989DF81010FFF742FAFFE7FFE708
:109C2000049801300490E3E7FFE70B9800680BF01D
:109C30001FFFC00200283CD5FFE701200490FFE78A
:109C400004980B99097988422CD2FFE70998049966
:109C500000EB4110D0F8000902900B98049901EB39
:109C6000C10100EB8100007E012816D1FFE79DF8BD
:109C70000B000006002810D5FFE70B98049901EBB4
:109C8000C10100EB81010120C8750B989DF81010EF
:109C900041F08001FFF704FAFFE7FFE70498013085
:109CA0000490CDE70B980168486900F48010486182
:109CB000FFE70B9800680BF0DBFE8002002856D50A
:109CC000FFE701200490FFE704980B990979884287
:109CD00046D2FFE70998049900EB4110D0F8000B39
:109CE00002900B98049901EBC10100EB810090F800
:109CF000580201282FD1FFE79DF80B00000600282D
:109D000029D5FFE7029800F480310B98D0F8D404ED
:109D100000F00100B0EB114F1DD1FFE70B98049943
:109D200001EBC10100EB8101012081F857020A9982
:109D3000886940F0800088610A9840690006002820
:109D400008D4FFE70999D1F8040840F40070C1F87D
:109D5000040805E0FFE7FFE7049801300490B3E74B
:109D60000B980168486900F400104861FFE70B9800
:109D700000680BF07DFE400000280AD5FFE70B9835
:109D8000FFF74EF90B980168486900F08040486180
:109D9000FFE70B9800680BF06BFE4007002815D515
:109DA000FFE70B980068406802909DF808004007A4
:109DB000002804D5FFE70B98FFF766F9FFE7029A42
:109DC0000B980168486810434860FFE7FFE70CB054
:109DD00080BD00000000000080B582B001908DF8C9
:109DE00003100198D0F8E0049DF8031009F080FFFB
:109DF00002B080BD0000000080B582B001908DF8F7
:109E000003100198D0F8E0049DF8031009F0A8FFB2
:109E100002B080BD0000000080B58CB00A900A98A6
:109E200020B9FFE701208DF82F000EE10A9890F885
:109E3000950440B9FFE70A99002081F894040A9834
:109E400000F00AF9FFE70A99032081F895040A98BF
:109E500000680BF061F90A9B1868197C8DF82010D6
:109E600059689A68DB680793069205910599069AE6
:109E7000079BDDF820C0EE46CEF800C00AF084FE55
:109E800040B1FFE70A99022081F8950401208DF87E
:109E90002F00DAE00A98006800210BF055FE40B16F
:109EA000FFE70A99022081F8950401208DF82F0020
:109EB000CBE000208DF82700FFE79DF827000A99E6
:109EC0000979884241DAFFE70A989DF8271001EBEB
:109ED000C10100EB8101012048759DF827000A9916
:109EE00000EBC00201EB820108759DF827000A997A
:109EF00000EBC00201EB8201C8850A989DF827108B
:109F000001EBC10100EB8101002008760A999DF860
:109F1000272002EBC20201EB8201C8610A999DF879
:109F2000272002EBC20201EB820108620A999DF828
:109F3000272002EBC20201EB82014862FFE79DF895
:109F4000270001308DF82700B7E700208DF82700A3
:109F5000FFE79DF827000A99097988423EDAFFE772
:109F60000A989DF8271001EBC10100EB8101002048
:109F700081F855029DF827100A9A01EBC10302EB04
:109F8000830282F854120A999DF8272002EBC2023C
:109F900001EB820181F858020A999DF8272002EB13
:109FA000C20201EB8201C1F85C020A999DF82720E8
:109FB00002EBC20201EB8201C1F860020A999DF82E
:109FC000272002EBC20201EB8201C1F86402FFE725
:109FD0009DF8270001308DF82700BAE70A9B186822
:109FE000197C8DF8101059689A68DB680393029207
:109FF00001910199029A039BDDF810C0EE46CEF85C
:10A0000000C00AF041FF40B1FFE70A99022081F841
:10A01000950401208DF82F0017E00A99002048745C
:10A020000A99012081F895040A98007B012804D13F
:10A03000FFE70A98FEF774FFFFE70A9800680AF046
:10A040000BFF00208DF82F00FFE79DF82F000CB0CC
:10A0500080BD00000000000080B5B2B0319002A8C1
:10A06000B821F6F796FB319800680021C4F204018C
:10A0700088422BD1FFE7002003904FF4802002900C
:10A080004FF44010239002A800F00EFC18B1FFE737
:10A09000F9F70EFEFFE700F04FF9FFE744F2D84072
:10A0A000C5F60200016841F000710160006800F02F
:10A0B000007001900198FFE74D20009005210022DB
:10A0C000FEF70EFF0098FEF7FFFEFFE732B080BDFF
:10A0D00080B582B0019001208DF803000198C0790D
:10A0E00020B9FFE700208DF803000CE00198C0794B
:10A0F000022804D1FFE701208DF8030002E0F9F700
:10A10000D7FDFFE7FFE70198D0F8E0049DF80310C2
:10A1100009F02EFF0198D0F8E00409F0A5FE02B086
:10A1200080BD00000000000080B582B00190019861
:10A13000D0F8E00409F0E8FE02B080BD00000000A5
:10A1400080B582B001900198D0F8E00409F0F0FEEB
:10A1500002B080BD0000000080B584B002908DF890
:10A160000710FFE7029890F89404012804D1FFE754
:10A1700002208DF80F0019E00299012081F8940463
:10A18000FFE7FFE79DF8070002994874029800680E
:10A190009DF807100BF048FDFFE70299002081F8B9
:10A1A0009404FFE700208DF80F00FFE79DF80F00F3
:10A1B00004B080BD0000000080B582B0019001991C
:10A1C000D1F8E00401F29C4109F0FEFE02B080BD2E
:10A1D00080B584B00290029800680190FFE7029871
:10A1E00090F89404012804D1FFE702208DF80F00B5
:10A1F00028E00299012081F89404FFE7FFE7019825
:10A20000C068400600280BD5FFE70298407B012874
:10A2100006D1FFE70199886B40F480308863FFE73F
:10A22000029800680BF004FB029800680AF0FCFD3D
:10A23000FFE70299002081F89404FFE700208DF8E1
:10A240000F00FFE79DF80F0004B080BD0000000084
:10A2500080B582B001900198D0F8E00409F03CFF8D
:10A2600001980168D1F8000E40F00100C1F8000E1D
:10A270000198C07A48B1FFE74EF61051CEF20001C6
:10A28000086840F006000860FFE702B080BD0000EB
:10A2900080B584B0029044F60C00C5F60200006858
:10A2A00000F004010020B0EB910F13D1FFE744F65A
:10A2B0000C00C5F60200006800F007000299884211
:10A2C00004D0FFE701208DF80F002EE000208DF86C
:10A2D0000F002AE044F60C01C5F60201086820F0E0
:10A2E0000700029A10430860FEF79EFC0190FFE70A
:10A2F00044F60400C5F60200006800F40051002096
:10A30000B0EB513F0DD1FFE7FEF78EFC0199401AEB
:10A31000B0F57A7F04D9FFE701208DF80F0004E043
:10A32000E6E700208DF80F00FFE79DF80F0004B06E
:10A3300080BD00000000000044F60C01C5F60201DB
:10A34000086840F08070086070470000000000005E
:10A3500080B501F031FD44F22041C5F602010968E3
:10A36000C1F3021244F23071C0F60201895C01F0BF
:10A370001F01C84080BD000088B0079044F228400B
:10A38000C5F60200016801F0030106910068C0F300
:10A390000530059044F22C40C5F602000068C0F379
:10A3A00000100490049844F23C41C5F6020109688B
:10A3B00089B2C908484300EE100AB8EE400A8DED94
:10A3C000020A0598002800F01181FFE70698009026
:10A3D00048B1FFE70098012865D0FFE70098022800
:10A3E00000F08380A3E044F20040C5F6020000685C
:10A3F00000F020010020B0EB511F31D0FFE744F204
:10A400000040C5F602000068C0F3C10149F2000037
:10A41000C0F2D030C84003909DED030AB8EE400A68
:10A420009DED051AB8EE411A80EE010A44F238405B
:10A43000C5F6020000686FF35F2001EE100AB8EE67
:10A44000411A9DED022A9FED6F3A02EE031AB7EE14
:10A45000002A31EE021A20EE010A8DED010A21E0F8
:10A460009DED050AB8EE401A9FED680A80EE010ADC
:10A4700044F23840C5F6020000686FF35F2001EE39
:10A48000100AB8EE411A9DED022A9FED5E3A02EEE7
:10A49000031AB7EE002A31EE021A20EE010A8DED02
:10A4A000010AFFE765E09DED050AB8EE401A9FED51
:10A4B000560A80EE010A44F23840C5F602000068F0
:10A4C0006FF35F2001EE100AB8EE411A9DED022AEB
:10A4D0009FED4C3A02EE031AB7EE002A31EE021A53
:10A4E00020EE010A8DED010A43E09DED050AB8EE6C
:10A4F000401A9FED430A80EE010A44F23840C5F647
:10A50000020000686FF35F2001EE100AB8EE411AF6
:10A510009DED022A9FED3B3A02EE031AB7EE002AA8
:10A5200031EE021A20EE010A8DED010A21E09DEDC7
:10A53000050AB8EE401A9FED340A80EE010A44F293
:10A540003840C5F6020000686FF35F2001EE100A84
:10A55000B8EE411A9DED022A9FED2A3A02EE031A47
:10A56000B7EE002A31EE021A20EE010A8DED010A43
:10A57000FFE79DED010A44F23840C5F6020001688C
:10A5800089B2490A01EE101AB8EE411AB7EE002A54
:10A5900031EE021A80EE010A0799BCEEC00A81ED85
:10A5A000000A9DED010A0168C1F3064101EE101A8F
:10A5B000B8EE411A31EE021A80EE010A0799BCEE9C
:10A5C000C00A81ED010A9DED010A0068C0F3066032
:10A5D00001EE100AB8EE411A31EE021A80EE010ABD
:10A5E0000798BCEEC00A80ED020A07E00799002038
:10A5F00008600799486007998860FFE708B07047CE
:10A60000001BB74B000000390024744A0024744C2E
:10A6100088B0079044F22840C5F60200016801F0B6
:10A62000030106910068C0F30550059044F22C40E8
:10A63000C5F602000068C0F300200490049844F2BC
:10A640004441C5F60201096889B2C908484300EED1
:10A65000100AB8EE400A8DED020A0598002800F0B5
:10A660001181FFE70698009048B1FFE700980128A4
:10A6700065D0FFE70098022800F08380A3E044F251
:10A680000040C5F60200006800F020010020B0EB99
:10A69000511F31D0FFE744F20040C5F602000068C8
:10A6A000C0F3C10149F20000C0F2D030C8400390AD
:10A6B0009DED030AB8EE400A9DED051AB8EE411A69
:10A6C00080EE010A44F24040C5F6020000686FF3D4
:10A6D0005F2001EE100AB8EE411A9DED022A9FEDAF
:10A6E0006F3A02EE031AB7EE002A31EE021A20EE9C
:10A6F000010A8DED010A21E09DED050AB8EE401A30
:10A700009FED680A80EE010A44F24040C5F602005F
:10A7100000686FF35F2001EE100AB8EE411A9DED5C
:10A72000022A9FED5E3A02EE031AB7EE002A31EEDE
:10A73000021A20EE010A8DED010AFFE765E09DEDAA
:10A74000050AB8EE401A9FED560A80EE010A44F25F
:10A750004040C5F6020000686FF35F2001EE100A6A
:10A76000B8EE411A9DED022A9FED4C3A02EE031A13
:10A77000B7EE002A31EE021A20EE010A8DED010A31
:10A7800043E09DED050AB8EE401A9FED430A80EEC6
:10A79000010A44F24040C5F6020000686FF35F20F2
:10A7A00001EE100AB8EE411A9DED022A9FED3B3AE8
:10A7B00002EE031AB7EE002A31EE021A20EE010A69
:10A7C0008DED010A21E09DED050AB8EE401A9FEDDE
:10A7D000340A80EE010A44F24040C5F602000068E7
:10A7E0006FF35F2001EE100AB8EE411A9DED022AC8
:10A7F0009FED2A3A02EE031AB7EE002A31EE021A52
:10A8000020EE010A8DED010AFFE79DED010A44F2F9
:10A810004040C5F60200016889B2490A01EE101AEB
:10A82000B8EE411AB7EE002A31EE021A80EE010AA4
:10A830000799BCEEC00A81ED000A9DED010A01688E
:10A84000C1F3064101EE101AB8EE411A31EE021AB8
:10A8500080EE010A0799BCEEC00A81ED010A9DED68
:10A86000010A0068C0F3066001EE100AB8EE411A52
:10A8700031EE021A80EE010A0798BCEEC00A80EDA4
:10A88000020A07E0079900200860079948600799C5
:10A890008860FFE708B07047001BB74B0000003925
:10A8A0000024744A0024744C80B59AB0189000209B
:10A8B0008DF857008DF856001898C07800070028CA
:10A8C00048D5FFE71898406E149078B1FFE71498C8
:10A8D000B0F5801F13D0FFE71498B0F5001F16D015
:10A8E000FFE71498B0F5401F19D019E044F22C414D
:10A8F000C5F60201086840F40030086014E01898BA
:10A900000830022105F060FD8DF857000CE0189822
:10A910002830022105F040FE8DF8570004E003E0E6
:10A9200001208DF85700FFE79DF8570060B9FFE759
:10A9300044F25041C5F60201086820F44010189A0C
:10A94000526E1043086004E09DF857008DF85600E1
:10A95000FFE7FFE718984078C007002840D0FFE7DE
:10A960001898806D1390042820D81399DFE801F01F
:10A97000030C141C1D0044F22C41C5F602010868AA
:10A9800040F40030086015E018980830002105F008
:10A990001BFD8DF857000DE018982830002105F0B8
:10A9A000FBFD8DF8570005E004E003E001208DF881
:10A9B0005700FFE79DF8570060B9FFE744F25041A8
:10A9C000C5F60201086820F00700189A926D10433E
:10A9D000086004E09DF857008DF85600FFE7FFE798
:10A9E000189840784007002856D5FFE71898D0F807
:10A9F000A4001290C8B1FFE71298B0F5001F1DD057
:10AA0000FFE71298B0F5800F20D0FFE71298B0F55D
:10AA1000C00F23D0FFE71298B0F5000F1FD0FFE75B
:10AA20001298B0F5200F1BD01BE044F22C41C5F664
:10AA30000201086840F40030086016E018980830F9
:10AA4000002105F0C1FC8DF857000EE01898283061
:10AA5000002105F0A1FD8DF8570006E005E004E0B7
:10AA600003E001208DF85700FFE79DF8570068B913
:10AA7000FFE744F25841C5F60201086820F460007F
:10AA8000189AD2F8A4201043086004E09DF85700FB
:10AA90008DF85600FFE7FFE7189840780007002878
:10AAA00056D5FFE71898D0F8A8001190C8B1FFE775
:10AAB0001198B0F1807F1DD0FFE71198B0F1007FB1
:10AAC00020D0FFE71198B0F1407F23D0FFE7119825
:10AAD000B0F1806F1FD0FFE71198B0F1A06F1BD0CD
:10AAE0001BE044F22C41C5F60201086840F4003036
:10AAF000086016E018980830002105F065FC8DF814
:10AB000057000EE018982830002105F045FD8DF81B
:10AB1000570006E005E004E003E001208DF857004F
:10AB2000FFE79DF8570068B9FFE744F25841C5F6C2
:10AB30000201086820F0E060189AD2F8A8201043BB
:10AB4000086004E09DF857008DF85600FFE7FFE726
:10AB50001898C078800700283ED5FFE71898C06C89
:10AB60001090F0B1FFE71098102808D0FFE7109878
:10AB700020280DD0FFE71098302811D012E044F2C1
:10AB80002C41C5F60201086840F4003008600DE071
:10AB900018980830022105F017FC8DF8570005E0E1
:10ABA00004E003E001208DF85700FFE79DF857000F
:10ABB00060B9FFE744F24C41C5F60201086820F095
:10ABC0003000189AD26C1043086004E09DF85700DA
:10ABD0008DF85600FFE7FFE718984078C006002878
:10ABE0004ED5FFE71898C06D0F90A0B1FFE70F9802
:10ABF000B0F5805F18D0FFE70F98B0F5005F1BD06D
:10AC0000FFE70F98B0F5405F1ED0FFE70F98B0F553
:10AC1000804F1AD01AE044F22C41C5F602010868B0
:10AC200040F40030086015E018980830002105F065
:10AC3000CBFB8DF857000DE018982830002105F067
:10AC4000ABFC8DF8570005E004E003E001208DF82F
:10AC50005700FFE79DF8570060B9FFE744F2504105
:10AC6000C5F60201086820F4E040189AD26D10433E
:10AC7000086004E09DF857008DF85600FFE7FFE7F5
:10AC800018984078800600284CD5FFE71898006E89
:10AC90000E90C8B1FFE70E98B0F5803F15D0FFE7E2
:10ACA0000E98B0F5003F18D0FFE70E98B0F5403F82
:10ACB0001BD0FFE70E98B0F5802F17D0FFE70E9856
:10ACC000B0F5A02F13D013E016E01898083001213A
:10ACD00005F07AFB8DF857000EE018982830012116
:10ACE00005F05AFC8DF8570006E005E004E003E0AB
:10ACF00001208DF85700FFE79DF8570060B9FFE786
:10AD000044F25041C5F60201086820F4E020189A88
:10AD1000126E1043086004E09DF857008DF856004D
:10AD2000FFE7FFE718984078400600284ED5FFE778
:10AD30001898D0F8AC000D90C8B1FFE70D98B0F1AD
:10AD4000805F15D0FFE70D98B0F1005F18D0FFE7E6
:10AD50000D98B0F1405F1BD0FFE70D98B0F1804F28
:10AD600017D0FFE70D98B0F1A04F13D013E016E015
:10AD700018980830012105F027FB8DF857000EE0E8
:10AD800018982830012105F007FC8DF8570006E0DF
:10AD900005E004E003E001208DF85700FFE79DF88F
:10ADA000570068B9FFE744F25841C5F60201086848
:10ADB00020F0E040189AD2F8AC201043086004E07C
:10ADC0009DF857008DF85600FFE7FFE71898407888
:10ADD000000600283BD5FFE71898C06E0C90D8B14C
:10ADE000FFE70C98B0F1805F05D0FFE70C98B0F159
:10ADF000005F09D011E044F22C41C5F60201086859
:10AE000040F4003008600CE018980830012105F08B
:10AE1000DBFA8DF8570004E003E001208DF85700BD
:10AE2000FFE79DF8570060B9FFE744F25041C5F6CF
:10AE30000201086820F04050189AD26E1043086052
:10AE400004E09DF857008DF85600FFE7FFE71898DB
:10AE5000C078C007002837D0FFE71898806C0B90A7
:10AE6000032817D80B99DFE801F014020B1344F202
:10AE70002C41C5F60201086840F4003008600DE07E
:10AE800018980830022105F09FFA8DF8570005E068
:10AE900004E003E001208DF85700FFE79DF857001C
:10AEA00060B9FFE744F24C41C5F60201086820F0A2
:10AEB0000300189A926C1043086004E09DF8570054
:10AEC0008DF85600FFE7FFE71898807840060028C5
:10AED00040F1B480FFE744F60001C5F602010868BE
:10AEE00040F480700860FDF79FFE1690FFE744F67F
:10AEF0000000C5F602000068C00500280CD4FFE77A
:10AF0000FDF792FE1699401A652804D3FFE7032047
:10AF10008DF8570000E0EAE79DF85700002840F060
:10AF20008780FFE744F27040C5F60200006800F435
:10AF300040701899D1F8B01001F44071884213D0D4
:10AF4000FFE744F27041C5F60201086820F4407042
:10AF50001790086840F480300860086820F480305A
:10AF6000086017980860FFE71898D0F8B000B0F5AF
:10AF7000807F1FD1FFE7FDF757FE1690FFE744F2F1
:10AF80007040C5F60200006800F002010020B0EB3E
:10AF9000510F0ED1FFE7FDF747FE1699401A41F217
:10AFA0008931884204D3FFE703208DF8570000E081
:10AFB000E5E7FFE79DF85700A0BBFFE7FFE718981C
:10AFC000D0F8B00000F44070B0F5407F13D1FFE737
:10AFD00044F21041C5F60201086820F47C50189A2A
:10AFE000D2F8B0204FF6F043C0F6FF731A4040EAA3
:10AFF0001210086008E044F21041C5F6020108682A
:10B0000020F47C500860FFE71898D0F8B0206FF368
:10B010001F3244F27041C5F602010868104308600F
:10B02000FFE704E09DF857008DF85600FFE704E0C5
:10B030009DF857008DF85600FFE7FFE71898006865
:10B04000C007002800F04C80FFE71898806F0A9036
:10B0500028282BD80A99DFE801F015292929292960
:10B06000292916292929292929291E29292929296E
:10B070002929262929292929292927292929292945
:10B080002929280016E018980830012105F09CF9BC
:10B090008DF857000EE018982830012105F07CFA51
:10B0A0008DF8570006E005E004E003E001208DF88C
:10B0B0005700FFE79DF8570060B9FFE744F254419D
:10B0C000C5F60201086820F03800189A926F104304
:10B0D000086004E09DF857008DF85600FFE7FFE791
:10B0E000189800788007002839D5FFE71898406F36
:10B0F0000990052819D80999DFE801F003040C1418
:10B10000151616E018980830012105F05DF98DF844
:10B1100057000EE018982830012105F03DFA8DF80F
:10B12000570006E005E004E003E001208DF8570039
:10B13000FFE79DF8570060B9FFE744F25441C5F6B8
:10B140000201086820F00700189A526F1043086047
:10B1500004E09DF857008DF85600FFE7FFE71898C8
:10B160000078400700283BD5FFE71898D0F89000FA
:10B170000890052819D80899DFE801F003040C1499
:10B18000151616E018980830012105F01DF98DF804
:10B1900057000EE018982830012105F0FDF98DF8D0
:10B1A000570006E005E004E003E001208DF85700B9
:10B1B000FFE79DF8570068B9FFE744F25841C5F62C
:10B1C0000201086820F00700189AD2F89020104376
:10B1D000086004E09DF857008DF85600FFE7FFE790
:10B1E00018980078800600284ED5FFE71898D0F808
:10B1F0008C000790C8B1FFE70798B0F1805F15D0C9
:10B20000FFE70798B0F1005F18D0FFE70798B0F1AB
:10B21000405F1BD0FFE70798B0F1804F17D0FFE7E2
:10B220000798B0F1A04F13D013E016E0189808303B
:10B23000002105F0C9F88DF857000EE01898283065
:10B24000022105F0A9F98DF8570006E005E004E0B9
:10B2500003E001208DF85700FFE79DF8570068B91B
:10B26000FFE744F25441C5F60201086820F0E040CF
:10B27000189AD2F88C201043086004E09DF857001B
:10B280008DF85600FFE7FFE7189800784006002881
:10B290004ED5FFE71898D0F898000690C8B1FFE7A0
:10B2A0000698B0F5806F15D0FFE70698B0F5006FEF
:10B2B00018D0FFE70698B0F5406F1BD0FFE706985F
:10B2C000B0F5805F17D0FFE70698B0F5A05F13D008
:10B2D00013E016E018980830002105F075F88DF895
:10B2E00057000EE018982830022105F055F98DF826
:10B2F000570006E005E004E003E001208DF8570068
:10B30000FFE79DF8570068B9FFE744F25841C5F6DA
:10B310000201086820F4E050189AD2F898201043EF
:10B32000086004E09DF857008DF85600FFE7FFE73E
:10B3300018980078000600284ED5FFE71898D0F836
:10B340009C000590C8B1FFE70598B0F5005F15D0E7
:10B35000FFE70598B0F5804F18D0FFE70598B0F5E6
:10B36000C04F1BD0FFE70598B0F5004F17D0FFE79F
:10B370000598B0F5204F13D013E016E01898083068
:10B38000002105F021F88DF857000EE018982830BC
:10B39000022105F001F98DF8570006E005E004E010
:10B3A00003E001208DF85700FFE79DF8570068B9CA
:10B3B000FFE744F25841C5F60201086820F46040F6
:10B3C000189AD2F89C201043086004E09DF85700BA
:10B3D0008DF85600FFE7FFE718980078000700286F
:10B3E00020D5FFE71898D0F88000B0F5805F0CD129
:10B3F000FFE718982830022105F0CEF820B1FFE7CA
:10B4000001208DF85600FFE7FFE744F25441C5F6EE
:10B410000201086820F44050189AD2F880201043A6
:10B420000860FFE718980078C006002820D5FFE7DD
:10B430001898D0F89400B0F5807F0CD1FFE71898E9
:10B440002830022105F0A8F820B1FFE701208DF88F
:10B450005600FFE7FFE744F25841C5F602010868CD
:10B4600020F44070189AD2F8942010430860FFE747
:10B4700018988078000700283CD5FFE71898D0F886
:10B48000A000049050B1FFE70498B0F5803F0DD0C4
:10B49000FFE70498B0F5003F10D010E0189808308E
:10B4A000002104F091FF8DF857000CE01898283027
:10B4B000022105F071F88DF8570004E003E0012047
:10B4C0008DF85700FFE79DF8570068B9FFE744F291
:10B4D0005841C5F60201086820F44030189AD2F8A5
:10B4E000A0201043086004E09DF857008DF8560036
:10B4F000FFE7FFE718988078400700283FD5FFE76F
:10B500001898D0F884000390B0F5801F0AD0FFE7A8
:10B510000398B0F5001F0ED0FFE70398B0F5401F69
:10B5200011D011E044F22C41C5F60201086840F444
:10B53000003008600CE018982830012105F02CF844
:10B540008DF8570004E003E001208DF85700FFE775
:10B550009DF8570068B9FFE744F25441C5F602016F
:10B56000086820F44010189AD2F88420104308602C
:10B5700004E09DF857008DF85600FFE7FFE71898A4
:10B580008078C007A8B3FFE71898006D029028B133
:10B59000FFE70298B0F5803F09D010E044F22C415B
:10B5A000C5F60201086840F4003008600BE0189806
:10B5B0000830022104F008FF8DF8570003E0012055
:10B5C0008DF85700FFE79DF8570060B9FFE744F298
:10B5D0004C41C5F60201086820F48030189A126DBB
:10B5E0001043086004E09DF857008DF85600FFE70F
:10B5F000FFE71898C078800600280CD5FFE7189858
:10B600002830022104F0C8FF20B1FFE701208DF8A7
:10B610005600FFE7FFE718988078800700283AD5A2
:10B62000FFE71898C06F0190D0B1FFE70198B0F51F
:10B63000807F0AD0FFE70198B0F5007F0ED0FFE7CA
:10B640000198B0F5407F0AD00BE044F22C41C5F6DA
:10B650000201086840F40030086006E005E004E0FC
:10B6600003E001208DF85700FFE79DF8570060B90F
:10B67000FFE744F25441C5F60201086820F4407027
:10B68000189AD26F1043086004E09DF857008DF8B7
:10B690005600FFE7FFE718988078C00600280CD511
:10B6A000FFE744F25041C5F60201086820F000406F
:10B6B000189A126F10430860FFE718988078800688
:10B6C00000280CD5FFE744F25041C5F60201086896
:10B6D00020F08070189A926E10430860FFE7189867
:10B6E000C0784006002811D5FFE7FFE744F210417B
:10B6F000C5F60201086820F4004008601898D0F8E8
:10B70000B420086810430860FFE7FFE71898C07886
:10B71000000600280CD5FFE744F24C41C5F60201B3
:10B72000086820F04050189A526D10430860FFE7F7
:10B7300018988078000600280DD5FFE744F25441A0
:10B74000C5F60201086820F44000189AD2F8882053
:10B7500010430860FFE718980079C00790B1FFE731
:10B7600018980830002104F02FFE8DF857009DF83E
:10B77000570008B9FFE704E09DF857008DF8560020
:10B78000FFE7FFE7189800798007002812D5FFE748
:10B7900018980830012104F017FE8DF857009DF825
:10B7A000570008B9FFE704E09DF857008DF85600F0
:10B7B000FFE7FFE7189800794007002812D5FFE758
:10B7C00018980830022104F0FFFD8DF857009DF80D
:10B7D000570008B9FFE704E09DF857008DF85600C0
:10B7E000FFE7FFE7189800790007002812D5FFE768
:10B7F00018982830002104F0CFFE8DF857009DF8EE
:10B80000570008B9FFE704E09DF857008DF856008F
:10B81000FFE7FFE718980079C006002812D5FFE778
:10B8200018982830012104F0B7FE8DF857009DF8D4
:10B83000570008B9FFE704E09DF857008DF856005F
:10B84000FFE7FFE7189800798006002812D5FFE788
:10B8500018982830022104F09FFE8DF857009DF8BB
:10B86000570008B9FFE704E09DF857008DF856002F
:10B87000FFE7FFE79DF8560020B9FFE700208DF8AD
:10B88000670003E001208DF86700FFE79DF867007F
:10B890001AB080BD0000000080B586B0049003910E
:10B8A000049820B9FFE701208DF817003CE20398C7
:10B8B00042F20001C5F20021096801F00F0188423F
:10B8C00016D9FFE742F20000C5F20020016821F01E
:10B8D0000F01039A11430160006800F00F00039903
:10B8E000884204D0FFE701208DF817001CE2FFE733
:10B8F000049800784007002819D5FFE704980069EC
:10B9000044F21841C5F60201096801F0700188424D
:10B910000CD9FFE744F21841C5F60201086820F08F
:10B920007000049A126910430860FFE7FFE704986B
:10B9300000780007002819D5FFE70498406944F211
:10B940001C41C5F60201096801F0700188420CD95A
:10B95000FFE744F21C41C5F60201086820F07000C0
:10B96000049A526910430860FFE7FFE704980078E3
:10B97000C006002819D5FFE70498806944F21C41ED
:10B98000C5F60201096801F4E06188420CD9FFE7BD
:10B9900044F21C41C5F60201086820F4E060049AF4
:10B9A000926910430860FFE7FFE70498007880067B
:10B9B000002819D5FFE70498C06944F22041C5F674
:10B9C0000201096801F0700188420CD9FFE744F2D6
:10B9D0002041C5F60201086820F07000049AD2697F
:10B9E00010430860FFE7FFE704980078800700280D
:10B9F00019D5FFE70498C06844F21841C5F6020162
:10BA0000096801F00F0188420CD9FFE744F21841A0
:10BA1000C5F60201086820F00F00049AD2681043AE
:10BA20000860FFE7FFE704980078C007002800F0EF
:10BA30008C80FFE744F21841C5F60201086820F443
:10BA40007060049A92681043086004984068022865
:10BA500011D1FFE744F20040C5F60200006800F48F
:10BA600000310020B0EB514F04D1FFE701208DF8E9
:10BA7000170059E13EE004984068032811D1FFE720
:10BA800044F20040C5F60200006800F0007100209A
:10BA9000B0EB516F04D1FFE701208DF8170043E1AF
:10BAA00027E004984068012811D1FFE744F20040E4
:10BAB000C5F60200006800F480710020B0EB112F81
:10BAC00004D1FFE701208DF817002DE110E044F2CA
:10BAD0000040C5F60200006800F004010020B0EB51
:10BAE000910F04D1FFE701208DF817001CE1FFE75B
:10BAF000FFE7FFE744F21041C5F60201086820F0B5
:10BB00000700049A526810430860FDF78DF8019011
:10BB1000FFE744F21040C5F60200006800F038006C
:10BB200004994968B0EBC10F0ED0FFE7FDF77CF830
:10BB30000199401A41F28931884204D3FFE703207A
:10BB40008DF81700F0E0E4E7FFE70498007880073D
:10BB5000002819D5FFE70498C06844F21841C5F6DB
:10BB60000201096801F00F0188420CD2FFE744F29C
:10BB70001841C5F60201086820F00F00049AD26847
:10BB800010430860FFE7FFE7039842F20001C5F2A7
:10BB90000021096801F00F01884216D2FFE742F246
:10BBA0000000C5F20020016821F00F01039A114343
:10BBB0000160006800F00F000399884204D0FFE79D
:10BBC00001208DF81700AFE0FFE7049800784007E8
:10BBD000002819D5FFE70498006944F21841C5F61A
:10BBE0000201096801F0700188420CD2FFE744F2BB
:10BBF0001841C5F60201086820F07000049A126925
:10BC000010430860FFE7FFE704980078000700286A
:10BC100019D5FFE70498406944F21C41C5F60201BA
:10BC2000096801F0700188420CD2FFE744F21C4120
:10BC3000C5F60201086820F07000049A52691043AA
:10BC40000860FFE7FFE704980078C006002819D5D0
:10BC5000FFE70498806944F21C41C5F602010968B7
:10BC600001F4E06188420CD2FFE744F21C41C5F6C2
:10BC70000201086820F4E060049A926910430860A9
:10BC8000FFE7FFE7049800788006002819D5FFE752
:10BC90000498C06944F22041C5F60201096801F028
:10BCA000700188420CD2FFE744F22041C5F6020140
:10BCB000086820F07000049AD26910430860FFE71A
:10BCC000FFE700F0CDF844F21842C5F60202116811
:10BCD000C1F3032344F23071C0F60201CB5C03F0E0
:10BCE0001F03D84000900098126802F00F02895C90
:10BCF00001F01F01C84040F25401C2F20041086047
:10BD0000009840F25001C2F20041086040F2E03079
:10BD1000C2F200400068FCF7DFFF8DF80B009DF8D1
:10BD20000B008DF81700FFE79DF8170006B080BDE7
:10BD300082B00190009101993F20086044F21040C8
:10BD4000C5F60200006800F007000199486044F25F
:10BD50001840C5F60200016801F47061019A916013
:10BD6000016801F00F01019AD160006800F07000D5
:10BD70000199086144F21C40C5F60200016801F017
:10BD80007001019A5161006800F4E06001998861D6
:10BD900044F22040C5F60200006800F070000199EE
:10BDA000C86142F20000C5F20020006800F00F00F8
:10BDB0000099086002B0704780B582B000F050F87A
:10BDC00044F21842C5F602021168C1F3032344F29B
:10BDD0003071C0F60201CB5C03F01F03D840019024
:10BDE0000198126802F00F02895C01F01F0120FA2D
:10BDF00001F140F25400C2F200400160019940F2AA
:10BE00005002C2F200421160006802B080BD000022
:10BE100080B5FFF7D1FF44F21C41C5F60201096865
:10BE2000C1F3021244F23071C0F60201895C01F0E4
:10BE30001F01C84080BD000080B5FFF7BDFF44F280
:10BE40001C41C5F602010968C1F3022244F23071B7
:10BE5000C0F60201895C01F01F01C84080BD0000EE
:10BE60008AB044F21040C5F60200006800F03800C5
:10BE700001460191182800F25F810199DFE811F075
:10BE800019005C015C015C015C015C015C015C010E
:10BE90003A005C015C015C015C015C015C015C01DD
:10BEA00040005C015C015C015C015C015C015C01C7
:10BEB000460044F20040C5F60200006800F0200190
:10BEC0000020B0EB511F0ED0FFE744F20040C5F652
:10BED00002000068C0F3C10149F20000C0F2D03096
:10BEE000C840029005E049F20000C0F2D030029054
:10BEF000FFE727E140F60010C0F23D00029021E18B
:10BF000043F20060C0F26E1002901BE144F2284040
:10BF1000C5F60200016801F0030108910068C0F352
:10BF20000510079044F22C40C5F60200006800F0AE
:10BF300001000690069844F23441C5F602010968F2
:10BF400089B2C908484300EE100AB8EE400A8DEDE8
:10BF5000040A0798002800F0EB80FFE7089800909B
:10BF600048B1FFE70098012865D0FFE70098022854
:10BF700000F08380A3E044F20040C5F602000068B0
:10BF800000F020010020B0EB511F31D0FFE744F258
:10BF90000040C5F602000068C0F3C10149F200008C
:10BFA000C0F2D030C84005909DED050AB8EE400AB9
:10BFB0009DED071AB8EE411A80EE010A44F23040B6
:10BFC000C5F6020000686FF35F2001EE100AB8EEBC
:10BFD000411A9DED042A9FED5E3A02EE031AB7EE78
:10BFE000002A31EE021A20EE010A8DED030A21E04B
:10BFF0009DED070AB8EE401A9FED570A80EE010A40
:10C0000044F23040C5F6020000686FF35F2001EE95
:10C01000100AB8EE411A9DED042A9FED4D3A02EE4A
:10C02000031AB7EE002A31EE021A20EE010A8DED56
:10C03000030AFFE765E09DED070AB8EE401A9FEDA1
:10C04000450A80EE010A44F23040C5F6020000685D
:10C050006FF35F2001EE100AB8EE411A9DED042A3D
:10C060009FED3B3A02EE031AB7EE002A31EE021AB8
:10C0700020EE010A8DED030A43E09DED070AB8EEBC
:10C08000401A9FED320A80EE010A44F23040C5F6B4
:10C09000020000686FF35F2001EE100AB8EE411A4B
:10C0A0009DED042A9FED2A3A02EE031AB7EE002A0C
:10C0B00031EE021A20EE010A8DED030A21E09DED1A
:10C0C000070AB8EE401A9FED230A80EE010A44F2F7
:10C0D0003040C5F6020000686FF35F2001EE100AE1
:10C0E000B8EE411A9DED042A9FED193A02EE031AAB
:10C0F000B7EE002A31EE021A20EE010A8DED030A96
:10C10000FFE744F23040C5F60200006881B201202A
:10C1100000EB512009909DED030A9DED091AB8EE40
:10C12000411A80EE010ABCEEC00A8DED020A02E05F
:10C1300000200290FFE705E040F60010C0F23D004D
:10C140000290FFE702980AB0704700BF001BB74B90
:10C15000000000390024744A0024744C00000000E0
:10C1600080B58CB00A900A9828B9FFE701208DF8B5
:10C170002F0000F001BD0A980078C007002800F0E9
:10C18000B980FFE744F21040C5F60200006800F0F5
:10C190003800069044F22840C5F602000068059079
:10C1A000069810280AD0FFE7069818281CD1FFE748
:10C1B000059800F00300022816D1FFE744F2004082
:10C1C000C5F60200006800F400310020B0EB514FCA
:10C1D00009D0FFE70A98406828B9FFE701208DF8E9
:10C1E0002F0000F0C9BC84E0FFE70A984068B0F572
:10C1F000803F09D1FFE744F20041C5F6020108681B
:10C2000040F48030086032E00A98406868B9FFE77F
:10C2100044F20041C5F60201086820F4803008604D
:10C22000086820F48020086020E00A984068B0F593
:10C23000A02F0DD1FFE744F20041C5F602010868C6
:10C2400040F480200860086840F4803008600CE00A
:10C2500044F20041C5F60201086820F4803008600D
:10C26000086820F480200860FFE7FFE7FFE7FFE7AA
:10C270000A984068F0B1FFE7FCF7D6FC0990FFE7A9
:10C2800044F20040C5F60200006800F400310020CE
:10C29000B0EB514F0DD1FFE7FCF7C6FC0999401AEE
:10C2A000652805D3FFE703208DF82F0000F064BC5C
:10C2B000E6E71DE0FCF7B8FC0990FFE744F2004018
:10C2C000C5F60200006800F400310020B0EB514FC9
:10C2D0000DD0FFE7FCF7A8FC0999401A652805D3A3
:10C2E000FFE703208DF82F0000F046BCE6E7FFE7EC
:10C2F000FFE7FFE70A9800788007002840F1C58033
:10C30000FFE744F21040C5F60200006800F0380074
:10C31000049044F22840C5F6020000680390049897
:10C3200050B1FFE70498182850D1FFE79DF80C00A2
:10C33000800700284AD1FFE744F20040C5F602001A
:10C34000006800F004010020B0EB910F09D0FFE776
:10C350000A98C06828B9FFE701208DF82F0000F087
:10C360000BBC44F20041C5F60201086820F0190038
:10C370000A9AD26810430860FCF756FC0990FFE760
:10C3800044F20040C5F60200006800F004010020FD
:10C39000B0EB910F0CD1FFE7FCF746FC0999401A6E
:10C3A000032804D3FFE703208DF82F00E4E3E7E739
:10C3B00044F20441C5F60201086820F0FE400A9AE2
:10C3C000126940EA02600860FFE75DE00A98C06811
:10C3D000A0B3FFE744F20041C5F60201086820F06F
:10C3E00019000A9AD26810430860FCF71DFC0990F6
:10C3F000FFE744F20040C5F60200006800F00401C7
:10C400000020B0EB910F0CD1FFE7FCF70DFC099970
:10C41000401A032804D3FFE703208DF82F00ABE375
:10C42000E7E744F20441C5F60201086820F0FE4047
:10C430000A9A126940EA0260086024E044F200416E
:10C44000C5F60201086820F001000860FCF7ECFB6B
:10C450000990FFE744F20040C5F60200006800F0D2
:10C4600004010020B0EB910F0CD0FFE7FCF7DCFBE0
:10C470000999401A032804D3FFE703208DF82F0001
:10C480007AE3E7E7FFE7FFE7FFE70A980078C006EF
:10C49000002840F1A080FFE744F21040C5F60200FA
:10C4A000006800F03800029044F22840C5F602000F
:10C4B00000680190029808280AD0FFE7029818281F
:10C4C0002BD1FFE7019800F00300012825D1FFE7F9
:10C4D00044F20040C5F60200006800F480710020BC
:10C4E000B0EB112F09D0FFE70A98C069802804D06B
:10C4F000FFE701208DF82F003EE3FFE744F20C41F7
:10C50000C5F60201086820F07C500A9A126A40EAD7
:10C5100002600860FFE7FFE75CE00A98C06998B333
:10C52000FFE744F20041C5F60201086840F08000D0
:10C530000860FCF779FB0990FFE744F20040C5F67C
:10C540000200006800F480710020B0EB112F0CD1C4
:10C55000FFE7FCF769FB0999401A032804D3FFE7BA
:10C5600003208DF82F0007E3E7E7FFE744F20C41D3
:10C57000C5F60201086820F07C500A9A126A40EA67
:10C5800002600860FFE724E044F20041C5F60201C2
:10C59000086820F080000860FCF746FB0990FFE780
:10C5A00044F20040C5F60200006800F480710020EB
:10C5B000B0EB112F0CD0FFE7FCF736FB0999401ABE
:10C5C000032804D3FFE703208DF82F00D4E2E7E728
:10C5D000FFE7FFE7FFE70A980078000700284FD53C
:10C5E000FFE70A98406928B3FFE744F27441C5F6B3
:10C5F0000201086840F001000860FCF715FB099093
:10C60000FFE744F27440C5F60200006800F0020142
:10C610000020B0EB510F0CD1FFE7FCF705FB0999A7
:10C62000401A032804D3FFE703208DF82F00A3E26C
:10C63000E7E724E044F27441C5F60201086820F0FF
:10C6400001000860FCF7F0FA0990FFE744F274403B
:10C65000C5F60200006800F002010020B0EB510FA7
:10C660000CD0FFE7FCF7E0FA0999401A032804D33D
:10C67000FFE703208DF82F007EE2E7E7FFE7FFE703
:10C680000A980078800600284FD5FFE70A9880694D
:10C6900028B3FFE744F20041C5F60201086840F400
:10C6A00080500860FCF7C0FA0990FFE744F20040B0
:10C6B000C5F60200006800F400510020B0EB513FC5
:10C6C0000CD1FFE7FCF7B0FA0999401A032804D30C
:10C6D000FFE703208DF82F004EE2E7E724E044F265
:10C6E0000041C5F60201086820F480500860FCF79C
:10C6F0009BFA0990FFE744F20040C5F6020000688B
:10C7000000F400510020B0EB513F0CD0FFE7FCF7E4
:10C710008BFA0999401A032804D3FFE703208DF808
:10C720002F0029E2E7E7FFE7FFE70A9800784007D4
:10C73000002840F1A780FFE744F60001C5F602019A
:10C74000086840F480700860FCF76EFA0990FFE713
:10C7500044F60000C5F602000068C00500280CD4AD
:10C76000FFE7FCF761FA0999401A652804D3FFE74F
:10C7700003208DF82F00FFE1EAE7FFE70A988068C1
:10C78000012809D1FFE744F27041C5F602010868AB
:10C7900040F00100086031E00A98806868B9FFE75E
:10C7A00044F27041C5F60201086820F001000860FB
:10C7B000086820F0040008601FE00A9880680528D7
:10C7C0000DD1FFE744F27041C5F60201086840F060
:10C7D00004000860086840F0010008600CE044F2C2
:10C7E0007041C5F60201086820F001000860086881
:10C7F00020F004000860FFE7FFE7FFE7FFE70A9883
:10C800008068F8B1FFE7FCF70FFA0990FFE744F200
:10C810007040C5F60200006800F002010020B0EB95
:10C82000510F0ED1FFE7FCF7FFF90999401A41F2C9
:10C830008931884204D3FFE703208DF82F009BE164
:10C84000E5E71EE0FCF7F0F90990FFE744F27040DD
:10C85000C5F60200006800F002010020B0EB510FA5
:10C860000ED0FFE7FCF7E0F90999401A41F289314F
:10C87000884204D3FFE703208DF82F007CE1E5E731
:10C88000FFE7FFE70A98406A002800F07181FFE7A0
:10C8900044F21040C5F60200006800F03800182885
:10C8A00000F0E080FFE70A98406A022840F0B48078
:10C8B000FFE744F20041C5F60201086820F08070ED
:10C8C0000860FCF7B1F90990FFE744F20040C5F6B3
:10C8D0000200006800F000710020B0EB516F0CD036
:10C8E000FFE7FCF7A1F90999401A032804D3FFE7F1
:10C8F00003208DF82F003FE1E7E7FFE744F22841EE
:10C90000C5F60201086840F2F33290430A9B9A6A26
:10C91000DB6A42EA0312104308600A99086BD1F8F7
:10C9200034C08B6BCA6B01386FF35F204FF6006128
:10C93000CFF6FF7101EB4C2189B208440021CFF6FC
:10C94000FF7101EB034101F4FE0108444FF07F4108
:10C9500001EB026101F0FE41084444F23041C5F6AA
:10C9600002010860FFE744F22C41C5F60201009184
:10C97000086820F00100086044F23442C5F6020263
:10C9800010684FF6F87398430A9B9B6C40EAC3000B
:10C990001060086820F00C000A9A126C10430860BE
:10C9A000086820F002000A9A526C10430860086878
:10C9B00040F480300860086840F40030086008687F
:10C9C00040F480200860086840F00100086044F2EC
:10C9D0000041C5F60201086840F080700860FCF76D
:10C9E00023F90990FFE744F20040C5F60200006811
:10C9F00000F000710020B0EB516F0CD1FFE7FCF7A5
:10CA000013F90999401A032804D3FFE703208DF88E
:10CA10002F00B1E0E7E724E044F20041C5F602014F
:10CA2000086820F080700860FCF7FEF80990FFE7C6
:10CA300044F20040C5F60200006800F000710020DA
:10CA4000B0EB516F0CD0FFE7FCF7EEF80999401AF4
:10CA5000032804D3FFE703208DF82F008CE0E7E7DD
:10CA6000FFE784E044F22840C5F602000068089021
:10CA700044F23040C5F60200006807900A98406A08
:10CA8000012837D0FFE7089800F003000A99896A67
:10CA900088422FD1FFE7089800F47C710A98C06A99
:10CAA000B0EB111F26D1FFE707986FF35F200A99BB
:10CAB000096B013988421DD1FFE7BDF81C100A98A7
:10CAC000406B0138B0EB512F14D1FFE7079800F409
:10CAD000FE010A98806B0138B0EB114F0AD1FFE7D5
:10CAE000079800F0FE410A98C06B0138B0EB116F57
:10CAF00004D0FFE701208DF82F003DE044F23440E0
:10CB0000C5F60200006880B2C00808900A98806CE0
:10CB10000899884229D0FFE744F22C41C5F602016A
:10CB2000086820F001000860FCF77EF80990FFE734
:10CB3000FCF77AF80999401A08B9FFE7F8E744F2D8
:10CB40003441C5F6020108684FF6F87290430A9A1C
:10CB5000926C40EAC200086044F22C41C5F6020122
:10CB6000086840F001000860FFE7FFE7FFE7FFE724
:10CB700000208DF82F00FFE79DF82F000CB080BD3E
:10CB800080B586B00490039102920193049820B975
:10CB9000FFE701208DF8170056E00498D0F88800D0
:10CBA00040B9FFE70499002081F88400049801F05F
:10CBB000D3FEFFE704992420C1F888000498016897
:10CBC000086820F0010008600498806A20B1FFE73F
:10CBD000049804F0CDFAFFE7049804F0E9FD012879
:10CBE00004D1FFE701208DF817002DE004980168BB
:10CBF000886840F48040886004980068806820F469
:10CC00000040039908430499096888600298400528
:10CC100000900199009840EA014000900498006853
:10CC200000686FF319400099084304990968086087
:10CC300004980168086840F001000860049804F056
:10CC40003BFB8DF81700FFE79DF8170006B080BD8D
:10CC500080B586B00490049820B9FFE701208DF8D4
:10CC600017003AE10498406A08B9FFE7FFE7049922
:10CC7000002088620498006843F20001C4F20101B8
:10CC800088421BD0FFE70498006843F60001C4F215
:10CC90000001884212D0FFE70498006843F6004183
:10CCA000C4F20001884209D0FFE70498C068102848
:10CCB00004D3FFE701208DF817000EE1049803F07C
:10CCC00007FE02900498006843F20001C4F20101DB
:10CCD000884216D0FFE70498006843F60001C4F2CA
:10CCE000000188420DD0FFE70498006843F6004138
:10CCF000C4F20001884204D0FFE7029808281FD838
:10CD0000FFE70498006843F20001C4F20101884281
:10CD100012D0FFE70498006843F60001C4F2000156
:10CD2000884209D0FFE70498006843F60041C4F246
:10CD30000001884208D1FFE70298112804D3FFE7D9
:10CD400001208DF81700C8E0049890F8810040B9E0
:10CD5000FFE70499002081F88000049800F0C4F8EF
:10CD6000FFE70499022081F88100049801680868AF
:10CD700020F00100086004980068806800F4F81052
:10CD8000039004988069B0F1806F1BD1FFE704988D
:10CD90004068B0F5800F04D1FFE70498806B50B174
:10CDA000FFE70498406868B9FFE70498806BB0F12A
:10CDB000805F07D1FFE704980168086840F480505D
:10CDC0000860FFE7049880794006002810D5FFE747
:10CDD0000498C06807280BD3FFE704980068006830
:10CDE00020F48070049A1168126D1043086006E008
:10CDF00004980168086820F480700860FFE7049BCD
:10CE00001968DA68D869D3F828C040EA0C00DDF860
:10CE10000CC040EA0C00DB6B184310438860049A96
:10CE20000192506B516A0843916B08439169084322
:10CE30001168D2F804C09368D2F810E040EA0E00FE
:10CE4000D2F814E040EA0E00D2F820E040EA0E00EA
:10CE500040EA0C00D2F84CC040EA0C001843936C36
:10CE60001843926D1043C8600498406898B9FFE772
:10CE7000049800688068012161F3CC200499096856
:10CE80008860049800688068022161F34A20049950
:10CE900009688860FFE704980168086D20F00100C8
:10CEA000086504988079400600280BD5FFE70498B0
:10CEB0000068C06820F00040049A1168526D104369
:10CEC000C860FFE704990020C1F88400049A01219A
:10CED00082F881108DF81700FFE79DF8170006B063
:10CEE00080BD00000000000080B5B6B03590002085
:10CEF0003490339032903190309002A8B821F3F7FB
:10CF000048FC3598006843F60041C4F200018842AD
:10CF10003ED1FFE7002003904FF480510291199019
:10CF200002A8FDF7C1FC18B1FFE7F6F7C1FEFFE765
:10CF3000FFE744F2E840C5F60200016841F4004111
:10CF40000160006800F4004001900198FFE7FFE7EE
:10CF500044F2E040C5F60200016841F004010160BE
:10CF6000006800F0040000900098FFE74FF4E050E4
:10CF7000309002203190002032903390062034907F
:10CF800040F60000C5F6020030A9FBF761FCFFE7A0
:10CF900036B080BD0000000080B588B006900591D5
:10CFA000ADF8122003930698006820300290FBF73A
:10CFB0003BFE0190069890F88100012804D0FFE71D
:10CFC00002208DF81F00D5E1059820B1FFE7BDF8DC
:10CFD000120020B9FFE701208DF81F00CAE1FFE72A
:10CFE000069890F88000012804D1FFE702208DF810
:10CFF0001F00BFE10699012081F88000FFE7FFE7ED
:10D000000699032081F8810006990020C1F8840068
:10D010000599069AD165BDF81210069AA2F860101B
:10D02000BDF81210069AA2F8621006994866069991
:10D03000A1F868000699A1F86A0006994867069960
:10D04000086706988068B0F5C02F07D1FFE70698FB
:10D050000168086840F40060086009E0069800680C
:10D06000C068012161F3524006990968C860FFE772
:10D070000698006840684FF6FF718843BDF81210AB
:10D08000084406990968486006980168086840F0F5
:10D090000100086006984068B0F5800F07D1FFE7EF
:10D0A00006980168086840F400700860FFE7069879
:10D0B000C068102848D3FFE7FFE70698B0F8620081
:10D0C000002840D0FFE706980068406980070028E4
:10D0D00010D5FFE706980168C06D006808620699E0
:10D0E000C86D0430C8650699B1F862000138A1F82E
:10D0F000620027E0FBF798FD0199401A03998842E6
:10D1000004D3FFE70398013018B9FFE70398C0B9CB
:10D11000FFE7069803F050FB0699D1F8840040F42D
:10D120008070C1F884000699012081F88100FFE732
:10D130000699002081F88000FFE703208DF81F008A
:10D1400018E1FFE7B9E7E8E00698C068082863D36C
:10D15000FFE7FFE70698B0F8620000285BD0FFE722
:10D16000069800684069800700282BD5FFE70698DD
:10D17000B0F86200022814D3FFE70698C06B80B1B4
:10D18000FFE706980168C06D006808620699C86DDF
:10D190000430C8650699B1F862000238A1F862004F
:10D1A0000FE00698C06D0088029908800699C86D46
:10D1B0000230C8650699B1F862000138A1F8620032
:10D1C000FFE727E0FBF730FD0199401A03998842F9
:10D1D00004D3FFE70398013018B9FFE70398C0B9FB
:10D1E000FFE7069803F0E8FA0699D1F8840040F4C6
:10D1F0008070C1F884000699012081F88100FFE762
:10D200000699002081F88000FFE703208DF81F00B9
:10D21000B0E0FFE79EE77FE0FFE70698B0F8620026
:10D22000002878D0FFE7069800684069800700284A
:10D2300048D5FFE70698B0F86200042815D3FFE749
:10D240000698C06B412810D3FFE706980168C06DAF
:10D25000006808620699C86D0430C8650699B1F87F
:10D2600062000438A1F862002BE00698B0F8620072
:10D27000022814D3FFE70698C06B80B1FFE7069839
:10D28000C06D0088029908800699C86D0230C86593
:10D290000699B1F862000238A1F8620010E0069821
:10D2A0000168C06D007881F820000699C86D0130D2
:10D2B000C8650699B1F862000138A1F86200FFE77D
:10D2C000FFE727E0FBF7B0FC0199401A0399884279
:10D2D00004D3FFE70398013018B9FFE70398C0B9FA
:10D2E000FFE7069803F068FA0699D1F8840040F445
:10D2F0008070C1F884000699012081F88100FFE761
:10D300000699002081F88000FFE703208DF81F00B8
:10D3100030E0FFE781E7FFE7FFE70698039B01990D
:10D320006A4611600821002203F0EAFA40B1FFE7E3
:10D330000699D1F8840040F02000C1F88400FFE78E
:10D34000069803F039FA0699012081F88100FFE779
:10D350000699002081F88000FFE70698D0F8840045
:10D3600020B1FFE701208DF81F0003E000208DF8B9
:10D370001F00FFE79DF81F0008B080BD00000000FF
:10D3800080B590B0DDF848C00E900D910C92ADF8CC
:10D390002E300E98006820300A900E9800683030C9
:10D3A00009900E98C16B012000EB5110ADF81200EE
:10D3B000FBF73AFC0890BDF82E00ADF81600BDF85A
:10D3C0002E00ADF814000E9890F88100012804D0CA
:10D3D000FFE702208DF83F0050E30D9838B1FFE7DA
:10D3E0000C9820B1FFE7BDF82E0020B9FFE701201F
:10D3F0008DF83F0042E3FFE70E9890F88000012887
:10D4000004D1FFE702208DF83F0037E30E99012099
:10D4100081F88000FFE7FFE70E99052081F8810081
:10D420000E990020C1F884000C990E9A5166BDF83F
:10D430002E100E9AA2F86A10BDF82E100E9AA2F8BD
:10D4400068100D990E9AD165BDF82E100E9AA2F8AB
:10D450006210BDF82E100E9AA2F860100E9908679F
:10D460000E9948670E980068C06820F4C0200E9995
:10D470000968C8600E98006843F20001C4F2010117
:10D48000884212D0FFE70E98006843F60001C4F20C
:10D490000001884209D0FFE70E98006843F600417A
:10D4A000C4F20001884203D1FFE71020079002E098
:10D4B00008200790FFE70E98006840684FF6FF715C
:10D4C0008843BDF82E1008440E99096848600E98EC
:10D4D0000168086840F0010008600E984068B0F5E7
:10D4E000800F07D1FFE70E980168086840F40070CC
:10D4F0000860FFE70E98C0681028C0F0B580FFE70D
:10D50000079880080790FFE7BDF8161001200390E8
:10D5100039B9FFE7BDF81400002818BF01200390B7
:10D52000FFE70398C007002800F09D80FFE70E98F2
:10D53000006840698007002822D5FFE7BDF8160083
:10D54000F0B1FFE7BDF81400BDF81610079A1144BA
:10D55000884215D2FFE70E980168C06D0068086226
:10D560000E99C86D0430C8650E99B1F86200013893
:10D57000A1F862000E98B0F86200ADF81600FFE75F
:10D580000E98006840690690BDF81400002869D024
:10D59000FFE70E9800684069C007B0B1FFE70E983A
:10D5A0000068006B0E99496E08600E99486E043051
:10D5B00048660E99B1F86A000138A1F86A000E9821
:10D5C000B0F86A00ADF814004BE0BDF81400BDF8E7
:10D5D000121088421CDAFFE79DF8190000060028A7
:10D5E00016D5FFE70E980068006B0E99496E08602B
:10D5F0000E99486E043048660E99B1F86A000138F9
:10D60000A1F86A000E98B0F86A00ADF8140027E09F
:10D61000FBF70AFB0899401A1299884204D3FFE7E6
:10D620001298013018B9FFE71298C0B9FFE70E98B9
:10D6300003F0C2F80E99D1F8840040F48070C1F86C
:10D6400084000E99012081F88100FFE70E990020E7
:10D6500081F88000FFE703208DF83F000EE2FFE72E
:10D66000FFE7FFE750E7DCE10E98C0680828C0F04C
:10D67000DE80FFE7079840080790FFE7BDF8161027
:10D680000120029039B9FFE7BDF81400002818BF47
:10D6900001200290FFE70298C007002800F0C68032
:10D6A000FFE70E98006840698007002822D5FFE751
:10D6B000BDF81600F0B1FFE7BDF81400BDF8161074
:10D6C000079A1144884215D2FFE70E98C06D008872
:10D6D0000A9908800E99C86D0230C8650E99B1F894
:10D6E00062000138A1F862000E98B0F86200ADF84F
:10D6F0001600FFE70E98006840690690BDF8140018
:10D70000002800F09280FFE70E9800684069C0078B
:10D71000A8B1FFE7099800880E99496E08800E9914
:10D72000486E023048660E99B1F86A000138A1F8D7
:10D730006A000E98B0F86A00ADF8140074E0BDF805
:10D740001400BDF81210884224DAFFE79DF8190092
:10D75000000600281ED5FFE7099800880E99496E3B
:10D7600008800E99486E02304866099800880E9924
:10D77000496E08800E99486E023048660E99B1F8DD
:10D780006A000238A1F86A000E98B0F86A00ADF895
:10D79000140048E0BDF8140001281BD1FFE79DF8F4
:10D7A00019008006002815D5FFE7099800880E9912
:10D7B000496E08800E99486E023048660E99B1F89D
:10D7C0006A000138A1F86A000E98B0F86A00ADF856
:10D7D000140027E0FBF728FA0899401A12998842AA
:10D7E00004D3FFE71298013018B9FFE71298C0B9C7
:10D7F000FFE70E9802F0E0FF0E99D1F8840040F4A4
:10D800008070C1F884000E99012081F88100FFE743
:10D810000E99002081F88000FFE703208DF83F007B
:10D820002CE1FFE7FFE7FFE7FFE727E7F8E0FFE787
:10D83000BDF816100120019039B9FFE7BDF81400BA
:10D84000002818BF01200190FFE70198C0070028B9
:10D8500000F0E580FFE70E98006840698007002827
:10D8600023D5FFE7BDF81600F8B1FFE7BDF81400B7
:10D87000BDF81610079A1144884216D2FFE70E9899
:10D880000168C06D007881F820000E99C86D0130E4
:10D89000C8650E99B1F862000138A1F862000E98CF
:10D8A000B0F86200ADF81600FFE70E980068406916
:10D8B0000690BDF81400002800F0B080FFE70E9835
:10D8C00000684069C007B8B1FFE70E98006890F89B
:10D8D00030000E99496E08700E99486E0130486606
:10D8E0000E99B1F86A000138A1F86A000E98B0F8F4
:10D8F0006A00ADF8140090E0BDF81400BDF81210F5
:10D9000088423EDAFFE79DF819000006002838D566
:10D91000FFE70E98006890F830000E99496E087085
:10D920000E99486E013048660E98006890F83000F5
:10D930000E99496E08700E99486E013048660E982F
:10D94000006890F830000E99496E08700E99486E84
:10D95000013048660E98006890F830000E99496EC4
:10D9600008700E99486E013048660E99B1F86A0049
:10D970000438A1F86A000E98B0F86A00ADF81400F7
:10D980004AE0BDF8140003281DD8FFE79DF81900F0
:10D9900010F0600F17D0FFE70E98006890F8300085
:10D9A0000E99496E08700E99486E013048660E99BE
:10D9B000B1F86A000138A1F86A000E98B0F86A0060
:10D9C000ADF8140027E0FBF72FF90899401A1299D7
:10D9D000884204D3FFE71298013018B9FFE7129884
:10D9E000C0B9FFE70E9802F0E7FE0E99D1F8840067
:10D9F00040F48070C1F884000E99012081F8810004
:10DA0000FFE70E99002081F88000FFE703208DF8E2
:10DA10003F0033E0FFE7FFE7FFE7FFE708E7FFE747
:10DA2000FFE70E98129B08996A46116008210022B0
:10DA300002F066FF40B1FFE70E99D1F8840040F094
:10DA40002000C1F88400FFE70E9802F0B5FE0E99A1
:10DA5000012081F88100FFE70E99002081F8800005
:10DA6000FFE70E98D0F8840020B1FFE701208DF881
:10DA70003F0003E000208DF83F00FFE79DF83F00E6
:10DA800010B080BD0000000081B0009001B0704770
:10DA900081B0009001B0704781B0009001B0704734
:10DAA00080B582B00090009820B9FFE701208DF882
:10DAB000070045E0009890F83D0040B9FFE7009965
:10DAC000002081F83C00009800F03EF8FFE7009944
:10DAD000022081F83D00009951F8040B03F008FA88
:10DAE0000099012081F84800FFE70099012081F8A2
:10DAF0003E00009981F83F00009981F840000099AC
:10DB000081F84100009981F84200009981F84300B2
:10DB1000FFE7FFE70099012081F84400009981F8B0
:10DB20004500009981F84600009981F84700FFE719
:10DB30000099012081F83D0000208DF80700FFE7E3
:10DB40009DF8070002B080BD81B0009001B0704721
:10DB500083B00190019890F83D00012804D0FFE7C0
:10DB600001208DF80B0083E00199022081F83D002F
:10DB700001980168C86840F00100C8600198006819
:10DB80000021C4F2010188424ED0FFE701980068ED
:10DB9000B0F1804F48D0FFE70198006840F20041A3
:10DBA000C4F2000188423FD0FFE70198006840F6C8
:10DBB0000001C4F20001884236D0FFE701980068F6
:10DBC00040F60041C4F2000188422DD0FFE70198E1
:10DBD000006840F20041C4F20101884224D0FFE70E
:10DBE0000198006841F60001C4F2000188421BD090
:10DBF000FFE70198006844F20001C4F20101884285
:10DC000012D0FFE7019800684EF20001C4F2000153
:10DC1000884209D0FFE7019800684EF20041C4F243
:10DC20000001884219D1FFE7019800688068072148
:10DC3000C0F2010108400090009806280CD0FFE7D0
:10DC40000098B0F5803F07D0FFE7019801680868A9
:10DC500040F001000860FFE706E0019801680868ED
:10DC600040F001000860FFE700208DF80B00FFE79F
:10DC70009DF80B0003B0704781B0009001B0704771
:10DC800080B584B0039003980068C0680290039840
:10DC90000068006901909DF804008007002824D5E1
:10DCA000FFE79DF80800800700281DD5FFE70398CF
:10DCB00001686FF00200086103990120087703985A
:10DCC00000688069800720B1FFE70398FFF7D4FF61
:10DCD00006E0039800F0FCF8039800F0FDF8FFE779
:10DCE000039900200877FFE7FFE79DF8040040074D
:10DCF000002825D5FFE79DF80800400700281ED51D
:10DD0000FFE7039801686FF004000861039902209F
:10DD1000087703980068806910F4407F04D0FFE71B
:10DD20000398FFF7A9FF06E0039800F0D1F80398E5
:10DD300000F0D2F8FFE7039900200877FFE7FFE73C
:10DD40009DF804000007002824D5FFE79DF808008F
:10DD5000000700281DD5FFE7039801686FF0080051
:10DD6000086103990420087703980068C069800758
:10DD700020B1FFE70398FFF77FFF06E0039800F06C
:10DD8000A7F8039800F0A8F8FFE7039900200877A8
:10DD9000FFE7FFE79DF80400C006002825D5FFE750
:10DDA0009DF80800C00600281ED5FFE7039801680B
:10DDB0006FF0100008610399082008770398006845
:10DDC000C06910F4407F04D0FFE70398FFF754FFC9
:10DDD00006E0039800F07CF8039800F07DF8FFE778
:10DDE000039900200877FFE7FFE79DF80400C007CC
:10DDF00078B1FFE79DF80800C00748B1FFE7039836
:10DE000001686FF001000861039800F069F8FFE70E
:10DE1000FFE7019800F08000802806D0FFE79DF81A
:10DE200005008006002810D5FFE79DF808000006D1
:10DE3000002809D5FFE7039801686FF402500861D4
:10DE40000398FFF725FEFFE7FFE79DF80500C007F1
:10DE500080B1FFE79DF808000006002809D5FFE71C
:10DE6000039801686FF4807008610398FFF70CFE57
:10DE7000FFE7FFE79DF804004006002810D5FFE704
:10DE80009DF808004006002809D5FFE703980168BF
:10DE90006FF040000861039800F036F8FFE7FFE7F5
:10DEA0009DF804008006002810D5FFE79DF80800C3
:10DEB0008006002809D5FFE7039801686FF020006D
:10DEC00008610398FFF7E8FDFFE7FFE704B080BDB6
:10DED00081B0009001B0704781B0009001B07047F0
:10DEE00080B582B001900198006841F20001C4F24F
:10DEF0000001884203D1FFE7FAF79EFEFFE702B078
:10DF000080BD00000000000081B0009001B07047AB
:10DF100083B00190FFE7019890F88400012804D1B4
:10DF2000FFE702208DF80B002CE00199012081F819
:10DF30008400FFE7FFE701992420C1F888000198D9
:10DF400000680068009001980168086820F00100EE
:10DF50000860009820F00050009001990020486669
:10DF6000009801990968086001992020C1F888008B
:10DF7000FFE70199002081F88400FFE700208DF879
:10DF80000B00FFE79DF80B0003B070470000000096
:10DF900080B586B004900391ADF80A200498D0F8BB
:10DFA0008C00202844D1FFE7039820B1FFE7BDF89B
:10DFB0000A0020B9FFE701208DF817003CE0049922
:10DFC0000120C86604990020086704980399BDF8E9
:10DFD0000A2004F015F98DF809009DF8090010BB1E
:10DFE000FFE70498C06E012818D1FFE70498016884
:10DFF00010200862FFE7FFE70498006850E8000F70
:10E0000040F010000190FFE701990498026842E88F
:10E0100000100028F0D1FFE7FFE703E001208DF8B2
:10E020000900FFE7FFE79DF809008DF8170003E0FE
:10E0300002208DF81700FFE79DF8170006B080BD9D
:10E0400080B582B00190ADF802100198BDF80210C1
:10E0500010F0DAFC02B080BD81B0009001B07047D2
:10E0600080B584B002900191FFE7029890F8840097
:10E07000012804D1FFE702208DF80F0032E0029959
:10E08000012081F88400FFE7FFE702992420C1F80E
:10E09000880002980068006800900298016808688B
:10E0A00020F00100086002980068806820F060603D
:10E0B00001990843029909688860029803F014F8EE
:10E0C000009802990968086002992020C1F8880028
:10E0D000FFE70299002081F88400FFE700208DF817
:10E0E0000F00FFE79DF80F0004B080BD00000000A6
:10E0F00080B584B002900191FFE7029890F8840007
:10E10000012804D1FFE702208DF80F0032E00299C8
:10E11000012081F88400FFE7FFE702992420C1F87D
:10E1200088000298006800680090029801680868FA
:10E1300020F00100086002980068806820F06040CC
:10E1400001990843029909688860029802F0CCFF9F
:10E15000009802990968086002992020C1F8880097
:10E16000FFE70299002081F88400FFE700208DF886
:10E170000F00FFE79DF80F0004B080BD0000000015
:10E1800081B0009001B0704781B0009001B070473D
:10E1900080B582B00190019810F00EFC019802F059
:10E1A00057FC02B080BD000080B592B0119011986C
:10E1B0000068C06910901198006800680F9011986D
:10E1C000006880680E90109840F60F0108400D908E
:10E1D0000D98E0B9FFE79DF840008006002815D5AE
:10E1E000FFE79DF83C008006002806D4FFE79DF875
:10E1F0003B00C006002809D5FFE71198406F20B109
:10E20000FFE71198416F8847FFE74AE3FFE70D9862
:10E21000002800F00C81FFE70E980121C1F20001F7
:10E22000084209D1FFE70F9840F22011C0F20041E7
:10E23000084200F0FC80FFE79DF84000C00788B16D
:10E24000FFE79DF83D00C00760B1FFE71198016846
:10E25000012008621199D1F8900040F00100C1F846
:10E260009000FFE79DF840008007002811D5FFE7E8
:10E270009DF83800C00760B1FFE7119801680220DF
:10E2800008621199D1F8900040F00400C1F89000A4
:10E29000FFE79DF840004007002811D5FFE79DF8F3
:10E2A0003800C00760B1FFE71198016804200862D8
:10E2B0001199D1F8900040F00200C1F89000FFE7FA
:10E2C0009DF840000007002819D5FFE79DF83C00A5
:10E2D0008006002807D4FFE70E980121C1F2000153
:10E2E00008420CD0FFE711980168082008621199D4
:10E2F000D1F8900040F00800C1F89000FFE79DF8C9
:10E3000041000007002813D5FFE79DF83F004007B4
:10E3100000280DD5FFE7119801684FF400600862EE
:10E320001199D1F8900040F02000C1F89000FFE76B
:10E330001198D0F89000002878D0FFE79DF84000B1
:10E340008006002815D5FFE79DF83C0080060028D0
:10E3500006D4FFE79DF83B00C006002809D5FFE77B
:10E360001198406F20B1FFE71198416F8847FFE790
:10E37000FFE71198D0F890000C9011980068806821
:10E3800000F04000402806D0FFE79DF8300010F074
:10E39000280F42D0FFE7119803F066F91198006842
:10E3A00080684006002833D5FFE7FFE7FFE71198B4
:10E3B000006850E8020F20F040000B90FFE70B9937
:10E3C0001198026842E802100028F0D1FFE7FFE749
:10E3D0001198D0F88000B0B1FFE71198D0F8801004
:10E3E00041F20140C0F6010008651198D0F88000A4
:10E3F000F6F7B6FB30B1FFE71198D0F88000016D59
:10E400008847FFE703E01198FFF7C2FEFFE703E04C
:10E410001198FFF7BDFEFFE707E01198FFF7B8FE80
:10E4200011990020C1F89000FFE7FFE739E2119849
:10E43000C06E012840F0D681FFE79DF84000C0067D
:10E44000002840F1CF81FFE79DF83C00C00600287E
:10E4500040F1C881FFE71198016810200862119807
:10E46000006880684006002840F15A81FFE7119853
:10E47000D0F8800000681021C4F20201884200F048
:10E48000A280FFE71198D0F8800000682821C4F22C
:10E490000201884200F09780FFE71198D0F88000D1
:10E4A00000684021C4F20201884200F08C80FFE73E
:10E4B0001198D0F8800000685821C4F20201884207
:10E4C00000F08180FFE71198D0F88000006870218B
:10E4D000C4F20201884276D0FFE71198D0F880009C
:10E4E00000688821C4F2020188426CD0FFE71198CD
:10E4F000D0F880000068A021C4F20201884262D0F6
:10E50000FFE71198D0F880000068B821C4F202013A
:10E51000884258D0FFE71198D0F88000006840F298
:10E520001041C4F2020188424DD0FFE71198D0F8A3
:10E530008000006840F22841C4F20201884242D0C3
:10E54000FFE71198D0F88000006840F24041C4F223
:10E550000201884237D0FFE71198D0F880000068A8
:10E5600040F25841C4F2020188422CD0FFE71198D2
:10E57000D0F88000006840F27041C4F20201884285
:10E5800021D0FFE71198D0F88000006840F2884160
:10E59000C4F20201884216D0FFE71198D0F880003B
:10E5A000006840F2A041C4F2020188420BD0FFE7AC
:10E5B0001198D0F88000006840F2B841C4F202011E
:10E5C000884207D1FFE71198D0F8800000684068C2
:10E5D000019006E01198D0F8800000684068019032
:10E5E000FFE70198ADF82A00BDF82A0000287BD08B
:10E5F000FFE7BDF82A001199B1F85C10884273DA80
:10E60000FFE7BDF82A001199A1F85E001198D0F833
:10E610008000C069B0F5807F59D0FFE7FFE7FFE7D2
:10E620001198006850E8000F20F480700990FFE70F
:10E6300009991198026842E800100028F0D1FFE71C
:10E64000FFE7FFE7FFE71198006850E8020F20F0AE
:10E6500001000890FFE708991198026842E802104B
:10E660000028F0D1FFE7FFE7FFE7FFE71198006818
:10E6700050E8020F20F040000790FFE7079911983B
:10E68000026842E802100028F0D1FFE7FFE7119985
:10E690002020C1F88C0011990020C866FFE7FFE731
:10E6A0001198006850E8000F20F010000690FFE776
:10E6B00006991198026842E800100028F0D1FFE79F
:10E6C000FFE71198D0F88000F5F78EFDFFE711996C
:10E6D000022008671198B0F85C10B0F85E20891A23
:10E6E00089B2FFF7ADFC1AE0BDF82A001199B1F824
:10E6F0005C10884212D1FFE71198D0F88000C06901
:10E70000B0F5807F09D1FFE71199022008671198C1
:10E71000B0F85C10FFF794FCFFE7FFE7FFE7C0E00D
:10E720001199B1F85C00B1F85E10401AADF816000E
:10E730001198B0F85E00002853D0FFE7BDF816002E
:10E7400000284ED0FFE7FFE7FFE71198006850E888
:10E75000000F20F490700490FFE70499119802686C
:10E7600042E800100028F0D1FFE7FFE7FFE7FFE7EE
:10E770001198006850E8020F4FF6FE71CEF6FF7157
:10E7800008400390FFE703991198026842E80210DD
:10E790000028EDD1FFE7FFE711992020C1F88C0098
:10E7A00011990020C86611994867FFE7FFE71198A3
:10E7B000006850E8000F20F010000290FFE7029977
:10E7C0001198026842E800100028F0D1FFE7FFE747
:10E7D0001199022008671198BDF81610FFF730FC58
:10E7E000FFE75EE09DF84200C00600280FD5FFE776
:10E7F0009DF83A004006002809D5FFE71198016806
:10E800004FF4801008621198FFF7BEFC49E09DF8B4
:10E8100040000006002815D5FFE79DF83C000006E3
:10E82000002806D4FFE79DF83A000006002809D525
:10E83000FFE71198806F20B1FFE71198816F88473B
:10E84000FFE72EE09DF84000400600280AD5FFE7CC
:10E850009DF83C004006002804D5FFE7119802F01F
:10E8600053FF1EE09DF84200000600280AD5FFE78E
:10E870009DF83F004006002804D5FFE71198FFF7F8
:10E880007FFC0EE09DF84300C00750B1FFE79DF804
:10E890003F000006002804D5FFE71198FFF7DCFBD6
:10E8A000FFE712B080BD000080B582B000900098F4
:10E8B00020B9FFE701208DF8070046E00098806945
:10E8C00008B1FFE700E0FFE70098D0F8880040B902
:10E8D000FFE70099002081F88400009800F03CF8E0
:10E8E000FFE700992420C1F88800009801680868B3
:10E8F00020F0010008600098806A20B1FFE70098CE
:10E9000002F036FCFFE7009802F052FF012804D124
:10E91000FFE701208DF8070017E0009801684868BC
:10E9200020F49040486000980168886820F02A0030
:10E93000886000980168086840F00100086000984D
:10E9400002F0BAFC8DF80700FFE79DF8070002B05F
:10E9500080BD00000000000080B5E0B05F900020A6
:10E960005E905D905C905B905A902CA8B821F1F776
:10E9700010FF5F98006845F20001C4F20001884270
:10E9800040F09580FFE700202D9002212C914990C6
:10E990002CA8FBF789FF18B1FFE7F5F789F9FFE726
:10E9A000FFE744F2E840C5F60200016841F4801137
:10E9B0000160006800F480102B902B98FFE7FFE7C0
:10E9C00044F2E040C5F60200016841F00201016036
:10E9D000006800F002002A902A98FFE7FFE744F25F
:10E9E000E040C5F60200016841F0080101600068DE
:10E9F00000F0080029902998FFE74FF400505A9042
:10EA0000022016905B90002018905C905D900E2084
:10EA10005E9040F20040C5F602005AA91791F9F73E
:10EA200017FF169A1799189804235A935B925C90D3
:10EA30005D9008205E9040F60040C5F60200F9F7B0
:10EA400007FF189945F6CC50C2F2004019901022E9
:10EA5000C4F202020260412242608160C1604FF450
:10EA600080620261416181614FF48072C2614FF442
:10EA7000003202624162F7F7ABFC18B1FFE7F5F72D
:10EA800017F9FFE7FFE75F9845F6CC51C2F2004166
:10EA9000C0F880105F988863FFE735201590052146
:10EAA0000022FAF71DFA1598FAF70EFA6BE35F9851
:10EAB000006847F60001C4F2000188423DD1FFE73B
:10EAC00000202D9002212C9149902CA8FBF7ECFE00
:10EAD00018B1FFE7F5F7ECF8FFE7FFE744F2E8408D
:10EAE000C5F60200016841F080410160006800F055
:10EAF000804028902898FFE7FFE744F2E040C5F601
:10EB00000200016841F010010160006800F010008F
:10EB100027902798FFE74FF4C0705A9002205B902F
:10EB200000205C905D9007205E9041F20000C5F6E9
:10EB300002005AA9F9F78CFE24E35F98006847F6B3
:10EB40000041C4F20001884240F09980FFE70020B4
:10EB50002D9002212C9149902CA8FBF7A5FE18B10D
:10EB6000FFE7F5F7A5F8FFE7FFE744F2E840C5F651
:10EB70000200016841F000410160006800F00040BF
:10EB800026902698FFE7FFE744F2E040C5F6020032
:10EB9000016841F010010160006800F0100025904C
:10EBA0002598FFE703205A9002205B9000201390E5
:10EBB0005C905D9008205E9041F20000C5F6020076
:10EBC0005AA9F9F745FE139945F64460C2F2004090
:10EBD00014905822C4F20202026051224260816005
:10EBE000C1604FF480620261416181614FF48072C3
:10EBF000C26101624162F7F7EBFB18B1FFE7F5F77D
:10EC000057F8FFE7FFE75F9845F64461C2F200411D
:10EC1000C0F880105F988863FFE745F6BC60C2F2D9
:10EC200000401290B821C4F20201016052214160FB
:10EC3000402181600021C1604FF480620261416126
:10EC40008161C16101624162F7F7C2FB18B1FFE760
:10EC5000F5F72EF8FFE7FFE75F9845F6BC61C2F2D3
:10EC60000041C1675F988863FFE753201190052139
:10EC70000022FAF735F91198FAF726F981E25F9840
:10EC8000006841F60001C4F20101884240F098801A
:10EC9000FFE700202D9001212C914A902CA8FBF732
:10ECA00003FE18B1FFE7F5F703F8FFE7FFE744F2CB
:10ECB000F040C5F60200016841F0400101600068C3
:10ECC00000F0400024902498FFE7FFE744F2E04082
:10ECD000C5F60200016841F008010160006800F01B
:10ECE000080023902398FFE74FF440405A900220F9
:10ECF0005B9000200F905C905D900B205E9040F642
:10ED00000040C5F602005AA9F9F7A2FD0F9945F691
:10ED10003470C2F2004010908822C4F202020260F5
:10ED2000742242608160C1604FF48062026141617F
:10ED30008161C16101624162F7F74AFB18B1FFE7E7
:10ED4000F4F7B6FFFFE7FFE75F9845F63471C2F2CC
:10ED50000041C0F880105F988863FFE745F6AC700B
:10ED6000C2F200400E90A021C4F2020101607521A0
:10ED70004160402181600021C1604FF480620261E6
:10ED800041618161C16101624162F7F721FB18B104
:10ED9000FFE7F4F78DFFFFE7FFE75F9845F6AC71FB
:10EDA000C2F20041C1675F988863FFE79B200D9026
:10EDB00005210022FAF794F80D98FAF785F8DFE1BB
:10EDC0005F98006841F20001C4F2010188423CD121
:10EDD000FFE700202D9001212C914A902CA8FBF7F1
:10EDE00063FD18B1FFE7F4F763FFFFE7FFE744F2C5
:10EDF000F040C5F60200016841F0100101600068B2
:10EE000000F0100022902298FFE7FFE744F2E04074
:10EE1000C5F60200016841F001010160006800F0E0
:10EE2000010021902198FFE74FF4C0605A90022022
:10EE30005B9000205C905D9007205E900020C5F6FE
:10EE400002005AA9F9F704FD99E15F98006844F2BD
:10EE50000041C4F20001884240F09580FFE70020A5
:10EE60002D9002212C9149902CA8FBF71DFD18B183
:10EE7000FFE7F4F71DFFFFE7FFE744F2E840C5F6C0
:10EE80000200016841F400310160006800F40030C4
:10EE900020902098FFE7FFE744F2E040C5F602002B
:10EEA000016841F001010160006800F001001F905D
:10EEB0001F98FFE7FFE744F2E040C5F60200016853
:10EEC00041F008010160006800F008001E901E98E3
:10EED000FFE7022008905A905B9000200B905C9016
:10EEE0005D90072009905E900020C5F602005AA9A7
:10EEF0000A91F9F7ADFC089B09980A990B9A4FF013
:10EF0000600CCDF868C15B935C925D925E9040F6B8
:10EF10000040C5F60200F9F79BFC0B9946F214106D
:10EF2000C2F200400C902822C4F2020202602B229E
:10EF300042608160C1604FF4806202614161816121
:10EF40004FF48072C2614FF4003202624162F7F7FF
:10EF50003FFA18B1FFE7F4F7ABFEFFE7FFE75F9872
:10EF600046F21411C2F20041C0F880105F98886325
:10EF7000FFE72620079005210022F9F7B1FF079847
:10EF8000F9F7A2FFFAE05F98006844F60001C4F2C6
:10EF9000000188423DD1FFE700202D9002212C91F5
:10EFA00049902CA8FBF780FC18B1FFE7F4F780FE2E
:10EFB000FFE7FFE744F2E840C5F60200016841F4CC
:10EFC00080210160006800F480201D901D98FFE7FB
:10EFD000FFE744F2E040C5F60200016841F0080195
:10EFE0000160006800F008001C901C98FFE74FF4D7
:10EFF00040705A9002205B9000205C905D9007204A
:10F000005E9040F60040C5F602005AA9F9F720FCD0
:10F01000B3E05F98006841F60041C4F20101884204
:10F0200040F0AA80FFE700202D9001212C914A900A
:10F030002CA8FBF739FC18B1FFE7F4F739FEFFE71E
:10F04000FFE744F2F040C5F60200016841F080019C
:10F050000160006800F080001B901B98FFE7FFE74D
:10F0600044F2E040C5F60200016841F01001016081
:10F07000006800F010001A901A98FFE704205A90D8
:10F08000022102915B91002105915C915D915E905E
:10F0900041F20000C5F6020003905AA90491F9F765
:10F0A000D7FB029B03980499059A4FF0080CCDF802
:10F0B00068C15B935C925D920B225E92F9F7C8FB8C
:10F0C000059946F29C00C2F2004006904022C4F22C
:10F0D000020202607722426040228260C1604FF4E7
:10F0E0008062026141618161C1614FF480320262DC
:10F0F0004162F7F76DF918B1FFE7F4F7D9FDFFE7C3
:10F10000FFE75F9846F29C01C2F20041C1675F9839
:10F110008863FFE746F22400C2F2004001907021AC
:10F12000C4F2020101607621416000218160C1606A
:10F130004FF48062026141618161C161016241629B
:10F14000F7F746F918B1FFE7F4F7B2FDFFE7FFE77D
:10F150005F9846F22401C2F20041C0F880105F9827
:10F160008863FFE79C20009005210022F9F7B8FE94
:10F170000098F9F7A9FEFFE7FFE7FFE7FFE7FFE7E2
:10F18000FFE7FFE7FFE760B080BD00000000000080
:10F1900080B586B004900391ADF80A200498D0F8A9
:10F1A0008C0020283CD1FFE7039820B1FFE7BDF891
:10F1B0000A0020B9FFE701208DF8170034E0049918
:10F1C0000020C8660498006840F60041C5F60001BA
:10F1D00088421CD0FFE704980068406800020028BD
:10F1E00014D5FFE7FFE7FFE70498006850E8000F39
:10F1F00040F080600190FFE701990498026842E8BE
:10F2000000100028F0D1FFE7FFE7FFE7FFE70498D1
:10F210000399BDF80A2002F0F3FF8DF8170003E010
:10F2200002208DF81700FFE79DF8170006B080BD9B
:10F2300081B0009001B0704781B0009001B070477C
:10F2400080B586B004900391ADF80A200498D0F8F8
:10F250008800202870D1FFE7039820B1FFE7BDF8B0
:10F260000A0020B9FFE701208DF8170068E0039835
:10F2700004990865BDF80A000499A1F85400BDF886
:10F280000A000499A1F8560004990020C1F89000E2
:10F2900004992120C1F888000498C06F88B3FFE763
:10F2A0000498C16F41F2D150C0F60100C8630498C0
:10F2B000C16F41F25160C0F6010008640498C16F4B
:10F2C00041F22140C0F60100C8640498C16F0020DB
:10F2D000086504980268016DC06F2832BDF80A30D5
:10F2E000F7F726FD60B1FFE704991020C1F8900000
:10F2F00004992020C1F8880001208DF817001FE034
:10F30000FFE70498016840200862FFE7FFE70498E0
:10F31000006850E8020F40F080000190FFE701997B
:10F320000498026842E802100028F0D1FFE7FFE7E6
:10F3300000208DF8170003E002208DF81700FFE78A
:10F340009DF8170006B080BD80B582B0019001988D
:10F3500001F0B6FB02B080BD81B0009001B07047F3
:10F36000FFE7FEE70000000083B0029001918DF8F6
:10F37000032000208DF802008DF80200FFE79DF8C1
:10F3800002009DF80310884229DAFFE70298000F77
:10F39000092809D8FFE70298000F303001999DF83D
:10F3A000022001F8120009E00299372000EB1170E9
:10F3B00001999DF8022001F81200FFE70298000170
:10F3C000029001989DF8021000EB41010020487066
:10F3D000FFE79DF8020001308DF80200CFE703B08F
:10F3E000704700000000000080B586B0002001904A
:10F3F0000590049003900290F9F71EFD01980121F9
:10F400008DF808108DF8090003901F228DF8102048
:10F4100087228DF811208DF812008DF813008DF8D9
:10F4200014108DF815108DF816008DF8170002A82D
:10F43000F9F7C2FC0420F9F713FD06B080BD000007
:10F4400080B58CB0FFE744F2D840C5F602000168F1
:10F4500041F001010160006800F001000B900B9881
:10F46000FFE70B2001900521089100220992F9F78E
:10F4700037FD0198F9F728FD0899099A0C200290A8
:10F48000F9F72EFD0298F9F71FFD0899099A0D204A
:10F490000390F9F725FD0398F9F716FD0899099AE5
:10F4A0000E200490F9F71CFD0498F9F70DFD08995A
:10F4B000099A0F200590F9F713FD0598F9F704FD57
:10F4C0000899099A10200690F9F70AFD0698F9F7AD
:10F4D000FBFC0899099A11200790F9F701FD07989C
:10F4E000F9F7F2FC0899099A2F200A90F9F7F8FC2D
:10F4F0000A98F9F7E9FC0CB080BD0000000000009C
:10F5000080B582B046F28C10C2F2004000904AF200
:10F510000001C4F200010160002201928260C26019
:10F520000274427482744FF0030CC0F814C00A23B2
:10F5300083611D21C1610362C0F824C08362C1627E
:10F5400005210163426301218163C26308230364CF
:10F55000042141648264C164026541658265C265BB
:10F56000036642668166F8F7B7FD18B1FFE7F4F766
:10F570009FFBFFE702B080BD80B582B046F22C2031
:10F58000C2F2004000904AF20041C4F20001016062
:10F59000002201928260C260027442748274062169
:10F5A00041610A2383611D21C16103624FF0030C95
:10F5B000C0F824C08362C1620521016380214163D8
:10F5C00082630121C16310230364042141648364C5
:10F5D000C164026541658265C265082303664266AF
:10F5E0008166F8F779FD18B1FFE7F4F761FBFFE7F3
:10F5F00002B080BD0000000080B582B046F2CC2091
:10F60000C2F2004000904DF20041C4F200010160DE
:10F61000002201928260C2600274427482744FF0D0
:10F62000030CC0F814C00A2383611D21C161036269
:10F63000C0F824C08362C162052101634FF40071E8
:10F64000416301218163C26308230364042141648F
:10F650008264C164026541658265C2650366426673
:10F660008166F8F739FD18B1FFE7F4F721FBFFE7F2
:10F6700002B080BD0000000080B582B04FF6A93016
:10F68000C0F6010044F20C72C0F6020200210191A2
:10F6900010F036FF019940F6A442C2F20042106019
:10F6A00041F60910C0F6020044F2EC72C0F6020204
:10F6B00010F026FF019942F67872C2F20042106003
:10F6C00040F2B910C0F6020044F27C72C0F60202A9
:10F6D00010F016FF019941F69852C2F200421060F4
:10F6E00040F26160C0F6020044F2A072C0F602026D
:10F6F00010F006FF019942F2F852C2F20042106087
:10F700004FF69970C0F6010044F25872C0F602023A
:10F7100010F0F6FE41F22C51C2F20041086002B036
:10F7200080BD00000000000080B596B0002015905C
:10F730001490139012901190FFE744F2E040C5F648
:10F740000200016841F010010160006800F0100043
:10F7500010901098FFE7FFE744F2E040C5F6020082
:10F76000016841F004010160006800F004000F909E
:10F770000F98FFE7FFE744F2E040C5F6020001689A
:10F7800041F080010160006800F080000E900E984A
:10F79000FFE7FFE744F2E040C5F60200016841F0F0
:10F7A00001010160006800F001000D900D98FFE775
:10F7B000FFE744F2E040C5F60200016841F00201B3
:10F7C0000160006800F002000C900C98FFE7FFE772
:10F7D00044F2E040C5F60200016841F00801016012
:10F7E000006800F008000B900B98FFE740F600005F
:10F7F000C5F6020002904FF44041019100220892A8
:10F80000F9F7FAF90199089A41F20000C5F60200E9
:10F810000390F9F7F1F9089A40F60040C5F60200A6
:10F82000059080210491F9F7E7F9089A40F2004029
:10F83000C5F6020009904FF48C710691F9F7DCF9D6
:10F84000019A02980899119201220792129213913B
:10F85000149111A90A91F8F7FBFF0398079B089AE6
:10F860000A994FF4804CCDF844C01293139314922C
:10F87000F8F7EEFF0398079B089A0A994FF4004C9B
:10F88000CDF844C0129313921492F8F7E1FFDDF81B
:10F8900010C00598079B089A0A99CDF844C01293A6
:10F8A00013921492F8F7D4FFDDF818C0079B089A5A
:10F8B00009980A99CDF844C0129313921492F8F75C
:10F8C000C7FF16B080BD000080B582B046F650007C
:10F8D000C2F20040009043F60041C4F20001016012
:10F8E0004FF4800141600021019181600722C260D4
:10F8F00001614FF0807242614FF0806282614FF08F
:10F90000A042C261016241628162C1624FF08042E5
:10F9100042638163C163016441648164C1640165C0
:10F9200041658165FDF794F918B1FFE7F4F7C0F977
:10F93000FFE702B080BD000080B582B046F67430AB
:10F94000C2F20040019045F20001C4F200010160E2
:10F9500048F2A061C0F2010141604FF48051816022
:10F960004FF40051C1604FF4806101610421416195
:10F9700000218161C161016241628162FEF794FFF1
:10F9800018B1FFE7F4F794F9FFE746F67430C2F2D6
:10F9900000400021FEF7ACFB18B1FFE7F4F788F94F
:10F9A000FFE746F67430C2F200400021FEF758FB34
:10F9B00018B1FFE7F4F77CF9FFE746F67430C2F2BE
:10F9C0000040FEF7A5FA18B1FFE7F4F771F9FFE779
:10F9D00002B080BD0000000080B582B046F608404D
:10F9E000C2F20040009047F60001C4F2000101603D
:10F9F0004FF4E1314160002101918160C1600161FA
:10FA00000C2242618161C161016241628162FEF743
:10FA10004BFF18B1FFE7F4F74BF9FFE746F6084054
:10FA2000C2F200400021FEF763FB18B1FFE7F4F7D4
:10FA30003FF9FFE746F60840C2F200400021FEF71A
:10FA40000FFB18B1FFE7F4F733F9FFE746F608407C
:10FA5000C2F20040FEF75CFA18B1FFE7F4F728F9AC
:10FA6000FFE702B080BD000080B582B046F69C4042
:10FA7000C2F20040009047F60041C4F2000101606C
:10FA80004FF416514160002101918160C160016114
:10FA90000C2242618161C161016241628162FEF7B3
:10FAA00003FF18B1FFE7F4F703F9FFE746F69C40C0
:10FAB000C2F200400021FEF71BFB18B1FFE7F4F78C
:10FAC000F7F8FFE746F69C40C2F200400021FEF73F
:10FAD000C7FA18B1FFE7F4F7EBF8FFE746F69C40EA
:10FAE000C2F20040FEF714FA18B1FFE7F4F7E0F8AD
:10FAF000FFE702B080BD000080B582B046F630500E
:10FB0000C2F20040009041F60001C4F20101016020
:10FB10004FF4E1314160002101918160C1600161D8
:10FB20000C2242618161C161016241628162FEF722
:10FB3000BBFE18B1FFE7F4F7BBF8FFE746F630501D
:10FB4000C2F200400021FEF7D3FA18B1FFE7F4F744
:10FB5000AFF8FFE746F63050C2F200400021FEF752
:10FB60007FFA18B1FFE7F4F7A3F8FFE746F6305045
:10FB7000C2F20040FEF7CCF918B1FFE7F4F798F8AD
:10FB8000FFE702B080BD000080B582B046F6B81035
:10FB9000C2F20040009041F60041C4F20101016050
:10FBA0004FF4E1314160002101918160C160016148
:10FBB0000C2242618161C161016241628162FEF792
:10FBC00073FE18B1FFE7F4F773F8FFE746F6B810D5
:10FBD000C2F200400021FEF78BFA18B1FFE7F4F7FC
:10FBE00067F8FFE746F6B810C2F200400021FEF7C2
:10FBF00037FA18B1FFE7F4F75BF8FFE746F6B810FD
:10FC0000C2F20040FEF784F918B1FFE7F4F750F8AC
:10FC1000FFE702B080BD000080B582B046F6241038
:10FC2000C2F20040009041F20001C4F20101016003
:10FC30004FF4E1314160002101918160C1600161B7
:10FC40000C2242618161C161016241628162FEF701
:10FC50002BFE18B1FFE7F4F72BF8FFE746F6241068
:10FC6000C2F200400021FEF743FA18B1FFE7F4F7B3
:10FC70001FF8FFE746F62410C2F200400021FEF70D
:10FC8000EFF918B1FFE7F4F713F8FFE746F6241091
:10FC9000C2F20040FEF73CF918B1FFE7F4F708F8AC
:10FCA000FFE702B080BD000080B582B046F64C2070
:10FCB000C2F20040009044F20041C4F20001016031
:10FCC0004FF461214160002301938360C3600361AD
:10FCD0000C2141618361C3610362436283621946FF
:10FCE0001A46FCF74DFF18B1FFE7F3F7E1FFFFE716
:10FCF00046F64C20C2F200400021FEF7F9F918B197
:10FD0000FFE7F3F7D5FFFFE746F64C20C2F20040CD
:10FD10000021FEF7A5F918B1FFE7F3F7C9FFFFE7E8
:10FD200046F64C20C2F20040FEF7F2F818B1FFE7A9
:10FD3000F3F7BEFFFFE702B080BD00000000000047
:10FD400080B582B046F6E020C2F20040009044F652
:10FD50000001C4F2000101604FF4E1314160002173
:10FD600001918160C16001610C2242618161C161C8
:10FD7000016241628162FEF797FD18B1FFE7F3F778
:10FD800097FFFFE746F6E020C2F200400021FEF7B1
:10FD9000AFF918B1FFE7F3F78BFFFFE746F6E02076
:10FDA000C2F200400021FEF75BF918B1FFE7F3F75C
:10FDB0007FFFFFE746F6E020C2F20040FEF7A8F81A
:10FDC00018B1FFE7F3F774FFFFE702B080BD000052
:10FDD00080B545F6F020C2F2004040F20401C2F2C4
:10FDE0000041012203F0BCFC18B1FFE7F3F760FF0C
:10FDF000FFE745F6F020C2F2004040F25801C2F29F
:10FE0000004104F0D9F918B1FFE7F3F751FFFFE71C
:10FE100045F6F020C2F2004040F2F401C2F2004187
:10FE200002F08AFE18B1FFE7F3F742FFFFE745F65D
:10FE3000F020C2F2004004F04FFB18B1FFE7F3F7E7
:10FE400037FFFFE7FAF778FA80BD000000000000F6
:10FE5000FFE7FEE700000000FFE7FEE7000000000C
:10FE600088B0079006910592079800F0070004906B
:10FE70000498C0F10700052803D3FFE70420019090
:10FE800004E00498C0F107000190FFE70198039097
:10FE900004980430062803D8FFE70020009003E010
:10FEA000049803380090FFE70098029006980399A1
:10FEB000012202FA01F101390840029B984005999C
:10FEC0009A40013A1140084308B070470000000012
:10FED00080B546F26C30C2F20040F9F735FB80BDC8
:10FEE00080B586B00590049105980068039003984A
:10FEF00002900398006C01900298049900EB411065
:10FF0000D0F8080B0090019843F20B01C4F654712D
:10FF100088420FD3FFE79DF801000006002809D5AD
:10FF2000FFE70298049900EB41114FF40040C1F83B
:10FF3000080BFFE70598FAF73FF9019843F20B0128
:10FF4000C4F6547188420DD3FFE7059880790128E3
:10FF500008D1FFE70599086801F29C42012105F0EC
:10FF6000E7F8FFE7002006B080BD000000000000B9
:10FF700080B588B0079006910798006804900498AF
:10FF800003900498006C02900398069900EB4110CE
:10FF9000D0F8080B019007988079012840F0818003
:10FFA000FFE79DF804000007002818D5FFE7029836
:10FFB00043F20B01C4F6547188420FD3FFE79DF85A
:10FFC00005000006002809D5FFE70398069900EB15
:10FFD00041114FF40040C1F8080BFFE760E09DF8C5
:10FFE00004008006002808D5FFE70398069900EB77
:10FFF00041112020C1F8080B51E09DF8040010F0D9
:020000040801F1
:10000000280F4AD1FFE7029843F20B01C4F654715E
:1000100088420FD3FFE79DF805000006002809D5A8
:10002000FFE70398069900EB41114FF40040C1F837
:10003000080B31E00798069901EBC10100EB810044
:1000400000F5157005900598006A0399069A01EB72
:100050004211D1F8101B6FF3DF41401A0599486136
:10006000069898B9FFE70598006940B9FFE7079936
:10007000086801F29C42012105F05AF805E0059953
:10008000C8684A691044C860FFE7FFE707989DF811
:100090001810F8F7E5FFFFE700E0FFE7FFE7FFE7ED
:1000A00047E0029843F20A11C4F65471884224D101
:1000B000FFE79DF805000006002809D5FFE7039833
:1000C000069900EB41114FF40040C1F8080B13E012
:1000D0009DF804008006002808D5FFE703980699DC
:1000E00000EB41112020C1F8080BFFE707989DF8AD
:1000F0001810F8F7B5FFFFE71AE0069890B9FFE788
:100100000798069901EBC10100EB8100D0F8640269
:1001100040B9FFE70799086801F29C42002105F009
:1001200007F8FFE707989DF81810F8F799FFFFE721
:10013000FFE7002008B080BD80B58CB00A9009911F
:100140000A9800680890089807900A98099901EBA6
:10015000C10100EB810014300690069801694069E6
:10016000884204D9FFE701208DF82F0079E0069935
:1001700008694969401A0590059806998968884276
:1001800004D9FFE7069880680590FFE705980330DB
:1001900080080490FFE70798099900EB4110D0F818
:1001A000180981B2049A0020914202900FD3FFE710
:1001B00006980269416900209142029007D2FFE748
:1001C00006980069002818BF01200290FFE70298F6
:1001D000C00770B3FFE7069908694969401A05909E
:1001E000059806998968884204D9FFE706988068CF
:1001F0000590FFE705980330800804900898069959
:10020000C9689DF82420BDF81430DDF828C09CF89A
:1002100006C0EE46CEF800C005F016FE059A069917
:10022000C8681044C860059A069948691044486136
:10023000B1E706990869496988420ED8FFE709982D
:1002400000F00F01012088400390039A0799D1F82C
:1002500034089043C1F83408FFE700208DF82F00E0
:10026000FFE79DF82F000CB080BD000000000000EB
:1002700080B588B006900591049203930020ADF8F4
:100280000A00ADF808000190069848B1FFE705980C
:1002900030B1FFE7049818B1FFE7039820B9FFE7F2
:1002A00000208DF81F004FE006986A4601A91160F2
:1002B00044F60641C0F602010DF10A0202ABF0F766
:1002C0009FF903283CD1FFE7BDF90A0010F57A7FBA
:1002D00035DDFFE7BDF90A00B0F57A7F2FDAFFE7D9
:1002E000BDF9080010F57A7F29DDFFE7BDF90800A8
:1002F000B0F57A7F23DAFFE79DED010A9FED141A2E
:10030000B4EE410AF1EE10FA19DBFFE79DED010AA8
:100310009FED101AB4EE410AF1EE10FA0FDCFFE780
:10032000BDF80A0005990880BDF808000499088006
:1003300001980399086001208DF81F0004E0FFE791
:1003400000208DF81F00FFE79DF81F0008B080BD5A
:10035000000034C30000344300000000000000002F
:10036000EFF30980BFF36F8F154B1A681EF0100F63
:1003700008BF20ED108A20E9F04F10602DE9090038
:100380004FF0500080F31188BFF34F8FBFF36F8F92
:1003900011F0E6FE4FF0000080F31188BDE809007F
:1003A00019680868B0E8F04F1EF0100F08BFB0ECF5
:1003B000108A80F30988BFF36F8F704700BF00BFBA
:1003C000347400240000000080B586B004900391CE
:1003D00000208DF8070044F22840C5F602000068AE
:1003E00000F00300032804D1FFE701208DF8170077
:1003F000CBE044F20041C5F60201086820F08060BD
:100400000860F8F711FC0290FFE744F20040C5F6DF
:100410000200006800F000610020B0EBD16F0CD04A
:10042000FFE7F8F701FC0299401A032804D3FFE71D
:1004300003208DF81700A8E0E7E7FFE744F2284122
:10044000C5F60201086820F47C30049A126840EA7C
:100450000230086004994868D1F808C0CB680A697E
:1004600001386FF35F204FF60061CFF6FF7101EBAB
:100470004C2189B208440021CFF6FF7101EB034102
:1004800001F4FE0108444FF07F4101EB026101F0ED
:10049000FE41084444F23841C5F602010860FFE716
:1004A00044F22C41C5F602010091086820F0C0001A
:1004B000049A526910430860086820F02000049AEA
:1004C000926910430860086820F01000086044F248
:1004D0003C42C5F6020210684FF6F8739843049B3D
:1004E000DB6940EAC3001060086840F01000086053
:1004F000039848B9FFE744F22C41C5F602010868A9
:1005000040F40020086016E00398012809D1FFE7B5
:1005100044F22C41C5F60201086840F480100860DE
:1005200008E044F22C41C5F60201086840F40010CE
:100530000860FFE7FFE744F20041C5F602010868E2
:1005400040F080600860F8F76FFB0290FFE744F22C
:100550000040C5F60200006800F000610020B0EB2A
:10056000D16F0CD1FFE7F8F75FFB0299401A03281F
:1005700004D3FFE703208DF8170006E0E7E7FFE765
:100580009DF807008DF81700FFE79DF8170006B0EB
:1005900080BD00000000000080B586B0049003918B
:1005A00000208DF8070044F22840C5F602000068DC
:1005B00000F00300032804D1FFE701208DF81700A5
:1005C000CBE044F20041C5F60201086820F08050FB
:1005D0000860F8F729FB0290FFE744F20040C5F6F7
:1005E0000200006800F000510020B0EB517F0CD0F9
:1005F000FFE7F8F719FB0299401A032804D3FFE735
:1006000003208DF81700A8E0E7E7FFE744F2284150
:10061000C5F60201086820F07C70049A126840EA6E
:100620000250086004994868D1F808C0CB680A698C
:1006300001386FF35F204FF60061CFF6FF7101EBD9
:100640004C2189B208440021CFF6FF7101EB034130
:1006500001F4FE0108444FF07F4101EB026101F01B
:10066000FE41084444F24041C5F602010860FFE73C
:1006700044F22C41C5F602010091086820F4406064
:10068000049A526910430860086820F40070049AC4
:10069000926910430860086820F48070086044F292
:1006A0004442C5F6020210684FF6F8739843049B63
:1006B000DB6940EAC3001060086840F4807008609D
:1006C000039848B9FFE744F22C41C5F602010868D7
:1006D00040F48000086016E00398012809D1FFE784
:1006E00044F22C41C5F60201086840F4000008609D
:1006F00008E044F22C41C5F60201086840F0807021
:100700000860FFE7FFE744F20041C5F60201086810
:1007100040F080500860F8F787FA0290FFE744F253
:100720000040C5F60200006800F000510020B0EB68
:10073000517F0CD1FFE7F8F777FA0299401A0328A6
:1007400004D3FFE703208DF8170006E0E7E7FFE793
:100750009DF807008DF81700FFE79DF8170006B019
:1007600080BD00000000000082B047F6FC00C2F22D
:1007700000404079012804D0FFE700208DF80700F1
:1007800016E047F6FC00C2F200400179881E009195
:10079000042805D3FFE700980838012804D8FFE7AC
:1007A00001208DF8070003E000208DF80700FFE727
:1007B0009DF8070002B0704782B001900198006870
:1007C0004069009001980168886940F008008861DC
:1007D00001980168886940F01000886101980168FB
:1007E000086820F00100086001980168086940F27B
:1007F0006F329043086101980168886820F4404096
:100800008860019890F88100042815D0FFE79DF8D2
:100810000000800600280ED5FFE70199D1F884007A
:1008200040F08000C1F8840001980168886940F0B8
:1008300020008861FFE7FFE7019890F88100032816
:1008400015D0FFE79DF80000400600280ED5FFE711
:100850000199D1F8840040F00400C1F884000198A7
:100860000168886940F040008861FFE7FFE79DF874
:100870000100800700280ED5FFE70199D1F8840018
:1008800040F00100C1F8840001980168886940F4D3
:1008900000708861FFE79DF80100C00770B1FFE7B5
:1008A0000199D1F8840040F00800C1F88400019853
:1008B0000168886940F480708861FFE70199002031
:1008C000A1F862000199A1F86A0002B07047000027
:1008D00083B002900298C16B012000EB511001908F
:1008E0000298C0680130009000980730C00800905E
:1008F00000980199484303B07047000000000000D1
:1009000080B586B0DDF820C0049003918DF80B20EF
:100910000193FFE704980068406903990840401A72
:10092000B0FA80F040099DF80B10884214D1FFE71F
:10093000F8F77AF90899401A0199884204D3FFE739
:100940000198013018B9FFE7019820B9FFE70320AB
:100950008DF8170004E0DDE700208DF81700FFE7B1
:100960009DF8170006B080BD0000000000000000E8
:10097000074B19680868B0E8F04F80F30988BFF3A7
:100980006F8F4FF0000080F31188704700BF00BFE9
:10099000347400240000000080B56FF004000021D2
:1009A0000EF0A2FF80BD000084B003900398009079
:1009B00000980078ADF80800009801300090009889
:1009C0000078ADF80600BDF80610BDF8080040EA52
:1009D0000120ADF80A00BDF80A0004B0704700001D
:1009E00080B584B00020009003908DF80B0007F0D4
:1009F0008FF801460098039144F2F041C2F20041A1
:100A00000988019099B9FFE745F23850C2F20040D9
:100A100001780020019051B9FFE745F24050C2F241
:100A200000400078B0FA80F040090190FFE701989B
:100A300000F001008DF80B00039806F0D9FF9DF837
:100A40000B0000F0010004B080BD000000000000B9
:100A500080B582B0019000200090019846F6B81150
:100A6000C2F20041884210D1FFE745F23850C2F28D
:100A70000040007848B1FFE70198C06F28B1FFE758
:100A80000198C06F406D08B9FFE715E007F040F826
:100A9000009045F23851C2F200410020087045F242
:100AA0003C51C2F20041086801300860009806F02D
:100AB0009FFF06F0B5F9FFE702B080BD000000001F
:100AC00080B584B00390002002908DF80700039851
:100AD00046F6B811C2F20041884201D0FFE73BE080
:100AE00007F016F8029044F2F040C2F2004000888D
:100AF00088B1FFE744F2EC41C2F2004108880130BE
:100B000000F00700088044F2F041C2F2004108887A
:100B100001380880FFE745F23851C2F20041002059
:100B20000870F8F781F845F27051C2F20041086090
:100B300044F2F040C2F200400088002818BF0120B3
:100B40008DF80700029806F053FF9DF8070018B1D2
:100B5000FFE707F005F8FFE704B080BD00000000E4
:100B600080B588B00690ADF81610002004900120E2
:100B7000039007F09DF8039818B9FFE70120039050
:100B8000FFE7069858B1FFE7BDF8160038B1FFE758
:100B9000BDF8160040F20621884211D3FFE706F0A7
:100BA000B7FF049045F23C51C2F2004108680130A1
:100BB0000860049806F01CFF00208DF81F005CE020
:100BC000FFE706F0A5FF049044F2F040C2F20040B7
:100BD0000088072833D8FFE744F2EE40C2F2004015
:100BE0000290008800EB801144F2F240C2F2004013
:100BF000019000EBC10002300699BDF81620EFF716
:100C000027FD019A0299BDF816000B8803EB8313A8
:100C100022F833000888013000F00700088044F211
:100C2000F041C2F20041088801300880049806F0C3
:100C3000DFFE06F0F5F801208DF81F001DE0049896
:100C400006F0D6FE06F014FC88B9FFE706F060FF58
:100C5000049045F27451C2F2004108680130086006
:100C6000049806F0C5FE00208DF81F0005E006F090
:100C7000D7F8039811F058F9A3E79DF81F0008B0C2
:100C800080BD00000000000080B54EF21000CEF2E2
:100C90000000006812F050F8012803D0FFE711F0BF
:100CA00073FBFFE780BD000080B59EB00BA84C2110
:100CB000EFF76FFD002001900A90099008900790CF
:100CC00006900590049003900220F9F7E1FAFFE7FF
:100CD0000020029044F61800C5F60200016821F4D5
:100CE00040410160006800F4404002900298FFE734
:100CF000FFE744F61800C5F60200006800F4005053
:100D0000B0F5005F01D0FFE7F3E721200B904FF42F
:100D100080300C90012111910220149015901690B2
:100D2000282217921891042119911A900C201B90D7
:100D300000201C901D900BA8FBF712FA18B1FFE7DA
:100D4000F2F7B6FFFFE73F20039003210491002054
:100D50000590082006904020079008904FF480628C
:100D600009920A9003A8FAF797FD18B1FFE7F2F786
:100D70009FFFFFE71EB080BD4EF68851CEF2000106
:100D8000086840F47000086042F20000C5F20020DC
:100D9000006800F00F0006280AD8FFE742F20001C1
:100DA000C5F200210868072262F303000860FFE72C
:100DB00044F20041C5F60201086840F001000860F5
:100DC00044F21042C5F602020020106008684EF698
:100DD0007F52CEF6F6221040086042F20000C5F2C3
:100DE0000020006800F00F0008280AD3FFE742F255
:100DF0000001C5F200210868072262F303000860C1
:100E0000FFE744F21841C5F602010020086044F2F1
:100E10001C41C5F60201086044F22041C5F60201FA
:100E2000086044F22842C5F6020240F20021C0F2F6
:100E30000221116044F22C42C5F602020021C0F2E8
:100E4000FF11116044F23042C5F6020240F28021E7
:100E5000C0F20111116044F23442C5F60202106082
:100E600044F23842C5F60202116044F23C42C5F633
:100E70000202106044F24042C5F60202116044F2E0
:100E80004441C5F60201086044F20042C5F6020280
:100E9000116821F48021116044F26041C5F602011D
:100EA000086044F2D440C5F602000068C00400287F
:100EB00014D4FFE744F2D441C5F60201086840F4B7
:100EC0008050086044F20002C5F2002243F2D200D2
:100ED0001060086820F480500860FFE77047000049
:100EE00080B546F6D800C2F20040FCF7C9FE80BDCE
:100EF00083B002900191029800680090029800214E
:100F0000C4F20101884225D0FFE70298B0F1804F7A
:100F100020D0FFE7029840F20041C4F2000188426D
:100F200018D0FFE7029840F60001C4F200018842A1
:100F300010D0FFE7029840F60041C4F20001884259
:100F400008D0FFE7029840F20041C4F20101884254
:100F50000AD1FFE7009820F07000009001984168E6
:100F6000009808430090FFE702980021C4F20101B5
:100F700088424DD0FFE70298B0F1804F48D0FFE79C
:100F8000029840F20041C4F20001884240D0FFE7DD
:100F9000029840F60001C4F20001884238D0FFE711
:100FA000029840F60041C4F20001884230D0FFE7C9
:100FB000029840F20041C4F20101884228D0FFE7C4
:100FC000029844F20001C4F20101884220D0FFE7F8
:100FD000029844F20041C4F20101884218D0FFE7B0
:100FE000029844F60001C4F20101884210D0FFE7E4
:100FF00002984EF20001C4F20001884208D0FFE7D7
:1010000002984EF20041C4F2000188420AD1FFE783
:10101000009820F4407000900198C168009808433F
:101020000090FFE7009820F080000199496908438B
:101030000090019880680299C8620198006802993E
:10104000886202980021C4F20101884220D0FFE7A3
:10105000029840F20041C4F20101884218D0FFE733
:10106000029844F20001C4F20101884210D0FFE767
:10107000029844F20041C4F20101884208D0FFE71F
:10108000029844F60001C4F20101884205D1FFE74D
:101090000198006902990863FFE70299086840F027
:1010A00004000860029901204861009802990860D4
:1010B00003B070470000000080B546F67430C2F2FD
:1010C0000040FDF771F880BD80B546F69C40C2F245
:1010D0000040FDF769F880BD80B546F63050C2F299
:1010E0000040FDF761F880BD82B001900198406E2C
:1010F00040B9FFE701990120A1F86A000199A1F820
:10110000680032E010208DF803008DF8020001988D
:1011100000688068C0F342608DF8010001980068A3
:101120008068400F8DF800009DF802009DF80020B7
:1011300044F2CC73C0F60203995C484344F2C47194
:10114000C0F602018A5CB0FBF2F0019AA2F86A00D4
:101150009DF803009DF801209B5C5843895CB0FB1F
:10116000F1F00199A1F86800FFE702B070470000B4
:1011700081B00090009890F82800000700280BD557
:10118000FFE700980068406820F40040009A11686A
:10119000926B10434860FFE7009890F82800C00762
:1011A00058B1FFE700980068406820F40030009ACA
:1011B0001168D26A10434860FFE7009890F8280051
:1011C000800700280BD5FFE700980068406820F4EE
:1011D0008030009A1168126B10434860FFE7009856
:1011E00090F82800400700280BD5FFE7009800681A
:1011F000406820F48020009A1168526B10434860C8
:10120000FFE7009890F82800C00600280BD5FFE7FC
:1012100000980068806820F48050009A1168D26BB2
:1012200010438860FFE7009890F8280080060028A7
:101230000BD5FFE700980068806820F40050009A02
:101240001168126C10438860FFE7009890F828003E
:10125000400600281CD5FFE700980068406820F48D
:101260008010009A1168526C104348600098406CDE
:10127000B0F5801F0BD1FFE700980068406820F4AC
:10128000C000009A1168926C10434860FFE7FFE7C6
:10129000009890F82800000600280BD5FFE700987A
:1012A0000068406820F40020009A1168D26C104356
:1012B0004860FFE701B0704780B588B00690069996
:1012C0000020C1F89000F7F7AFFC05900698006881
:1012D0000068000700282FD5FFE70698059B6A469F
:1012E0006FF07E4111604FF40011002201F020F8F0
:1012F00008B3FFE7FFE7FFE70698006850E8000F34
:1013000020F080000490FFE704990698026842E804
:1013100000100028F0D1FFE7FFE706992020C1F870
:101320008800FFE70699002081F88400FFE703208A
:101330008DF81F005FE0FFE706980068006840072F
:10134000002842D5FFE70698059B6A466FF07E416C
:1013500011604FF48001002200F0EAFFA0B3FFE724
:10136000FFE7FFE70698006850E8000F20F4907050
:101370000390FFE703990698026842E800100028EE
:10138000F0D1FFE7FFE7FFE7FFE70698006850E8C6
:10139000020F20F001000290FFE702990698026810
:1013A00042E802100028F0D1FFE7FFE7069920206D
:1013B000C1F88C00FFE70699002081F88400FFE760
:1013C00003208DF81F0016E0FFE706992020C1F8E2
:1013D00088000699C1F88C0006990020C866069915
:1013E0000867FFE70699002081F88400FFE70020E6
:1013F0008DF81F00FFE79DF81F0008B080BD0000BA
:1014000080B582B001900198806B00900099002017
:10141000A1F85E000098FCF7BBFE02B080BD0000A2
:1014200080B584B003900398806B02900298D0F846
:10143000880001900298D0F88C0000900298006813
:101440008068000600280CD5FFE70198212808D104
:10145000FFE702990020A1F85600029800F078F901
:10146000FFE7029800688068400600280CD5FFE777
:101470000098222808D1FFE702990020A1F85E0019
:10148000029800F0F1F8FFE70299D1F8900040F0DF
:101490001000C1F890000298FCF77AFE04B080BDFD
:1014A00080B586B005900598806B04900598C0695A
:1014B000B0F5807F5BD0FFE704990020A1F85E00C3
:1014C000FFE7FFE70498006850E8000F20F4807001
:1014D0000390FFE703990498026842E8001000288F
:1014E000F0D1FFE7FFE7FFE7FFE70498006850E867
:1014F000020F20F001000290FFE7029904980268B1
:1015000042E802100028F0D1FFE7FFE7FFE7FFE71E
:101510000498006850E8020F20F040000190FFE7B7
:1015200001990498026842E802100028F0D1FFE710
:10153000FFE704992020C1F88C000498C06E0128B0
:1015400014D1FFE7FFE7FFE70498006850E8000FB9
:1015500020F010000090FFE700990498026842E82C
:1015600000100028F0D1FFE7FFE7FFE7FFE704994D
:10157000002008670498C06E012806D1FFE7049890
:10158000B0F85C10FCF75CFD03E00498FDF750FE3A
:10159000FFE706B080BD000080B582B001900198E1
:1015A000806B00900099012008670098C06E0128A8
:1015B00007D1FFE70098B0F85C104908FCF740FD40
:1015C00003E00098FDF738FEFFE702B080BD0000A1
:1015D00080B584B003900398806B02900398C06933
:1015E000B0F5807F2BD0FFE702990020A1F85600CC
:1015F000FFE7FFE70298006850E8020F20F0800044
:101600000190FFE701990298026842E80210002861
:10161000F0D1FFE7FFE7FFE7FFE70298006850E837
:10162000000F40F040000090FFE700990298026828
:1016300042E800100028F0D1FFE7FFE703E002983E
:10164000FDF782FEFFE704B080BD0000000000004F
:1016500080B582B001900198806B00900098FDF7F2
:101660007BFE02B080BD000084B00390FFE7FFE77F
:101670000398006850E8000F20F490700290FFE794
:1016800002990398026842E800100028F0D1FFE7B1
:10169000FFE7FFE7FFE70398006850E8020F4FF607
:1016A000FE71CEF6FF7108400190FFE701990398A3
:1016B000026842E802100028EDD1FFE7FFE7039837
:1016C000C06E012814D1FFE7FFE7FFE70398006829
:1016D00050E8000F20F010000090FFE700990398F9
:1016E000026842E800100028F0D1FFE7FFE7FFE7BB
:1016F00003992020C1F88C0003990020C866039943
:10170000486704B07047000080B582B00190FFE7E1
:10171000FFE70198006850E8000F20F040000090BB
:10172000FFE700990198026842E800100028F0D114
:10173000FFE7FFE701992020C1F888000199002008
:1017400088670198FDF700FE02B080BD0000000030
:1017500083B00290FFE7FFE70298006850E8000FAF
:1017600020F0C0000190FFE701990298026842E86A
:1017700000100028F0D1FFE7FFE7FFE7FFE702983E
:10178000006850E8020F20F400000090FFE7009985
:101790000298026842E802100028F0D1FFE7FFE754
:1017A00002992020C1F8880003B0704700000000B3
:1017B00080B59EB01D9000208DF867001D980068D0
:1017C00040F60041C5F60001884201D1FFE700E084
:1017D000FFE71D9988680B694A69C9691843104376
:1017E00008431C901D980068006846F6F311CCF67B
:1017F000FF7108401C9908431D99096808601D98ED
:101800000068406820F440501D9A1168D268104367
:1018100048601D9880691C901D98006840F6004142
:10182000C5F60001884206D0FFE71D98016A1C98A2
:1018300008431C90FFE71D98006880684FF2FF4145
:10184000C1F2FF1108401C9908431D99096888607E
:101850001D980068C06A20F00F001D9A1168526A36
:101860001043C862FFE71D98006841F20001C4F20E
:101870000101884240F04180FFE744F25440C5F640
:101880000200006800F038000146109128282FD887
:101890001099DFE801F0152D2D2D2D2D2D2D192D51
:1018A0002D2D2D2D2D2D1D2D2D2D2D2D2D2D212D84
:1018B0002D2D2D2D2D2D252D2D2D2D2D2D2D290091
:1018C00001208DF86D0017E004208DF86D0013E005
:1018D00008208DF86D000FE010208DF86D000BE0F2
:1018E00020208DF86D0007E040208DF86D0003E0AA
:1018F00080208DF86D00FFE76CE21D98006844F2CF
:101900000041C4F2000188422ED1FFE744F2544066
:10191000C5F60200006800F0070001460F91052897
:101920001DD80F99DFE801F003070B0F13170020F4
:101930008DF86D0017E004208DF86D0013E008208D
:101940008DF86D000FE010208DF86D000BE0202069
:101950008DF86D0007E040208DF86D0003E08020D9
:101960008DF86D00FFE734E21D98006844F6000131
:10197000C4F2000188422ED1FFE744F25440C5F67C
:101980000200006800F0070001460E9105281DD8EE
:101990000E99DFE801F003070B0F131700208DF8F5
:1019A0006D0017E004208DF86D0013E008208DF81D
:1019B0006D000FE010208DF86D000BE020208DF8F9
:1019C0006D0007E040208DF86D0003E080208DF869
:1019D0006D00FFE7FCE11D98006844F60041C4F289
:1019E000000188422ED1FFE744F25440C5F60200C0
:1019F000006800F0070001460D9105281DD80D99DB
:101A0000DFE801F003070B0F131700208DF86D00BE
:101A100017E004208DF86D0013E008208DF86D00AC
:101A20000FE010208DF86D000BE020208DF86D0088
:101A300007E040208DF86D0003E080208DF86D00F8
:101A4000FFE7C4E11D98006845F20001C4F20001FF
:101A500088422ED1FFE744F25440C5F602000068E8
:101A600000F0070001460C9105281DD80C99DFE80D
:101A700001F003070B0F131700208DF86D0017E01E
:101A800004208DF86D0013E008208DF86D000FE044
:101A900010208DF86D000BE020208DF86D0007E020
:101AA00040208DF86D0003E080208DF86D00FFE789
:101AB0008CE11D98006841F20041C4F201018842A6
:101AC00040F04180FFE744F25440C5F60200006850
:101AD00000F0380001460B9128282FD80B99DFE839
:101AE00001F0152D2D2D2D2D2D2D192D2D2D2D2DBB
:101AF0002D2D1D2D2D2D2D2D2D2D212D2D2D2D2D32
:101B00002D2D252D2D2D2D2D2D2D290001208DF84C
:101B10006D0017E004208DF86D0013E008208DF8AB
:101B20006D000FE010208DF86D000BE020208DF887
:101B30006D0007E040208DF86D0003E080208DF8F7
:101B40006D00FFE741E11D98006847F60001C4F20F
:101B5000000188422ED1FFE744F25440C5F602004E
:101B6000006800F0070001460A9105281DD80A996F
:101B7000DFE801F003070B0F131700208DF86D004D
:101B800017E004208DF86D0013E008208DF86D003B
:101B90000FE010208DF86D000BE020208DF86D0017
:101BA00007E040208DF86D0003E080208DF86D0087
:101BB000FFE709E11D98006847F60041C4F2000103
:101BC00088422ED1FFE744F25440C5F60200006877
:101BD00000F007000146099105281DD80999DFE8A2
:101BE00001F003070B0F131700208DF86D0017E0AD
:101BF00004208DF86D0013E008208DF86D000FE0D3
:101C000010208DF86D000BE020208DF86D0007E0AE
:101C100040208DF86D0003E080208DF86D00FFE717
:101C2000D1E01D98006841F60001C4F2010188422C
:101C300040F04180FFE744F25440C5F602000068DE
:101C400000F038000146089128282FD80899DFE8CD
:101C500001F0152D2D2D2D2D2D2D192D2D2D2D2D49
:101C60002D2D1D2D2D2D2D2D2D2D212D2D2D2D2DC0
:101C70002D2D252D2D2D2D2D2D2D290001208DF8DB
:101C80006D0017E004208DF86D0013E008208DF83A
:101C90006D000FE010208DF86D000BE020208DF816
:101CA0006D0007E040208DF86D0003E080208DF886
:101CB0006D00FFE786E01D98006841F60041C4F220
:101CC0000101884240F04180FFE744F25440C5F6EC
:101CD0000200006800F038000146079128282FD83C
:101CE0000799DFE801F0152D2D2D2D2D2D2D192D06
:101CF0002D2D2D2D2D2D1D2D2D2D2D2D2D2D212D30
:101D00002D2D2D2D2D2D252D2D2D2D2D2D2D29003C
:101D100001208DF86D0017E004208DF86D0013E0B0
:101D200008208DF86D000FE010208DF86D000BE09D
:101D300020208DF86D0007E040208DF86D0003E055
:101D400080208DF86D00FFE73BE01D98006840F6AD
:101D50000041C5F6000188422ED1FFE744F2584009
:101D6000C5F60200006800F007000146069105284C
:101D70001DD80699DFE801F003070B0F13170220A7
:101D80008DF86D0017E004208DF86D0013E0082039
:101D90008DF86D000FE010208DF86D000BE0202015
:101DA0008DF86D0007E040208DF86D0003E0802085
:101DB0008DF86D00FFE703E080208DF86D00FFE7F0
:101DC000FFE7FFE7FFE7FFE7FFE7FFE7FFE7FFE7E3
:101DD000FFE7FFE7FFE71D98006840F60041C5F602
:101DE0000001884240F0B480FFE79DF86D00014695
:101DF0000591022814D0FFE70598042814D0FFE7C6
:101E00000598082816D0FFE70598102818D0FFE796
:101E10000598202835D0FFE70598402837D03AE0CC
:101E2000F8F796FA11903CE015A8F8F7A5FA16987D
:101E3000119036E012A8F8F7EBFB1398119030E000
:101E400044F20040C5F60200006800F020010020C6
:101E5000B0EB511F0ED0FFE744F20040C5F6020080
:101E60000068C0F3C10149F20000C0F2D030C840A0
:101E7000119005E049F20000C0F2D0301190FFE768
:101E80000FE040F60010C0F23D00119009E04FF461
:101E90000040119005E00020119001208DF86700AE
:101EA000FFE71198002852D0FFE711981D994A6A60
:101EB00044F2D471C0F6020131F81210B0FBF1F017
:101EC000189018981D99496801EB4101884207D381
:101ED000FFE718981D994968B0EB013F04D9FFE767
:101EE00001208DF8670031E011981D994A6803922E
:101EF0004A6A44F2D471C0F6020131F8122000237C
:101F000004931946EEF7E4FA039A049B090241EAA6
:101F10001061000210EB520041F10001EEF7D8FA17
:101F20001A901A98B0F5407F0BD3FFE71A9900205A
:101F3000B0EB115F05D1FFE71A981D990968C860D9
:101F400003E001208DF86700FFE7FFE7FFE746E1C8
:101F50001D98C069B0F5004F40F0A880FFE79DF8DC
:101F60006D0001460291402800F263800299DFE88B
:101F700001F021256060296060602F606060606012
:101F8000606035606060606060606060606060607C
:101F9000606056606060606060606060606060604B
:101FA0006060606060606060606060606060606031
:101FB00060605C00F9F72CFF119040E0F9F73CFFFE
:101FC00011903CE015A8F8F7D7F91698119036E073
:101FD00012A8F8F71DFB1398119030E044F200406E
:101FE000C5F60200006800F020010020B0EB511F90
:101FF0000ED0FFE744F20040C5F602000068C0F3CF
:10200000C10149F20000C0F2D030C840119005E093
:1020100049F20000C0F2D0301190FFE70FE040F627
:102020000010C0F23D00119009E04FF40040119003
:1020300005E00020119001208DF86700FFE711985E
:1020400098B3FFE711981D9A5168536A44F2D4720D
:10205000C0F6020232F81320B0FBF2F0400000EBB1
:102060005100B0FBF1F01A901A98102818D3FFE72E
:10207000BDF86A00A0B9FFE71A9820F00F00ADF88C
:102080006E001A9800F00E01BDF86E0040EA510093
:10209000ADF86E00BDF86E001D990968C86003E0D8
:1020A00001208DF86700FFE7FFE797E09DF86D00DE
:1020B00001460191402800F263800199DFE801F0B8
:1020C00021256060296060602F60606060606060F2
:1020D000356060606060606060606060606060602B
:1020E00056606060606060606060606060606060FA
:1020F00060606060606060606060606060606060E0
:102100005C00F9F785FE119040E0F9F795FE11901B
:102110003CE015A8F8F730F91698119036E012A8AF
:10212000F8F776FA1398119030E044F20040C5F6C3
:102130000200006800F020010020B0EB511F0ED01B
:10214000FFE744F20040C5F602000068C0F3C10199
:1021500049F20000C0F2D030C840119005E049F2C9
:102160000000C0F2D0301190FFE70FE040F6001001
:10217000C0F23D00119009E04FF40040119005E0DD
:102180000020119001208DF86700FFE7119820B31F
:10219000FFE711981D9A5168536A44F2D472C0F651
:1021A000020232F81320B0FBF2F000EB5100B0FB5A
:1021B000F1F01A901A9810280AD3FFE7BDF86A00C8
:1021C00030B9FFE7BDF868001D990968C86003E0F1
:1021D00001208DF86700FFE7FFE7FFE7FFE71D99A4
:1021E0000120A1F86A001D99A1F868001D9900203E
:1021F00048671D9988679DF867001EB080BD000084
:1022000080B588B006900591ADF812200598069922
:102210008865BDF812000699A1F85C0006990020B7
:10222000C1F8900006992220C1F88C000698D0F8D9
:102230008000B0B3FFE70698D0F8801041F2A140CB
:10224000C0F60100C8630698D0F8801041F299509A
:10225000C0F6010008640698D0F8801041F22140D1
:10226000C0F60100C8640698D0F880100020086508
:1022700006980168826DD0F880002431BDF81230D4
:10228000F4F756FD60B1FFE706991020C1F8900001
:1022900006992020C1F88C0001208DF81F0042E033
:1022A000FFE706980069A0B1FFE7FFE7FFE70698A0
:1022B000006850E8000F40F480700390FFE7039936
:1022C0000698026842E800100028F0D1FFE7FFE717
:1022D000FFE7FFE7FFE70698006850E8020F40F0CD
:1022E00001000290FFE702990698026842E8021096
:1022F0000028F0D1FFE7FFE7FFE7FFE70698006857
:1023000050E8020F40F040000190FFE70199069865
:10231000026842E802100028F0D1FFE7FFE7002042
:102320008DF81F00FFE79DF81F0008B080BD00007A
:1023300080B586B0DDF820C0049003918DF80B20A5
:102340000193FFE704980068C06903990840401AA8
:10235000B0FA80F040099DF80B10884266D1FFE783
:1023600008980130002860D0FFE7F6F75DFC01997E
:10237000401A0899884203D8FFE7089820B9FFE778
:1023800003208DF8170055E00498006800684007A6
:10239000002849D5FFE70398802845D0FFE7039838
:1023A000402841D0FFE704980068C06900F00801A8
:1023B0000120B0EBD10F16D1FFE704980168082087
:1023C000009008620498FFF74FF900980499C1F84B
:1023D0009000FFE70499002081F88400FFE70120C6
:1023E0008DF8170026E004980068C06900F40061C9
:1023F0000120B0EBD12F16D1FFE7049801684FF40C
:10240000006008620498FFF72FF904992020C1F8B2
:102410009000FFE70499002081F88400FFE7032083
:102420008DF8170006E0FFE7FFE78BE700208DF847
:102430001700FFE79DF8170006B080BD0000000000
:1024400080B546F6B810C2F20040FBF7ADFE80BD85
:1024500080B546F64C20C2F20040FBF7A5FE80BDD9
:1024600080B586B004908DF80F100498D0F8C8029B
:1024700001900498D0F8D41200EB8100D0F8C0028B
:1024800020B9FFE703208DF817005FE00498D0F82B
:10249000D41200EB8100D0F8C002029004989DF89D
:1024A0000F1001F00F0101EB810100EB8100806949
:1024B00040B3FFE704989DF80F1001F00F0101EB06
:1024C000810200EB82008269019801EBC10100EBFF
:1024D0008100C169B2FBF1F000FB112090B9FFE768
:1024E00004989DF80F1001F00F0101EB810100EB42
:1024F00081000023836104989DF80F101A4601F0B3
:1025000003FE1FE002990020C1F814020498D0F8DD
:10251000D41200EB8100D0F8C402006988B1FFE753
:102520000498D0F8D41200EB8100D0F8C4020369FB
:102530000299D1F8080201F504719DF80F2098471F
:10254000FFE7FFE700208DF81700FFE79DF8170071
:1025500006B080BD0000000080B584B002908DF808
:1025600007100298D0F8D41200EB8100D0F8C00216
:1025700000900298D0F8D41200EB8100D0F8C0028D
:1025800020B9FFE703208DF80F0019E002989DF8AD
:10259000071001F029FB0099C1F80C020298D0F84D
:1025A000D41200EB8100D0F8C402C2680099D1F8BF
:1025B000040201F50371904700208DF80F00FFE73A
:1025C0009DF80F0004B080BD80B586B005908DF8F1
:1025D0001310059840F20101C2F200410091097800
:1025E00001F016F900990598097801F00F0101EB47
:1025F000810100EB8101002003908884059840F25E
:102600000201C2F200410191097801F001F9019A39
:1026100003980599127802F00F0202EB820201EB97
:102620008201A1F86401059840F20001C2F2004164
:102630000291097801F0ECF8029A03980599137851
:1026400003F00F0303EB830301EB830188840599F7
:10265000127802F00F0202EB820201EB8201C884C1
:102660000598D0F8D41200EB8100D0F8C002F0B188
:10267000FFE70598D0F8D41200EB8100D0F8C4022F
:10268000406880470598D0F8D41200EB8100D0F85C
:10269000C00202F0E5F90598D0F8D41200EB8101F0
:1026A0000020C1F8C0020599C1F8BC02FFE7002074
:1026B00006B080BD0000000080B584B00290029892
:1026C000D0F8D41200EB8100D0F8C002019001983C
:1026D00020B9FFE703208DF80F0025E00298D0F81D
:1026E000D41200EB8100D0F8C402C8B1FFE7019812
:1026F00090F80002FF2813D0FFE70298D0F8D41218
:1027000000EB8100D0F8C4028368019991F80002BF
:1027100091F8012298470199FF2081F80002FFE714
:1027200000208DF80F00FFE79DF80F0004B080BD7A
:1027300081B0009000990A20088040F2D400C2F2D3
:10274000004001B07047000080B586B0059040F2AF
:102750009000C2F200400190822100F019FE014673
:1027600001980491012100F013FE014601980391A4
:10277000812100F00DFE0290049820B1FFE704993A
:1027800010208871FFE7039820B1FFE703994020EC
:102790008880FFE7029820B1FFE7029940208880F7
:1027A000FFE705994320088040F29000C2F2004004
:1027B00006B080BD0000000080B586B0059040F2F4
:1027C0009000C2F200400190822100F0E1FD01463C
:1027D00001980491012100F0DBFD0146019803916D
:1027E000812100F0D5FD0290049820B1FFE7049903
:1027F00010208871FFE7039828B1FFE703994FF491
:1028000000708880FFE7029828B1FFE702994FF433
:1028100000708880FFE705994320088040F290000F
:10282000C2F2004006B080BD80B586B0059040F28F
:102830009000C2F200400190822100F0A9FD014603
:1028400001980491012100F0A3FD01460198039134
:10285000812100F09DFD0290049820B1FFE70499CA
:1028600010208871FFE7039820B1FFE7039940200B
:102870008880FFE7029820B1FFE702994020888016
:10288000FFE705994320088040F29000C2F2004023
:1028900006B080BD0000000080B590B00E908DF8AD
:1028A00037104FF4077002F0DFF80C900C9860B905
:1028B000FFE70E98D0F8D41200EB81010020C1F898
:1028C000C00202208DF83F00F0E00C984FF4077131
:1028D000EDF75FFF0C980E99D1F8D42201EB82013D
:1028E000C1F8C0020E99D1F8D40201EB8000D0F8F3
:1028F000C002C1F8BC020E98007C002840D1FFE75E
:102900000E9840F20101C2F20041079109780222BB
:1029100008924FF40073099301F05AFA0799089A44
:10292000099B0E98097801F00F0101EB810100EB82
:10293000810101200B9088840E9840F20201C2F2BE
:1029400000410A91097801F043FA0A9A0B980E990E
:10295000127802F00F0202EB820201EB8201A1F871
:1029600064010E9840F20001C2F20041097801F0C2
:102970000F0101EB810100EB81011020C8843EE0D2
:102980000E9840F20101C2F2004102910978022240
:1029900003924023049301F01BFA0299039A049BCB
:1029A0000E98097801F00F0101EB810100EB810124
:1029B0000120069088840E9840F20201C2F2004184
:1029C0000591097801F004FA059A06980E99127893
:1029D00002F00F0202EB820201EB8201A1F8640116
:1029E0000E9840F20001C2F20041097801F00F0197
:1029F00001EB810100EB81011020C884FFE70E98F4
:102A000040F20001C2F2004100910978032208233C
:102A100001F0DEF900990E98097801F00F0101EB41
:102A2000810100EB8101012088840C990020019034
:102A3000C1F804020E98D0F8D41200EB8100D0F84F
:102A4000C4020068804701980C99C1F814020C99DF
:102A5000C1F818020C98D0F8040220B9FFE7022050
:102A60008DF83F0022E00E98007C70B9FFE70E98C9
:102A700040F20201C2F2004109780C9AD2F8042215
:102A80004FF4007301F0CCF90CE00E9840F2020113
:102A9000C2F2004109780C9AD2F80422402301F0D6
:102AA000BFF9FFE700208DF83F00FFE79DF83F00EA
:102AB00010B080BD0000000080B584B00290029884
:102AC000D0F8D41200EB8100D0F8C0020190029837
:102AD000D0F8D41200EB8100D0F8C00220B9FFE793
:102AE00003208DF80F0022E00298007C70B9FFE708
:102AF000029840F20201C2F200410978019AD2F82C
:102B000004224FF4007301F08BF90CE0029840F2BC
:102B10000201C2F200410978019AD2F8042240234E
:102B200001F07EF9FFE700208DF80F00FFE79DF828
:102B30000F0004B080BD000083B0019000910098A8
:102B400020B9FFE703208DF80B000BE000980199F6
:102B5000D1F8D42201EB8201C1F8C40200208DF823
:102B60000B00FFE79DF80B0003B07047000000006A
:102B700084B0029001910298D0F8D41200EB810049
:102B8000D0F8C0020090009820B9FFE703208DF82C
:102B90000F0007E001980099C1F8040200208DF8A9
:102BA0000F00FFE79DF80F0004B070470000000021
:102BB00085B00390029101920398D0F8D41200EBF3
:102BC0008100D0F8C0020090009820B9FFE70320F0
:102BD0008DF813000BE002980099C1F808020198E3
:102BE0000099C1F8100200208DF81300FFE79DF84E
:102BF000130005B07047000080B58AB008900791B7
:102C00000898D0F8D41200EB8100D0F8C0020690EA
:102C100000208DF81500ADF812008DF8110006980F
:102C200020B9FFE703208DF82700C7E00798007858
:102C300000F060000146039100285ED0FFE7039892
:102C4000202840F0AE80FFE70798C088002846D0D3
:102C5000FFE7079800780006002823D5FFE70898CB
:102C6000D0F8D41200EB8100D0F8C4028368079A30
:102C700050780699D28898470798C088082803D3C7
:102C8000FFE70720029003E00798C0880290FFE763
:102C90000298ADF8160008980699BDF8162000F0C5
:102CA00083F91BE007984078069981F8000207989D
:102CB000C0883F2804D8FFE70798C088019002E049
:102CC00040200190FFE70198069981F801020898D9
:102CD000069991F8012200F037F9FFE70CE0089817
:102CE000D0F8D41200EB8100D0F8C40283680799B1
:102CF000487800229847FFE75BE007984078014654
:102D000000910B2844D80099DFE801F006414242C7
:102D10004242424242421C32089890F89C020328E8
:102D200007D1FFE708980DF11201022200F03CF9EB
:102D300007E00898079900F0F7F803208DF81100D4
:102D4000FFE72DE0089890F89C02032807D1FFE7E1
:102D500008980DF11501012200F026F907E0089806
:102D6000079900F0E1F803208DF81100FFE717E064
:102D7000089890F89C02032808D0FFE70898079964
:102D800000F0D2F803208DF81100FFE708E007E01B
:102D90000898079900F0C8F803208DF81100FFE7A4
:102DA00007E00898079900F0BFF803208DF811009C
:102DB000FFE79DF811008DF82700FFE79DF8270039
:102DC0000AB080BD0000000080B584B00290029877
:102DD000D0F8D41200EB8100D0F8C002019001209D
:102DE0008DF80300019820B9FFE703208DF80F004C
:102DF0002AE00198D0F8140208BBFFE701990120EE
:102E0000C1F814020198D0F81002029A40F20101B0
:102E1000C2F200410B7803F00F0303EB830302EBD4
:102E20008302906102980978019BD3F80822D3F8B5
:102E3000103201F069F900208DF80300FFE79DF8DA
:102E400003008DF80F00FFE79DF80F0004B080BD70
:102E500080B582B001908DF8031000208DF802003B
:102E60000198D0F8B8124A689DF80310904720B135
:102E7000FFE703208DF80200FFE79DF8020002B093
:102E800080BD00000000000080B582B0019000917C
:102E9000019890F89C02013802280ED8FFE70098AC
:102EA0004088012808D1FFE701990020C1F8A40259
:102EB000019800F095F8FFE704E00198009900F010
:102EC00033F8FFE702B080BD82B001908DF80310A7
:102ED000002002B07047000082B001908DF803100E
:102EE000002002B07047000080B584B003900291CA
:102EF00001920398029A019B0021009100F090FF3B
:102F0000009804B080BD000080B584B003900291A9
:102F100001920398029A019B0021009101F0F4F8BC
:102F2000009804B080BD000080B582B0019000918F
:102F30000198802101F094F80198002101F090F8A7
:102F400002B080BD0000000080B584B00390029103
:102F5000019203990320C1F8940201980399C1F8E2
:102F6000580101980399C1F85C010398029A019BEA
:102F70000021009100F054FF009804B080BD0000D3
:102F800080B582B0019001990520C1F894020198A2
:102F90000023009319461A4600F042FF009802B041
:102FA00080BD00000000000080B584B00390029155
:102FB000019203990220C1F8940201980399886153
:102FC00001980399C8610398029A019B002100911E
:102FD00001F09AF8009804B080BD000000000000E5
:102FE00080B582B0019001990420C1F89402019843
:102FF0000023009319461A4601F086F8009802B0A3
:1030000080BD00000000000080B584B003900291F4
:103010000298C088012805D0FFE703980299FFF7BE
:1030200083FF21E0039890F89C12481E019102282A
:1030300004D3FFE7019803280AD00FE0039900208A
:103040008860039800F108010122FFF7ADFF0AE054
:103050000398011D0122FFF7A7FF04E003980299DE
:10306000FFF762FFFFE7FFE704B080BD000000004C
:1030700080B588B0079006910020ADF81600049046
:103080008DF80F000698C0780138014602910E288D
:1030900000F241810299DFE811F02A00340051006A
:1030A0003E013E010B0123013E013E013E013E0176
:1030B0003E013E013E010F000798D0F8B402C069FE
:1030C00050B1FFE70798D0F8B412CA69007C0DF13F
:1030D00016019047049009E007980699FFF724FF2E
:1030E0009DF80F0001308DF80F00FFE71DE10798F4
:1030F000D0F8B4120A68007C0DF1160190470490D4
:1031000013E10798007C60B9FFE70798D0F8B80290
:10311000816A0DF1160088470490049902204870D6
:103120000BE00798D0F8B802C16A0DF11600884785
:103130000490049902204870FFE7F6E00698807832
:1031400001460191052800F2A8800199DFE801F00D
:10315000031E39546F8A0798D0F8B402406850B102
:10316000FFE70798D0F8B4124A68007C0DF1160109
:103170009047049009E007980699FFF7D5FE9DF85F
:103180000F0001308DF80F00FFE790E00798D0F8AE
:10319000B402806850B1FFE70798D0F8B4128A688B
:1031A000007C0DF116019047049009E007980699FC
:1031B000FFF7BAFE9DF80F0001308DF80F00FFE712
:1031C00075E00798D0F8B402C06850B1FFE70798DF
:1031D000D0F8B412CA68007C0DF116019047049033
:1031E00009E007980699FFF79FFE9DF80F00013050
:1031F0008DF80F00FFE75AE00798D0F8B402006995
:1032000050B1FFE70798D0F8B4120A69007C0DF1BD
:1032100016019047049009E007980699FFF784FE8D
:103220009DF80F0001308DF80F00FFE73FE0079891
:10323000D0F8B402406950B1FFE70798D0F8B41253
:103240004A69007C0DF116019047049009E0079847
:103250000699FFF769FE9DF80F0001308DF80F0009
:10326000FFE724E00798D0F8B402806950B1FFE787
:103270000798D0F8B4128A69007C0DF116019047C6
:10328000049009E007980699FFF74EFE9DF80F009D
:1032900001308DF80F00FFE709E007980699FFF766
:1032A00043FE9DF80F0001308DF80F00FFE73CE072
:1032B0000798007C48B9FFE70798D0F8B802416B3F
:1032C0000DF116008847049009E007980699FFF76A
:1032D0002BFE9DF80F0001308DF80F00FFE724E072
:1032E0000798007C60B9FFE70798D0F8B802016B37
:1032F0000DF116008847049004990720487009E0F2
:1033000007980699FFF710FE9DF80F0001308DF821
:103310000F00FFE709E007980699FFF705FE9DF803
:103320000F0001308DF80F00FFE79DF80F0008B186
:10333000FFE72AE00698C08818B3FFE7BDF816003B
:10334000C8B1FFE7BDF816000699C988884204DABB
:10335000FFE7BDF81600009003E00698C0880090D3
:10336000FFE70098ADF8160007980499BDF81620FD
:10337000FFF71AFE04E007980699FFF7D5FDFFE76F
:1033800003E00798FFF72CFEFFE708B080BD0000C0
:1033900080B586B005908DF81310059803900598B8
:1033A000029000200190029948880978884227DD20
:1033B000FFE702980078ADF80200FFE7BDF80200D1
:1033C0000299498888421ADAFFE703980DF1020151
:1033D00000F036F803900398407805280ED1FFE7F7
:1033E00003980190019880789DF81310884201D1CC
:1033F000FFE704E000200190FFE7FFE7DEE7FFE7DB
:10340000019806B080BD000083B0029000208DF8C6
:10341000070002980090FFE70098007848B1FFE7A6
:103420009DF8070001308DF80700009801300090EA
:10343000F2E79DF8070003B07047000000000000AD
:1034400083B002900191029800900098027801994F
:103450000888104408800298009909780844009070
:10346000009803B07047000080B582B001900091D1
:10347000019890F89C02013802281FD8FFE70098B5
:10348000C088022805D0FFE701980099FFF74CFD9E
:1034900019E001990120C8600198D0F8A40230B168
:1034A000FFE70199C86840F00200C860FFE7019893
:1034B00000F10C010222FFF777FD04E0019800996A
:1034C000FFF732FDFFE702B080BD00000000000002
:1034D00080B586B005900491039200208DF80B0012
:1034E000059808B9FFE74FE0059801900198FFF7AC
:1034F0008BFF0146022000EB4100B0F5007F04D9AC
:10350000FFE74FF40070009008E00198FFF77CFFA0
:103510000146022000EB41000090FFE7009803996C
:1035200008800398007804999DF80B2088549DF832
:103530000B0001308DF80B0004999DF80B2003203F
:1035400088549DF80B0001308DF80B00FFE70198BF
:103550000078C8B1FFE70198007804999DF80B2026
:1035600088540198013001909DF80B0001308DF8CE
:103570000B0004999DF80B20002088549DF80B0047
:1035800001308DF80B00E2E706B080BD00000000BE
:1035900082B08DF8070000208DF806009DF8070026
:1035A00001460091032814D80099DFE801F00206D3
:1035B0000A0E00208DF806000FE003208DF80600AB
:1035C0000BE001208DF8060007E003208DF80600CF
:1035D00003E003208DF80600FFE79DF8060002B027
:1035E000704700000000000080B582B08DF8070031
:1035F00000919DF8070060B9FFE7009A44F6A730F4
:10360000C0F6020042F68071C2F20041FFF760FF8F
:103610000BE0009A44F6A730C0F6020042F6807133
:10362000C2F20041FFF754FFFFE742F68070C2F29A
:10363000004002B080BD000082B08DF8070000910C
:1036400000991220088040F2E000C2F2004002B06F
:10365000704700000000000080B582B08DF80700C0
:1036600000919DF8070060B9FFE7009A44F6993091
:10367000C0F6020042F68071C2F20041FFF728FF57
:103680000BE0009A44F69930C0F6020042F68071D1
:10369000C2F20041FFF71CFFFFE742F68070C2F262
:1036A000004002B080BD000082B08DF8070000919C
:1036B00000990420088040F20810C2F2004002B0D5
:1036C000704700000000000080B584B08DF80F0046
:1036D0000291029A44F6B230C0F6020042F68071BE
:1036E000C2F200410191FFF7F3FE019804B080BDE2
:1036F00080B582B08DF8070000919DF8070060B991
:10370000FFE7009A44F6C530C0F6020042F6807129
:10371000C2F20041FFF7DCFE0BE0009A44F6C53030
:10372000C0F6020042F68071C2F20041FFF7D0FEFF
:10373000FFE742F68070C2F2004002B080BD000098
:1037400080B582B08DF80700009100991A2008809A
:10375000F0F71AFD40F20C10C2F2004002B080BD3A
:1037600080B584B0029001918DF80320029820B9B1
:10377000FFE703208DF80F0023E002990020C1F835
:10378000B8020299C1F8C4020299C1F8D0020198A6
:1037900028B1FFE701980299C1F8B402FFE7029946
:1037A000012081F89C029DF803000299087002989C
:1037B00000F02AFA8DF802009DF802008DF80F0043
:1037C000FFE79DF80F0004B080BD0000000000007E
:1037D00080B582B001908DF8031000208DF80200B2
:1037E0008DF801000198D0F8C8029DF80310F5F794
:1037F000DBFC8DF802009DF80200FFF7C9FE8DF892
:1038000001009DF8010002B080BD00000000000032
:1038100080B582B001908DF8031000208DF8020071
:103820008DF801000198D0F8C8029DF80310F5F753
:1038300067FC8DF802009DF80200FFF7A9FE8DF8E5
:1038400001009DF8010002B080BD000000000000F2
:1038500080B588B006908DF8171004929DF8170077
:10386000002874D1FFE70698143003900698D0F82A
:10387000940202285DD1FFE703998868C9688842ED
:1038800012D9FFE703998868CA68801A8860069889
:103890000499039A9268FFF737FB069800231946AC
:1038A0001A4600F0BDFA43E003988168C068884278
:1038B0001ED1FFE703994868C968884218D3FFE71B
:1038C000039840680699D1F89812884210D2FFE711
:1038D0000698002201921146FFF716FB019B0698FD
:1038E000C0F89832069819461A4600F099FA1EE078
:1038F000069890F89C02032811D1FFE70698D0F8AB
:10390000B802C06850B1FFE706990020C1F8D402A0
:103910000698D0F8B812C9688847FFE7FFE706980D
:10392000802100F09DFB0698FFF72AFBFFE7FFE7E9
:10393000FFE7069890F8A00240B1FFE7069800F074
:1039400077FC0699002081F8A002FFE740E0069886
:103950009DF8171041F08001FFF7B6FA8DF80A00C4
:103960009DF80A00FF2832D0FFE79DF80A0070BBDF
:10397000FFE7069890F89C02032827D1FFE70698F6
:103980009DF80A1000EB8100D0F8B8024069E0B160
:10399000FFE79DF80A000699C1F8D40206989DF841
:1039A0000A1000EB8101D1F8B8124A699DF817108E
:1039B00090478DF80B009DF80B0028B1FFE79DF8AC
:1039C0000B008DF81F0007E0FFE7FFE7FFE7FFE7C9
:1039D00000208DF81F00FFE79DF81F0008B080BD94
:1039E00080B58AB008908DF81F10069200208DF8DF
:1039F00013009DF81F00002840F08280FFE7089820
:103A000000F5AA7005900898D0F89402032876D1A2
:103A1000FFE705998868C96888421DD9FFE70599BD
:103A20008868CA68801A886008980290069803908F
:103A300005998868C968884204D2FFE705988068BC
:103A4000019003E00598C0680190FFE70399029890
:103A5000019AFFF749FA51E0089890F8AA0200F09D
:103A60001F000146009140B1FFE70098012808D0EF
:103A7000FFE7009802280CD013E000208DF8120018
:103A800013E0089890F8AE12FFF726FA8DF81200AE
:103A90000BE0089890F8AE12FFF716FA8DF81200B6
:103AA00003E000208DF81200FFE79DF8120008BB2C
:103AB000FFE7089890F89C0203281AD1FFE70898BE
:103AC0009DF8121000EB8100D0F8B802006978B1BF
:103AD000FFE79DF812000899C1F8D40208989DF8F4
:103AE000121000EB8101D1F8B81209698847FFE78D
:103AF000FFE7FFE70898FFF773FAFFE7FFE740E00B
:103B000008989DF81F1001F07F01FFF7DDF98DF88F
:103B100012009DF81200FF2832D0FFE79DF8120036
:103B200070BBFFE7089890F89C0203281ED1FFE7BE
:103B300008989DF8121000EB8100D0F8B802806957
:103B400098B1FFE79DF812000899C1F8D4020898CF
:103B50009DF8121000EB8101D1F8B8128A699DF826
:103B60001F1090478DF81300FFE7FFE79DF8130043
:103B700028B1FFE79DF813008DF8270005E0FFE767
:103B8000FFE700208DF82700FFE79DF827000AB027
:103B900080BD00000000000081B00090002001B056
:103BA000704700000000000080B582B00190002046
:103BB0008DF803000199012081F89C020198D0F84A
:103BC000B80268B1FFE70198D0F8B8124A680179E5
:103BD000904720B1FFE703208DF80300FFE7FFE7E0
:103BE0009DF8030002B080BD80B582B001908DF8D1
:103BF00003100198D0F8C8029DF80310F5F738FBC0
:103C000002B080BD0000000080B584B0039003982E
:103C10000078012838D1FFE7039946F26C30C2F2F0
:103C200000400290C0F8E0140399C1F8C8020021D6
:103C3000C4F204010160092101710222C271002154
:103C4000817142728172C17201738173C173017497
:103C5000F6F7E2F818B1FFE7F0F72AF8FFE746F2C7
:103C60006C30C2F2004001904FF40071F5F77CF91E
:103C7000019800218022F5F783F9019801214FF482
:103C8000BA72F5F77DF9FFE7002004B080BD0000AF
:103C900084B002908DF807100298D0F8C802009006
:103CA0009DF80700000600280DD5FFE700989DF855
:103CB000071001F07F0101EBC10100EB8100807D65
:103CC0008DF80F000DE000989DF8071001F07F01BE
:103CD00001EBC10100EB810090F856028DF80F0056
:103CE000FFE79DF80F0004B07047000000000000DF
:103CF00080B584B002908DF807100298D0F8D412E5
:103D000000EB8100D0F8B80220B9FFE703208DF85E
:103D10000F0020E0029890F89C02032817D1FFE7DB
:103D20000298D0F8D41200EB8100D0F8B802006AF3
:103D300060B1FFE70298D0F8D41200EB8101D1F80E
:103D4000B8120A6A9DF807109047FFE7FFE70020C6
:103D50008DF80F00FFE79DF80F0004B080BD000054
:103D600080B584B002908DF807100298D0F8D41274
:103D700000EB8100D0F8B80220B9FFE703208DF8EE
:103D80000F0020E0029890F89C02032817D1FFE76B
:103D90000298D0F8D41200EB8100D0F8B802406A43
:103DA00060B1FFE70298D0F8D41200EB8101D1F89E
:103DB000B8124A6A9DF807109047FFE7FFE7002016
:103DC0008DF80F00FFE79DF80F0004B080BD0000E4
:103DD00080B584B003908DF80B108DF80A20ADF8F3
:103DE000083000208DF807008DF806000398D0F801
:103DF000C8029DF80B10BDF808209DF80A30F5F7B1
:103E00004BFA8DF807009DF80700FFF7C1FB8DF80E
:103E100006009DF8060004B080BD00000000000010
:103E200080B586B005908DF81310039202930020A0
:103E30008DF807008DF806000598D0F8C8029DF8A7
:103E40001310039A029BF5F79FFA8DF807009DF86F
:103E50000700FFF79DFB8DF806009DF8060006B0F1
:103E600080BD00000000000080B586B005900020F5
:103E70008DF81300059A012182F89C120599C1F86A
:103E80009402059948600599C1F8A402059981F842
:103E9000A0020598D0F8B802A0B1FFE70598D0F8C5
:103EA000B802406868B1FFE70598D0F8B8124A68D0
:103EB0000179904720B1FFE703208DF81300FFE759
:103EC000FFE7FFE705980022019240230393114684
:103ED000FFF77EFF019A039B059901200290A1F84C
:103EE00064010598C0F8603105988021FFF770FFE4
:103EF00002990398059A9184059908629DF8130028
:103F000006B080BD0000000081B00090009890F8DD
:103F10009C02042807D1FFE7009890F89D020099C1
:103F200081F89C02FFE7002001B07047000000000C
:103F300080B582B00190019890F89C02032813D1BB
:103F4000FFE70198D0F8B80268B1FFE70198D0F810
:103F5000B802C06930B1FFE70198D0F8B812C9695A
:103F60008847FFE7FFE7FFE7002002B080BD0000C1
:103F700082B001908DF803109DF803000199087438
:103F8000002002B07047000080B582B001908DF82B
:103F9000031000208DF802008DF801000198D0F880
:103FA000C8029DF80310F6F7D7F88DF802009DF8C7
:103FB0000200FFF7EDFA8DF801009DF8010002B054
:103FC00080BD00000000000080B584B00390029125
:103FD000039800F2AA20029900F0BAF80399012090
:103FE000C1F894020399B1F8B002C1F8980203989D
:103FF00090F8AA0200F01F000146009140B1FFE7CF
:10400000009801280CD0FFE70098022810D017E094
:10401000039800F2AA2100F067FA8DF8070019E072
:10402000039800F2AA2100F09FFC8DF8070011E030
:10403000039800F2AA2100F0BFFA8DF8070009E00A
:10404000039890F8AA1201F0800100F009F88DF8A9
:104050000700FFE79DF8070004B080BD00000000E6
:1040600080B582B001908DF8031000208DF8020019
:104070008DF801000198D0F8C8029DF80310F5F7FB
:10408000BBF98DF802009DF80200FFF781FA8DF868
:1040900001009DF8010002B080BD0000000000009A
:1040A00080B582B0019000208DF803008DF80200E9
:1040B0000198D0F8C802F6F78BF88DF803009DF848
:1040C0000300FFF765FA8DF802009DF8020002B0C8
:1040D00080BD00000000000081B00090009890F8C2
:1040E0009C02042807D0FFE7009890F89C020099F2
:1040F00081F89D02FFE70099042081F89C020020CE
:1041000001B070470000000080B586B005908DF8C2
:1041100013100392029300208DF807008DF806001B
:104120000598D0F8C8029DF81310039A029BF5F782
:10413000D3F98DF807009DF80700FFF729FA8DF8ED
:1041400006009DF8060006B080BD000000000000DB
:1041500080B584B003900291029801900198007894
:104160000399087001980130019001980078039933
:1041700048700198013001900198FCF715FC0399F3
:104180004880019801300190019801300190019818
:10419000FCF70AFC0399888001980130019001988E
:1041A000013001900198FCF7FFFB0399C88004B02F
:1041B00080BD00000000000080B584B00290019135
:1041C0000020ADF80200019820B9FFE703208DF828
:1041D0000F0026E001980299C1F8B8020298D0F8C1
:1041E000D41200EB8100D0F8B802C06A78B1FFE7C2
:1041F0000298D0F8D41200EB8100D0F8B802C16A5E
:104200000DF1020088470299C1F8D002FFE7029938
:10421000D1F8D8020130C1F8D80200208DF80F0083
:10422000FFE79DF80F0004B080BD00000000000013
:1042300081B00090002001B0704700000000000035
:1042400080B584B00390029102988088B8BBFFE7E4
:104250000298C08898BBFFE7029840887F282ED834
:10426000FFE70298807800F07F008DF80700039840
:1042700090F89C02032805D1FFE703980299FEF706
:1042800053FE1BE09DF80700039981F89E020398F6
:104290009DF80710FFF778FE0398FEF7A1FE9DF842
:1042A000070028B1FFE70399022081F89C0204E08F
:1042B0000399012081F89C02FFE7FFE704E00398DF
:1042C0000299FEF731FEFFE704B080BD0000000058
:1042D00080B582B001908DF8031000208DF80200A7
:1042E0000198D0F8B80250B1FFE70198D0F8B812A1
:1042F0000A689DF8031090478DF80200FFE79DF8CB
:10430000020002B080BD000080B586B00490039129
:1043100000208DF80B000398817842F67C70C2F281
:10432000004001700078022808D3FFE70498039941
:10433000FEF7FAFD03208DF81700A0E0049890F82E
:104340009C0201460191022804D0FFE7019803284E
:104350002FD07FE042F67C70C2F20040007818B3A4
:10436000FFE742F67C71C2F200410878049A50607F
:1043700004980978FFF7ACFF8DF80B009DF80B004F
:1043800048B1FFE704980399FEF7CEFD0499022097
:1043900081F89C0207E00498FEF722FE04990320AE
:1043A00081F89C02FFE703E00498FEF719FEFFE79F
:1043B00060E042F67C70C2F20040007898B9FFE7F6
:1043C0000499022081F89C0242F67C71C2F20041FD
:1043D0000878049A506004980978FEF739FD04982B
:1043E000FEF7FEFD35E042F67C70C2F20040007838
:1043F00004994968884227D0FFE704980179FEF7BD
:1044000027FD42F67C71C2F200410878049A5060A0
:1044100004980978FFF75CFF8DF80B009DF80B00FE
:1044200068B1FFE704980399FEF77EFD04980179CF
:10443000FEF70EFD0499022081F89C0203E0049827
:10444000FEF7CEFDFFE703E00498FEF7C9FDFFE7A6
:10445000FFE70FE004980399FEF766FD049842F623
:104460007C71C2F200410978FEF7F2FC03208DF85E
:104470000B00FFE79DF80B008DF81700FFE79DF894
:10448000170006B080BD000080B582B00190009199
:1044900000984088012808D1FFE701990120C1F860
:1044A000A4020198FEF79CFD13E0009840880228C2
:1044B00009D1FFE700984079019981F8A00201989D
:1044C000FEF78EFD04E001980099FEF72DFDFFE751
:1044D000FFE702B080BD000080B582B00190019876
:1044E000FFF7DEFD02B080BD80B586B00590049177
:1044F00000208DF80F000498007800F0600001465D
:104500000291A8B1FFE70298202804D0FFE70298A3
:10451000402846D1FFE70598D0F8D41200EB81017E
:10452000D1F8B8128A68049990478DF80F003DE0E1
:10453000049840780146019109282CD80199DFE8B8
:1045400001F01B252A202A0A052A160F059804992E
:10455000FEF78EFD24E005980499FFF771FE1FE039
:1045600005980499FFF7D0FE8DF80F0018E0059824
:104570000499FEF749FD13E005980499FEF774FFCE
:104580000EE005980499FFF77FFF09E0059804996C
:10459000FEF77AFC04E005980499FEF7C5FCFFE7F6
:1045A00004E005980499FEF7BFFCFFE79DF80F00B3
:1045B00006B080BD0000000080B58CB00B900A9161
:1045C00000208DF821000A9880888DF823000A9831
:1045D000007800F0600001460791B8B3FFE7079844
:1045E000202805D0FFE70798402840F0B281FFE778
:1045F0000B989DF82310FEF767FC8DF822009DF8BC
:104600002200FF2821D0FFE79DF82200E8B9FFE74C
:104610009DF822000B99C1F8D4020B989DF8221046
:1046200000EB8100D0F8B802806868B1FFE70B9812
:104630009DF8221000EB8101D1F8B8128A680A991E
:1046400090478DF82100FFE7FFE787E10A9840785F
:1046500001460691002800F0BD80FFE7069801287A
:104660004CD0FFE70698032840F06D81FFE70B98D8
:1046700090F89C0201460591022804D0FFE70598B6
:10468000032819D034E09DF8230078B1FFE79DF8A6
:10469000230080280AD0FFE70B989DF82310FFF72E
:1046A000DFFC0B988021FFF7DBFC04E00B980A99F4
:1046B000FEF73AFCFFE720E00A984088A0B9FFE740
:1046C0009DF8230078B1FFE79DF8230080280AD0E9
:1046D000FFE70A98C08830B9FFE70B989DF82310D0
:1046E000FFF7BEFCFFE7FFE70B98FEF779FC04E05D
:1046F0000B980A99FEF718FCFFE729E10B9890F850
:104700009C0201460491022804D0FFE70498032884
:1047100019D059E09DF8230078B1FFE79DF82300F8
:1047200080280AD0FFE70B989DF82310FFF798FC2C
:104730000B988021FFF794FC04E00B980A99FEF790
:10474000F3FBFFE745E00A984088E0BBFFE79DF8F0
:104750002300400630B1FFE70B989DF82310FFF7C8
:1047600037F8FFE70B98FEF73BFC0B989DF82310FA
:10477000FEF7AAFB8DF822009DF82200FF2821D029
:10478000FFE79DF82200E8B9FFE79DF822000B99AA
:10479000C1F8D4020B989DF8221000EB8100D0F8EC
:1047A000B802806868B1FFE70B989DF8221000EB13
:1047B0008101D1F8B8128A680A9990478DF82100D2
:1047C000FFE7FFE7FFE704E00B980A99FEF7ACFB71
:1047D000FFE7BDE00B9890F89C0201460391022888
:1047E00004D0FFE70398032838D0A6E09DF8230003
:1047F00050B1FFE79DF82300802805D0FFE70B9814
:104800000A99FEF791FB9DE09DF823000006002821
:104810000CD5FFE70B989DF8231001F07F0101EB09
:10482000810100EB8100143002900CE00B989DF8A0
:10483000231001F07F0101EB810100EB810000F505
:10484000AA700290FFE70298099009990020086079
:104850000B9809990222FEF7A7FB73E09DF823004D
:104860000006002812D5FFE70B989DF8231001F0F1
:104870000F0101EB810100EB8100808C28B9FFE77B
:104880000B980A99FEF750FB5CE012E00B989DF83C
:10489000231001F00F0101EB810100EB8100B0F862
:1048A000640128B9FFE70B980A99FEF73DFB49E040
:1048B000FFE79DF82300000600280CD5FFE70B98C2
:1048C0009DF8231001F07F0101EB810100EB8100D5
:1048D000143001900CE00B989DF8231001F07F013B
:1048E00001EB810100EB810000F5AA700190FFE768
:1048F000019809909DF8230028B1FFE79DF8230057
:10490000802804D1FFE70999002008600FE00B9888
:104910009DF82310FFF7BCF920B1FFE709990120AA
:10492000086003E0099900200860FFE7FFE70B98A3
:1049300009990222FEF738FB04E00B980A99FEF76A
:10494000F3FAFFE704E00B980A99FEF7EDFAFFE7A8
:1049500004E00B980A99FEF7E7FAFFE79DF82100BB
:104960000CB080BD0000000080B584B003900291BF
:1049700000208DF807000298007800F060000146E2
:10498000009140B1FFE70098202804D0FFE700988D
:1049900040285AD1FFE7039890F89C02013802287A
:1049A0004DD8FFE702980079012842D8FFE7039825
:1049B00002990979FEF790FA8DF806009DF8060035
:1049C000FF2825D0FFE79DF8060008BBFFE7039806
:1049D0009DF8061000EB8100D0F8B802806890B115
:1049E000FFE79DF806000399C1F8D40203989DF8EB
:1049F000061000EB8101D1F8B8128A68029990473D
:104A00008DF8070003E003208DF80700FFE703E0BF
:104A100003208DF80700FFE70298C08840B9FFE740
:104A20009DF8070020B9FFE70398FEF7D9FAFFE7E2
:104A300004E003980299FEF777FAFFE704E0039891
:104A40000299FEF771FAFFE704E003980299FEF776
:104A50006BFAFFE79DF8070004B080BD000000007E
:104A600081B0009001B0704781B0009043F2801097
:104A7000C2F2004001B0704784B0039002910398E5
:104A8000019002980078009002984078012830D177
:104A9000FFE70298007800F00F01012000FA01F210
:104AA0000199D1F81C081043C1F81C08019800991D
:104AB00000EB4110D0F800090004002818D4FFE7EB
:104AC000029988686FF3DF20097940EA8140009AF3
:104AD00040EA8250019901EB4211D1F800291043BC
:104AE00048F20002C1F200021043C1F80009FFE7DA
:104AF0002EE00298007800F00F01012000FA01F288
:104B00000199D1F81C0840EA0240C1F81C0801983C
:104B1000009900EB4110D0F8000B0004002816D4D7
:104B2000FFE7029988686FF3DF20097940EA814046
:104B30000199009A01EB4211D1F8002B104348F281
:104B40000002C1F200021043C1F8000BFFE7FFE7CB
:104B5000002004B07047000082B0019001980090DE
:104B60000099D1F8000940F2FF729043C1F80009A2
:104B70000099D1F8040840F48070C1F804080020BE
:104B800002B070470000000080B58AB0DDF830C088
:104B9000CDF814C00493039202919DF814108DF87F
:104BA00024100299039A049B08930792069101909E
:104BB0009DF81D00012823D1FFE70199886B20F49F
:104BC000803088630199C8684FF6BF72CFF6BD7216
:104BD0001040C8600199C86820F44010C8609DF872
:104BE0002400012806D1FFE70199C86840F480102D
:104BF000C860FFE7019800F03FF88DF803001AE065
:104C00000199C86840F04000C860019800F034F88D
:104C10008DF803009DF8210030B9FFE70199886BFA
:104C200040F48030886305E00199886B20F480307F
:104C30008863FFE7FFE79DF81A00012816D1FFE718
:104C40000199C86D80B2C8650199C86D0022C0F293
:104C5000EE321043C8650199886840F0060088600C
:104C60000199886840F020008860FFE79DF8030004
:104C70000AB080BD0000000083B0019000200090C9
:104C8000FFE70098013000900098B0F1706F04D9F0
:104C9000FFE703208DF80B0026E0FFE7019800698D
:104CA000C00F0028EDD0FFE70020009001990869AF
:104CB00040F001000861FFE7009801300090009883
:104CC000B0F1706F04D9FFE703208DF80B000BE003
:104CD000FFE70198006900F001000128ECD0FFE730
:104CE00000208DF80B00FFE79DF80B0003B0704724
:104CF00084B003900291039801900298007800908C
:104D000002984078012845D1FFE70198009900EB0F
:104D10004110D0F80009C00FA8B1FFE70198009931
:104D200000EB4111D1F8000940F00060C1F8000922
:104D30000198009900EB4111D1F8000940F0804042
:104D4000C1F80009FFE70298007800F00F01012088
:104D500000FA01F3019AD2F83C189943C2F83C18C2
:104D60000299097801F00F0100FA01F20199D1F8D6
:104D70001C089043C1F81C080198009900EB4111F0
:104D8000D1F8000947F60002CEF633421040C1F8D0
:104D9000000946E00198009900EB4110D0F8000BA3
:104DA000C00FA8B1FFE70198009900EB4111D1F8BD
:104DB000000B40F00060C1F8000B0198009900EB77
:104DC0004111D1F8000B40F08040C1F8000BFFE723
:104DD0000298007800F00F01012000FA01F3019A17
:104DE000D2F83C1821EA0341C2F83C18029909782C
:104DF00001F00F0100FA01F20199D1F81C0820EA34
:104E00000240C1F81C080198009900EB4111D1F84B
:104E1000000B47F60002CEF6F3721040C1F8000B0B
:104E2000FFE7002004B0704782B001900198009025
:104E30000099D1F8000E20F00300C1F8000E00998F
:104E4000D1F8040820F00200C1F80408002002B0E4
:104E5000704700000000000082B0019001980090AF
:104E60000099D1F8000E20F00300C1F8000E00995F
:104E7000D1F8040840F00200C1F80408002002B094
:104E8000704700000000000080B58CB0DDF838C02D
:104E9000CDF81CC00693059204919DF81C108DF866
:104EA0002C100499059A069B0A9309920891039085
:104EB00000208DF80B00039901910090FFE7009806
:104EC0000E280CD8FFE70398009900EB8101002021
:104ED000C1F80401FFE7009801300090EFE79DF86A
:104EE0002A00B8B9FFE70199D1F8040840F00200A0
:104EF000C1F804080399886B20F4001088630399B3
:104F0000086840F0400008600399086840F080009D
:104F1000086005E00399886B40F400108863FFE7A0
:104F200001990020C1F8000E9DF8250001280FD13D
:104F3000FFE79DF8230028B9FFE70398002100F060
:104F40008FFE04E00398012100F08AFEFFE704E0F1
:104F50000398032100F084FEFFE70398102100F07E
:104F6000AFFC20B1FFE701208DF80B00FFE70398AD
:104F700000F06AFC20B1FFE701208DF80B00FFE78D
:104F800001990020C1F810080199C1F8140801998D
:104F9000C1F81C080090FFE700989DF82010884297
:104FA0003BD2FFE70198009900EB4110D0F80009CF
:104FB000C00FB0B1FFE7009848B9FFE7019800992A
:104FC00000EB41114FF00060C1F8000908E00198C2
:104FD000009900EB41114FF09040C1F80009FFE744
:104FE00007E00198009900EB41110020C1F8000989
:104FF000FFE70198009900EB41110020C1F810096A
:105000000198009900EB41114FF67F30C1F8080973
:10501000FFE7009801300090BEE700200090FFE716
:1050200000989DF8201088423BD2FFE70198009934
:1050300000EB4110D0F8000BC00FB0B1FFE70098B3
:1050400048B9FFE70198009900EB41114FF000606B
:10505000C1F8000B08E00198009900EB41114FF0F6
:105060009040C1F8000BFFE707E00198009900EBC2
:1050700041110020C1F8000BFFE70198009900EBF7
:1050800041110020C1F8100B0198009900EB41116B
:105090004FF67F30C1F8080BFFE700980130009011
:1050A000BEE70199D1F8100820F48070C1F810080B
:1050B00003990020886103996FF0804048619DF852
:1050C000220030B9FFE70399886940F01000886139
:1050D000FFE70399886943F60002C8F23C021043D7
:1050E00088619DF8260030B1FFE70399886940F098
:1050F00008008861FFE79DF82A00012808D1FFE732
:10510000039988690422C4F2000210438861FFE712
:105110009DF80B000CB080BD81B0009000998868AC
:1051200020F001008860002001B0704700000000FE
:1051300086B004908DF80F100292049801900498A4
:10514000006C0090009843F20B01C4F65471884241
:105150000BD3FFE70198D0F8000BC00F20B1FFE799
:1051600000208DF817002EE0FFE701990020C1F81C
:10517000100B0199D1F8100B40F40020C1F8100B6E
:105180000199D1F8100B40F01800C1F8100B0199EB
:10519000D1F8100B40F0C040C1F8100B9DF80F0083
:1051A00001280CD1FFE702980199C1F8140B01996D
:1051B000D1F8000B40F08020C1F8000BFFE7002081
:1051C0008DF81700FFE79DF8170006B07047000044
:1051D00084B00390029103980190029800780090A7
:1051E00002984078012820D1FFE70198009900EB50
:1051F0004111D1F8000920F40010C1F8000902980B
:105200000079032805D0FFE70298007902280BD126
:10521000FFE70198009900EB4111D1F8000940F037
:105220008050C1F80009FFE71FE00198009900EBEA
:105230004111D1F8000B20F40010C1F8000B0298C6
:105240000079032805D0FFE70298007902280BD1E6
:10525000FFE70198009900EB4111D1F8000B40F0F5
:105260008050C1F8000BFFE7FFE7002004B0704753
:1052700084B0039002910398019002980078009006
:1052800002984078012822D1FFE70198009900EBAD
:105290004110D0F80009C00F70B9FFE7009858B16D
:1052A000FFE70198009900EB4111D1F8000920F0C7
:1052B0008040C1F80009FFE70198009900EB411117
:1052C000D1F8000940F40010C1F8000921E001986C
:1052D000009900EB4110D0F8000BC00F70B9FFE748
:1052E000009858B1FFE70198009900EB4111D1F8FF
:1052F000000B20F08040C1F8000BFFE701980099F7
:1053000000EB4111D1F8000B40F40010C1F8000B84
:10531000FFE7002004B0704780B588B00790069181
:105320008DF8172007980490069800780390069847
:105330004078012840F02481FFE706980069F8B919
:10534000FFE70498039900EB4111D1F810096FF3BE
:10535000DC40C1F810090498039900EB4111D1F821
:10536000100940F40020C1F810090498039900EBDB
:105370004111D1F810096FF31200C1F8100971E062
:105380000498039900EB4111D1F810096FF3120052
:10539000C1F810090498039900EB4111D1F81009E4
:1053A0006FF3DC40C1F810090398A8B9FFE706982D
:1053B00081680069884204D9FFE706998868086116
:1053C000FFE70498039900EB4111D1F8100940F46C
:1053D0000020C1F8100937E0069881680069084488
:1053E0000138B0FBF1F0ADF80A00BDF80A1000205A
:1053F000C1F6F87000EAC1420498039900EB41112C
:10540000D1F810091043C1F8100906980079012855
:1054100019D1FFE70498039900EB4111D1F8100965
:1054200020F0C040C1F81009BDF80A0000F00302E6
:105430000498039900EB4111D1F8100940EA427039
:10544000C1F81009FFE7FFE7069802696FF3DF4232
:105450000498039900EB4111D1F810091043C1F8E9
:105460001009FFE79DF8170001283BD1FFE70698D8
:10547000C06948B1FFE70698C0690499039A01EB37
:105480004211C1F81409FFE70698007901281ED1DE
:10549000FFE70498D0F80808C00500280BD4FFE700
:1054A0000498039900EB4111D1F8000940F0005035
:1054B000C1F800090AE00498039900EB4111D1F802
:1054C000000940F08050C1F80009FFE7FFE70498A9
:1054D000039900EB4111D1F8000940F00440C1F8F4
:1054E00000094CE00498039900EB4111D1F8000940
:1054F00040F00440C1F8000906980079012813D053
:10550000FFE70698006970B1FFE70698007800F0A1
:105510000F01012000FA01F20499D1F83408104378
:10552000C1F83408FFE729E00498D0F80808C0055E
:1055300000280BD4FFE70498039900EB4111D1F840
:10554000000940F00050C1F800090AE004980399EE
:1055500000EB4111D1F8000940F08050C1F800097A
:10556000FFE70798069BD9681A781B8A9DF817C031
:10557000EE46CEF800C000F067FCFFE7FFE7C4E0AE
:105580000498039900EB4111D1F8100B6FF312004E
:10559000C1F8100B0498039900EB4111D1F8100BDE
:1055A0006FF3DC40C1F8100B039818BBFFE70698B7
:1055B000006920B1FFE7069988680861FFE706994E
:1055C000886808620698026A6FF3DF4204980399BC
:1055D00000EB4111D1F8100B1043C1F8100B0498E7
:1055E000039900EB4111D1F8100B40F40020C1F8F1
:1055F000100B49E006980069C0B9FFE70698826879
:105600006FF3DF420498039900EB4111D1F8100BBE
:105610001043C1F8100B0498039900EB4111D1F825
:10562000100B40F40020C1F8100B2CE006988168A4
:10563000006908440138B0FBF1F0ADF80A000699A2
:105640008868BDF80A2050430862BDF80A1000209F
:10565000C1F6F87000EAC1420498039900EB4111C9
:10566000D1F8100B1043C1F8100B0698026A6FF3C3
:10567000DF420498039900EB4111D1F8100B10435D
:10568000C1F8100BFFE7FFE79DF8170001280ED1C6
:10569000FFE70698C06848B1FFE70698C06804991C
:1056A000039A01EB4211C1F8140BFFE7FFE70698DC
:1056B000007901281ED1FFE70498D0F80808C0053A
:1056C00000280BD4FFE70498039900EB4111D1F8AF
:1056D000000B40F00050C1F8000B0AE00498039959
:1056E00000EB4111D1F8000B40F08050C1F8000BE5
:1056F000FFE7FFE70498039900EB4111D1F8000B95
:1057000040F00440C1F8000BFFE7002008B080BD66
:1057100085B004900391002002908DF80700049852
:1057200000900398407801283ED1FFE70098039944
:10573000097800EB4110D0F80009C00F98B3FFE7DB
:1057400000980399097800EB4111D1F8000940F065
:105750000060C1F8000900980399097800EB411135
:10576000D1F8000940F08040C1F80009FFE7029835
:1057700001300290029842F21171884204D3FFE78F
:1057800001208DF807000DE0FFE7009803990978E4
:1057900000EB4110D0F8000900F00040B0F1004FDC
:1057A000E5D0FFE7FFE73DE000980399097800EBBB
:1057B0004110D0F8000BC00F98B3FFE70098039991
:1057C000097800EB4111D1F8000B40F00060C1F8FE
:1057D000000B00980399097800EB4111D1F8000BF8
:1057E00040F08040C1F8000BFFE7029801300290C2
:1057F000029842F21171884204D3FFE701208DF82C
:1058000007000DE0FFE700980399097800EB4110CD
:10581000D0F8000B00F00040B0F1004FE5D0FFE7FA
:10582000FFE7FFE79DF8070005B0704700000000A4
:1058300081B000900099886840F0010088600020E5
:1058400001B070470000000083B00190002000907C
:10585000FFE70098013000900098B0F1706F04D914
:10586000FFE703208DF80B0024E0FFE701980069B3
:10587000C00F0028EDD0FFE7002000900199102014
:105880000861FFE70098013000900098B0F1706F58
:1058900004D9FFE703208DF80B000BE0FFE7019828
:1058A000006900F010001028ECD0FFE700208DF810
:1058B0000B00FFE79DF80B0003B0704700000000ED
:1058C00084B00290019100200090FFE70098013021
:1058D00000900098B0F1706F04D9FFE703208DF8B5
:1058E0000F0026E0FFE702980069C00F0028EDD006
:1058F000FFE70020009001988001203002990861A4
:10590000FFE70098013000900098B0F1706F04D963
:10591000FFE703208DF80F000BE0FFE70298006916
:1059200000F020002028ECD0FFE700208DF80F00C9
:10593000FFE79DF80F0004B0704700000000000072
:1059400084B00390039802900298D0F8080800F001
:1059500006000090009820B9FFE700208DF80700AE
:1059600010E00098022804D0FFE70098062804D130
:10597000FFE702208DF8070003E00F208DF80700F5
:10598000FFE7FFE79DF8070004B070470000000044
:1059900081B000900098406900F0010001B07047AC
:1059A00083B00290029801900198D0F818080090F6
:1059B0000198D0F81C18009808400090BDF800002D
:1059C00003B070470000000083B00290029801907D
:1059D0000198D0F8180800900198D0F81C18009889
:1059E00008400090BDF8020003B0704700000000BE
:1059F00086B005908DF81310059803900398D0F8A1
:105A0000100801900398D0F83408009000989DF891
:105A1000131001F00F01C84000F00101019840EAA5
:105A2000C110019003989DF8131000EB4110D0F8BD
:105A30000809019908400290029806B070470000DA
:105A400084B003908DF80B100398019001989DF895
:105A50000B1000EB4110D0F8080B00900198D0F823
:105A60001418009808400090009804B07047000097
:105A700082B0019001984069009001988169009876
:105A800008400090009802B070470000000000003D
:105A900089B008900791ADF81A20089805900798EA
:105AA0000490BDF81A0080080190BDF81A0000F0BB
:105AB0000300ADF8020000200290FFE70298019970
:105AC000884217D2FFE705984FF480514058049957
:105AD0000860049801300490049801300490049800
:105AE00001300490049801300490FFE702980130DF
:105AF0000290E3E7BDF8020008B3FFE70020029040
:105B000005984FF4805140580390FFE703989DF8A3
:105B10000810C900C840049908700298013002902A
:105B2000049801300490BDF802000138ADF802007D
:105B3000FFE7BDF802000028E8D1FFE7FFE704987F
:105B400009B070470000000080B586B004908DF861
:105B50000F10002002900499C86820F0C040C8606F
:105B60009DF80F00012823D1FFE70499C86840F091
:105B70000050C860FFE70A20F1F75EFC02980A3087
:105B80000290FFE70498FFF703FF01460020012978
:105B9000019007D0FFE702990020C82938BF0120F3
:105BA0000190FFE70198C0070028E4D1FFE72AE051
:105BB0009DF80F0010BBFFE70499C86840F08040D3
:105BC000C860FFE70A20F1F737FC02980A3002901C
:105BD000FFE70498FFF7DCFE01460020009039B192
:105BE000FFE702990020C82938BF01200090FFE795
:105BF0000098C0070028E5D1FFE703E001208DF8F9
:105C000017000CE0FFE70298C82804D1FFE7012045
:105C10008DF8170003E000208DF81700FFE79DF8CE
:105C2000170006B080BD000083B002908DF8071009
:105C3000029800900099D1F8000820F4FE60C1F8A5
:105C400000089DF8070000F07F020099D1F80008D5
:105C500040EA0210C1F80008002003B070470000BD
:105C600083B002908DF80710029800909DF80720ED
:105C70000099D1F800081043C1F80008002003B0D3
:105C8000704700000000000084B0039002918DF87E
:105C900007209DF80700022840F0B880FFE702982F
:105CA0004AF6C041C0F2D80188420BD3FFE7029800
:105CB0004EF2BF11C0F2E401884203D8FFE70F2083
:105CC0000090A2E002984EF2C011C0F2E4018842B6
:105CD0000BD3FFE7029842F2FF31C0F2F401884291
:105CE00003D8FFE70E2000908EE0029842F20041B8
:105CF000C0F2F40188420BD3FFE7029847F27F31EC
:105D0000C0F20611884203D8FFE70D2000907AE028
:105D1000029847F28031C0F2061188420BD3FFE7A8
:105D2000029844F69F11C0F21A11884203D8FFE787
:105D30000C20009066E0029844F6A011C0F21A11FF
:105D400088420BD3FFE7029842F6FF41C0F23111BF
:105D5000884203D8FFE70B20009052E0029842F6F9
:105D60000051C0F2311188420BD3FFE702984AF28A
:105D70003F41C0F24C11884203D8FFE70A2000904F
:105D80003EE002984AF24041C0F24C1188420BD3E7
:105D9000FFE7029843F2FF51C0F26E11884203D828
:105DA000FFE7092000902AE0029843F20061C0F268
:105DB0006E1188420BD3FFE702984AF61F31C0F2FA
:105DC000A611884203D8FFE70820009016E0029849
:105DD0004AF62031C0F2A61188420BD3FFE70298A1
:105DE00044F2FF71C0F2E811884203D8FFE70720B0
:105DF000009002E006200090FFE7FFE7FFE7FFE7E3
:105E0000FFE7FFE7FFE7FFE7FFE70AE09DF807008E
:105E100018B9FFE70920009002E009200090FFE791
:105E2000FFE70399C86820F47050C860009800F03C
:105E30000F020399C86840EA8220C860002004B0BD
:105E4000704700000000000080B588B084460A98C2
:105E5000CDF81CC006918DF81720ADF814308DF8E0
:105E6000130007980390069802909DF8130048BB12
:105E7000FFE7BDF814000330800801900020009077
:105E8000FFE70098019988421BD2FFE7029800685B
:105E900003999DF8172001EB02314FF4805288508E
:105EA000029801300290029801300290029801306D
:105EB0000290029801300290FFE7009801300090B4
:105EC000DFE7FFE7002008B080BD00000000000011
:105ED000FFE7FEE70000000080B582B08DED010A0B
:105EE0009DED010A45F27850C2F2004009F0A8F891
:105EF00002B080BD0000000080B582B08DED010AC7
:105F00009DED010A45F27850C2F2004009F0B0F868
:105F100002B080BD0000000080B582B08DED010AA6
:105F20009DED010A45F27850C2F2004009F0B8F840
:105F300002B080BD0000000080B545F27850C2F28A
:105F4000004009F0D1F880BD80B545F27850C2F22A
:105F5000004002F0B5FD80BD80B545F27850C2F238
:105F6000004002F095FD80BD80B545F27850C2F248
:105F7000004002F07DFD80BD80B509F095FD80BD3B
:105F800080B509F045FD80BD80B509F051FD80BDAB
:105F900080B509F025FD80BD80B509F069FD80BDA3
:105FA00080B509F099FD80BD80B509F051FD80BD37
:105FB00080B509F0E5FC09F097FD09F0ADFD80BD65
:105FC00080B509F0EDFC09F097FD09F0ADFD09F091
:105FD000BBFD09F0C9FD09F0CFFD09F0D5FD09F0C1
:105FE000DBFD80BD0000000080B509F0D1FC80BD64
:105FF00080B509F035FD80BD80B509F05DFD80BD3F
:1060000080B509F0D5FC09F07FFD09F095FD09F098
:10601000A3FD80BD0000000080B509F0A9FC80BD93
:1060200080B509F0CDFC80BD80B509F04DFD80BD87
:1060300080B509F0CDFC80BD80B582B0019001989B
:1060400003F022FE0198002109F06EF902B080BD34
:1060500083B00290029840680190019800909DEDF5
:10606000000A03B07047000045F60820C2F2004065
:10607000704700000000000080B582B040F2DC50A4
:106080000AF0D2F903F0CCFD42F2FC60C2F200400B
:10609000019003F0EDFD01980121002209F0B4F810
:1060A0000A200AF0C1F902B080BD00000000000023
:1060B00086B0ADF816008DED040ACDED030A02910D
:1060C000029901208840013801900199BDF816001D
:1060D0000840ADF816009DED030A9DED041A30EE60
:1060E000410A8DED000A9DED000ABDF8160001EE93
:1060F000100AB8EEC11A20EE010A9DED011AB8EEA1
:10610000411A80EE010A9DED041A30EE010A06B034
:10611000704700000000000082B00090009868B155
:10612000FFE74BF62C40C2F2004000784BF670417E
:10613000C2F200410978884204D1FFE700208DF8BF
:10614000070015E04BF62C41C2F200410A784BF6ED
:106150003040C2F2004050F82200009A10600878E7
:10616000013000F00F00087001208DF80700FFE7F4
:106170009DF8070002B0704783B001904BF6704065
:10618000C2F200400078013000F00F008DF80300EB
:106190009DF803004BF62C41C2F200410978884279
:1061A00004D1FFE700208DF80B0012E001984BF6B8
:1061B0007041C2F200410B784BF63042C2F200420D
:1061C00042F823009DF80300087001208DF80B00B1
:1061D000FFE79DF80B0003B07047000000000000CF
:1061E00082B00090009868B1FFE74BF67140C2F2B0
:1061F000004000784BF6B441C2F200410978884271
:1062000004D1FFE700208DF8070015E04BF671413F
:10621000C2F200410A784BF67440C2F2004050F8D6
:106220002200009A10600878013000F00F0008701A
:1062300001208DF80700FFE79DF8070002B07047C6
:1062400080B58EB0ADF836008DF835108DED0C0AA6
:10625000CDED0B0A8DED0A1ABDF936309DF83500EB
:106260009DED0C0AB7EEC00A9DED0B1AB7EEC11AF0
:106270009DED0A2AB7EEC22A694681ED062B81ED13
:10628000041B81ED020B086044F2A540C2F20040FD
:1062900044F6ED32C0F602022821EAF791F909909E
:1062A000099801280DDBFFE70998272809DCFFE79B
:1062B000BDF8241044F2A540C2F2004000F038F8C6
:1062C000FFE70EB080BD000083B001904BF6B440F4
:1062D000C2F200400078013000F00F008DF803009A
:1062E0009DF803004BF67141C2F2004109788842E3
:1062F00004D1FFE700208DF80B0012E001984BF667
:10630000B441C2F200410B784BF67442C2F2004233
:1063100042F823009DF80300087001208DF80B005F
:10632000FFE79DF80B0003B070470000000000007D
:1063300080B582B00190ADF802100198BDF802104E
:10634000ECF77EFD02B080BD80B582B08DED010A14
:10635000CDED000A9DED010ADDED000A45F60820AD
:10636000C2F2004004F0D8FF02B080BD000000007F
:1063700080B582B042F2FC60C2F20040019008F0A9
:10638000F7FF01980121002208F03EFF00F05CF8C1
:1063900002B080BD0000000080B584B002A9009169
:1063A0000146009880ED010AC0ED000AADF8061024
:1063B00090ED010AB5EE400AF1EE10FA03DAFFE7BC
:1063C00000200390FFE7009890ED000AB5EE400A28
:1063D000F1EE10FA08DAFFE7009890ED000AB1EE4E
:1063E000400A80ED000AFFE70098BDF8061090ED26
:1063F000010AD0ED000A00220123104600F02CF91A
:1064000000F07AF904B080BD4BF67141C2F2004150
:10641000002008704BF6B441C2F20041087070478A
:1064200080B582B001900091009808B9FFE708E0BC
:106430000099019A45F60820C2F2004004F0C0FD20
:10644000FFE702B080BD000080B5FFE7FAF7C8FAA9
:1064500020B9FFE7012009F0E7FFF7E780BD000062
:1064600080B58EB00C90ADF82E100A920C9838B111
:10647000FFE70A9820B1FFE7BDF82E0020B9FFE73B
:106480004FF0FF300D90E3E0002009900890079056
:10649000069005900490ADF80E00FFE7BDF80E00E1
:1064A000BDF82E10884214DAFFE70C98BDF80E10E4
:1064B000405C532806D1FFE70C98BDF80E10084445
:1064C000049006E0FFE7BDF80E000130ADF80E00C5
:1064D000E4E7049820B9FFE74FF0FF300D90B7E0F4
:1064E00000200290049801300190FFE701980C9978
:1064F000BDF82E20114488420DD2FFE701980078A4
:10650000452803D1FFE70198029004E0FFE70198D6
:1065100001300190EAE7029820B9FFE74FF0FF3021
:106520000D9095E0049801300090009802998842FF
:1065300009D2FFE7009800782C2804D1FFE70098E3
:106540000130009003E04FF0FF300D9080E00299A1
:10655000684601F031FC8DED050A009802998842E9
:1065600009D2FFE7009800782C2804D1FFE70098B3
:106570000130009003E04FF0FF300D9068E0029989
:10658000684601F019FC8DED060A009802998842D0
:1065900009D2FFE7009800782C2804D1FFE7009883
:1065A0000130009003E04FF0FF300D9050E0029971
:1065B000684601F001FC8DED070A009802998842B7
:1065C00009D2FFE7009800782C2804D1FFE7009853
:1065D0000130009003E04FF0FF300D9038E0029959
:1065E000684601F0E9FB8DED080A0098029988429F
:1065F00009D2FFE7009800782C2804D1FFE7009823
:106600000130009003E04FF0FF300D9020E0029940
:10661000684601F0D1FB8DED090A00980299884285
:1066200004D0FFE74FF0FF300D9011E00A99059874
:10663000069A079BDDF820C0DDF824E0C1F810E0E1
:10664000C1F80CC08B604A60086000200D90FFE725
:106650000D980EB080BD000080B588B00DF1100C13
:10666000CDF804C0844601988DF81FC0ADF81C1009
:106670008DF81B2080ED010AC0ED000A8DF80F3067
:1066800044F2D041C2F200410291012008709DF80D
:106690001F004870BDF81C0048809DF81B00087161
:1066A000059888609DF80F000873F2F7BDFA029A0A
:1066B00001460198116190ED000ABDF81C0003F03D
:1066C00053FA029948610020886108B080BD00003B
:1066D00080B540F2D830C2F2004090ED000AD0ED13
:1066E000000A3221002201231846FFF7B5FF00F00F
:1066F00003F880BD0000000080B584B0F2F794FA82
:10670000039044F2D040C2F20040007808B9FFE79D
:1067100035E0039844F2D041C2F200418969401A41
:10672000632801D8FFE72AE0FFF722FE44F2D040B9
:10673000C2F20040029041784288037990ED020A4B
:10674000007BEC46CCF8000042F2FC60C2F2004054
:1067500008F0AEFDFFF778FE029903988861039870
:106760000A694969801A884209D3FFE744F2D04197
:10677000C2F2004100200870FFF7FAFDFFE704B005
:1067800080BD00000000000044F2D040C2F2004092
:106790000078002818BF01207047000000000000AA
:1067A0004BF67140C2F2004000784BF6B441C2F2A1
:1067B00000410978401A18BF01207047000000000E
:1067C00080B590B00E90ADF836100C920E9838B19E
:1067D000FFE70C9820B1FFE7BDF8360018B9FFE7D6
:1067E00000200F9050E100200B900A900990089033
:1067F00007900690ADF81600FFE7BDF81600BDF84B
:106800003610884214DAFFE70E98BDF81610405C87
:10681000532806D1FFE70E98BDF8161008440690DD
:1068200006E0FFE7BDF816000130ADF81600E4E71A
:10683000069818B9FFE700200F9025E1002004908A
:10684000069801300390FFE703980E99BDF83620B3
:10685000114488420DD2FFE703980078452803D100
:10686000FFE70398049004E0FFE7039801300390EA
:10687000EAE7049818B9FFE700200F9004E10698B2
:106880000130029002980499884209D2FFE70298E9
:1068900000782C2804D1FFE702980130029002E032
:1068A00000200F90F0E0049902A801F085FABDEEF7
:1068B000C00A8DED070A02980499884209D2FFE7C1
:1068C000029800782C2804D1FFE70298013002904A
:1068D00002E000200F90D7E0049902A801F06CFAC2
:1068E0008DED080A02980499884209D2FFE70298C0
:1068F00000782C2804D1FFE702980130029002E0D2
:1069000000200F90C0E0049902A801F055FA8DED27
:10691000090A02980499884209D2FFE70298007890
:106920002C2804D1FFE702980130029002E00020F9
:106930000F90A9E0049902A801F03EFA8DED0A0A31
:106940000C990798089A099BDDF828C0DDF82CE01F
:10695000C1F810E0C1F80CC08B604A600860029872
:106960000499884203D3FFE701200F908CE002983E
:1069700000782C2803D0FFE700200F9084E00298D5
:106980000130029002980499884205D2FFE70298EC
:106990000078432803D0FFE700200F9074E00298AE
:1069A00001300290FFE70298049988422FD2FFE756
:1069B000029800782C2826D1FFE702980130029037
:1069C00002980499884206D2FFE70298007842288C
:1069D00001D1FFE71BE002980499884203D3FFE747
:1069E00000200F9050E0049902A801F0E5F9BDEEF7
:1069F000C00A8DED010A019820B1FFE70198FFF769
:106A000063FCFFE702E000200F903DE0CBE7029837
:106A10000499884205D2FFE702980078422803D003
:106A2000FFE700200F902FE0029801300290FFE76F
:106A300002980499884224D2FFE7029800782C2813
:106A40001BD1FFE702980130029002980499884216
:106A500003D3FFE700200F9016E0049902A801F08D
:106A6000ABF9BDEEC00A8DED000A009820B1FFE73A
:106A70000098FFF781FBFFE702E000200F9003E0A2
:106A8000D6E701200F90FFE70F9810B080BD0000FF
:106A900080B584B00290F2F7C7F80190FFE7F9F7EC
:106AA0009FFF80B9FFE7F2F7BFF80199401A0299FA
:106AB000884204D3FFE700208DF80F0007E0012093
:106AC00009F0B2FCEBE701208DF80F00FFE79DF81D
:106AD0000F0004B080BD000044F2D040C2F200407C
:106AE000408800EE100AB8EE400A7047000000002F
:106AF00044F2D040C2F200404078704700000000ED
:106B000080B584B003900291019203980299019A92
:106B1000E9F794FD04B080BD80B582B045F2B8506D
:106B2000C2F20040007808B1FFE71BE045F60820FC
:106B3000C2F20040019047F20501B7EE000A6A2256
:106B400004F056FC0A2009F06FFC019804F010FADA
:106B5000142009F069FC45F2B851C2F2004101204D
:106B60000870FFE702B080BD81B0ADF802000020E0
:106B70008DF80100BDF802004004002807D5FFE7AA
:106B80009DF8010040F010008DF80100FFE7BDF80E
:106B900002000006002807D5FFE79DF8010040F03D
:106BA00020008DF80100FFE7BDF802000007002873
:106BB00007D5FFE79DF8010040F008008DF80100BF
:106BC000FFE7BDF802004007002807D5FFE79DF862
:106BD000010040F001008DF80100FFE7BDF8020060
:106BE0008007002807D5FFE79DF8010040F002006C
:106BF0008DF80100FFE7BDF80200C00738B1FFE7DC
:106C00009DF8010040F004008DF80100FFE79DF8B9
:106C1000010001B07047000080B582B040F2004032
:106C2000C5F602000090082100220192F1F7E4FF6E
:106C30000098019A1021F1F7DFFF02B080BD00003B
:106C400085B0ADF8120003918DF80B20BDF812004D
:106C500003998881BDF8120000EE100AB8EE400AD0
:106C60009FED3A1A20EE010A9FED391A80EE010AD3
:106C7000039880ED020A0398806801909DED010A57
:106C8000B5EE400AF1EE10FA03DAFFE700200190BA
:106C9000FFE79DED010AB2EE041AB4EE410AF1EEEF
:106CA00010FA05DDFFE70020C4F220100190FFE795
:106CB0009DF80B000146009140B1FFE700980128C4
:106CC00010D0FFE70098022818D023E09DED011AAC
:106CD0009FED242A9FED240AA1EE020A039880ED7D
:106CE000000A1BE09DED011A9FED1C2A9FED1C0A76
:106CF000A1EE020A039880ED000A0FE09DED011A53
:106D00009FED142A9FED140AA1EE020A039880ED6C
:106D1000000A03E0039900200860FFE70398807BE6
:106D200020B9FFE70399086848600DE0039890EDEB
:106D3000001A90ED010A31EE401AB5EE002A01EE7C
:106D4000020A80ED010AFFE705B070470AD7234128
:106D500000FF7F47925DF4433B6727427061944395
:106D6000CFF7204232592243698C8E410000000047
:106D700080B582B040F20040C5F6020001900821C3
:106D80000022F1F739FF019810210122F1F734FFB9
:106D900002B080BD0000000080B584B00390ADF863
:106DA0000A10039848B1FFE7BDF80A0028B1FFE7D1
:106DB000BDF80A000B2801DBFFE72DE00399BDF8C1
:106DC0000A00820044F27840C2F200400190E9F7E4
:106DD0003FFC0199BDF80A008000ADF80800BDF83D
:106DE000082000208854BDF808200A445070BDF8DF
:106DF0000800421880209070BDF8080042187F20DB
:106E0000D070BDF80800043082B246F69C40C2F251
:106E10000040F8F715FAFFE704B080BD000000005D
:106E200080B586B00020ADF81600049001218DF8E1
:106E30000F100290F1F7F8FE019044F2F040C2F218
:106E40000040008850B1FFE7019845F27051C2F24E
:106E500000410968401A08B9FFE75DE000F058FEFC
:106E6000029044F2F040C2F20040008838B1FFE7DF
:106E700045F23850C2F20040007820B1FFE7029896
:106E800000F0B6FD48E045F23851C2F20041012061
:106E9000087045F24051C2F200410020087044F2EF
:106EA000EC41C2F20041088800EB801244F2F2404B
:106EB000C2F2004030F83220ADF81620098801EB0C
:106EC000811100EBC10002300490029800F090FDA7
:106ED0000499BDF8162046F6B810C2F20040F8F743
:106EE000AFF98DF80F009DF80F0008B9FFE713E028
:106EF00000F00EFE029045F23851C2F2004100202F
:106F0000087045F23C51C2F2004108680130086047
:106F1000029800F06DFDFFE706B080BD00000000A4
:106F200080B588B047F2F400C2F200409FED4E0AEF
:106F30008DED010AB6EE001A8DED021AF7EE001A79
:106F4000CDED031A9FED493A8DED063A00210791E8
:106F5000F0EE430AB0EE432AF0EE432A06F028FB97
:106F60009DED010A9DED021ADDED031A9DED063A35
:106F7000079947F24810C2F20040F0EE430AB0EE23
:106F8000432AF0EE432A06F013FB9DED010A9DED26
:106F9000021ADDED031A9DED063A079947F29C109F
:106FA000C2F20040F0EE430AB0EE432AF0EE432A6C
:106FB00006F0FEFA9DED010A9DED021ADDED031AC1
:106FC0009DED063A079947F2F010C2F20040F0EE4C
:106FD000430AB0EE432AF0EE432A06F0E9FA9DEDAB
:106FE000063A079947F24C00C2F20040B1EE000A9F
:106FF0008DED040AF3EE041ACDED051AF0EE430A06
:10700000B0EE431AB0EE432AF0EE432A06F0D0FA6F
:107010009DED040ADDED051A9DED063A079947F24C
:10702000A000C2F20040F0EE430AB0EE431AB0EE08
:10703000432AF0EE432A06F0BBFA9DED063A079983
:1070400047F2EC20C2F20040B0EE040ADFED080A7D
:107050009FED081ADFED081A9FED082AF0EE432A8B
:1070600006F0A6FA08B080BD0000E1430000000071
:10707000CDCC4C3ECDCCCC3DCDCCCC3E0AD7A33CE8
:1070800080B584B044F25040C2F200400190282103
:107090000291E9F75CFB0199029A46F69C40C2F224
:1070A00000400390F8F774F80398D0F880000028A7
:1070B00000F0F880FFE746F69C40C2F20040D0F8AE
:1070C000800000681021C4F20201884200F0D180E3
:1070D000FFE746F69C40C2F20040D0F8800000680E
:1070E0002821C4F20201884200F0C380FFE746F67F
:1070F0009C40C2F20040D0F8800000684021C4F2F9
:107100000201884200F0B580FFE746F69C40C2F2DB
:107110000040D0F8800000685821C4F20201884283
:1071200000F0A780FFE746F69C40C2F20040D0F88E
:10713000800000687021C4F20201884200F099804A
:10714000FFE746F69C40C2F20040D0F8800000689D
:107150008821C4F20201884200F08B80FFE746F6E6
:107160009C40C2F20040D0F880000068A021C4F228
:10717000020188427DD0FFE746F69C40C2F2004003
:10718000D0F880000068B821C4F20201884270D0B3
:10719000FFE746F69C40C2F20040D0F8800000684D
:1071A00040F21041C4F20201884262D0FFE746F685
:1071B0009C40C2F20040D0F88000006840F22841B4
:1071C000C4F20201884254D0FFE746F69C40C2F266
:1071D0000040D0F88000006840F24041C4F2020153
:1071E000884246D0FFE746F69C40C2F20040D0F805
:1071F0008000006840F25841C4F20201884238D051
:10720000FFE746F69C40C2F20040D0F880000068DC
:1072100040F27041C4F2020188422AD0FFE746F6EC
:107220009C40C2F20040D0F88000006840F28841E3
:10723000C4F2020188421CD0FFE746F69C40C2F22D
:107240000040D0F88000006840F2A041C4F2020182
:1072500088420ED0FFE746F69C40C2F20040D0F8CC
:107260008000006840F2B841C4F2020188420CD1AB
:10727000FFE746F69C40C2F20040D0F8800001686B
:10728000086820F0080008600BE046F69C40C2F257
:107290000040D0F880000168086820F00400086011
:1072A000FFE7FFE704B080BD80B582B040F2004048
:1072B000C5F60200019008210122F1F79DFC01981A
:1072C00010210022F1F798FC02B080BD0000000000
:1072D00081B08DED000AFFE79DED000A9FED141AC5
:1072E000B4EE410AF1EE10FA09DDFFE79DED000A68
:1072F0009FED121A30EE010A8DED000AECE7FFE770
:107300009DED000A9FED0B1AB4EE410AF1EE10FA62
:1073100009DAFFE79DED000A9FED071A30EE010A3A
:107320008DED000AECE79DED000A01B0704700BF4B
:1073300000003443000034C30000B4430000B4C371
:1073400080B582B00190ADF802103920ADF802008E
:10735000002040B9FFE7019945F6C000C2F20040A5
:1073600006F08AFBFFE702B080BD000000000000CD
:1073700080B582B00190ADF80210BDF8020012286D
:1073800008D1FFE7019947F6AC00C2F2004006F0D1
:10739000EBFCFFE702B080BD80B584B0029002989C
:1073A00018B9FFE7002003905BE00298007D20B948
:1073B000FFE702988068039053E00298407D20B177
:1073C000FFE70298406803904BE040F6A840C2F205
:1073D000004007F081FB029890ED041A30EE410A5C
:1073E0008DED010A9DED010AB5EE400AF1EE10FAAD
:1073F00004DCFFE70299086888602EE09DED010A31
:10740000029890ED011AD0ED030A46F66460C2F2CC
:107410000040D0ED001A90ED022AF1EE042A00F0AF
:107420002FFB38B1FFE70299486888600299012074
:10743000487511E0029890ED000A90ED011A90ED68
:10744000033A31EE401A9DED012A82EE032AA1EEA5
:10745000020A80ED020AFFE7FFE7029880680390C6
:10746000FFE79DED030A04B080BD000000000000AE
:1074700080B582B0EFF30580019001990020009063
:1074800039B9FFE70BF058FC013818BF0120009014
:10749000FFE7009800F0010002B080BD000000008E
:1074A00080B588B046F65070C2F200409FED300AB9
:1074B0008DED000AB7EE001A8DED011AF2EE081AF2
:1074C000CDED021A9FED2B2A8DED032A9FED2A3A6E
:1074D0008DED063A00210791F0EE430AF0EE432AC3
:1074E00006F066F89DED000A9DED011ADDED021A29
:1074F0009DED032A9DED063A079946F6A470C2F267
:107500000040F0EE430AF0EE432A06F051F89DEDFC
:10751000063A079947F24420C2F20040B0EE080A4A
:107520008DED040AF6EE001ACDED051AF0EE430AD1
:10753000B0EE431AB0EE432AF0EE432A06F038F8D4
:107540009DED040ADDED051A9DED063A079947F217
:107550009820C2F20040F0EE430AB0EE431AB0EEBB
:10756000432AF0EE432A06F023F808B080BD00BF9E
:1075700000401C46CDCC4C3F000000000000000045
:1075800081B08DED000A9DED000A9FED131AB4EE57
:10759000410AF1EE10FA05DDFFE70020C4F25C308D
:1075A00000900FE09DED000A9FED0C1AB4EE410A29
:1075B000F1EE10FA05DAFFE70020CCF27A30009005
:1075C000FFE7FFE79DED000A30EE000A9FED041A89
:1075D00080EE010A01B0704700005C4300007AC3EE
:1075E000295C22420000000097B049F69A10C3F6C9
:1075F0009970169040F2C830C2F2004000681590B1
:1076000040F2CC30C2F2004000681490002012908A
:10761000139045F2A071C2F200411298139A4A6089
:107620000860159810909DED140A9DED161A30EE25
:10763000410A8DED110A1098119ACA608860159858
:107640000E9014980F900E980F9A4A610861159841
:107650000C909DED140A9DED161A30EE010A8DED89
:107660000D0A0C980D9ACA6188619DED150A9DED71
:10767000161A30EE010A8DED0A0A9DED140A9DEDF1
:10768000161A30EE410A8DED0B0A0A980B9A4A62DF
:1076900008629DED150A9DED161A30EE010A8DED7A
:1076A000080A9DED140A9DED161A30EE410A8DED83
:1076B000090A0898099ACA6288629DED150A9DED2B
:1076C000161A30EE010A8DED060A9DED140A9DEDA5
:1076D000161A30EE010A8DED070A0698079A4A63DA
:1076E00008639DED150A9DED161AB0EE002AA1EE75
:1076F000020A8DED040A9DED140A9DED161A30EE76
:10770000410A8DED050A0498059ACA6388639DEDC8
:10771000150A9DED161AA1EE020A8DED020A1498C3
:1077200003900298039A4A6408649DED150A9DED42
:10773000161AA1EE020A8DED000A9DED140A9DEDC8
:10774000161A30EE010A8DED010A0098019ACA64FA
:10775000886417B07047000045F24061C2F20041F2
:107760000A6A46F66460C2F20040426090ED010A87
:107770009FED0A2A20EE020AB6EE001A20EE010A58
:1077800080ED000A0969C16090ED030A20EE020A4B
:1077900020EE010A80ED020A704700BF295C2242F8
:1077A00097B049F69A10C3F69970169040F2D0300F
:1077B000C2F200400068159040F2D430C2F200409E
:1077C0000068149000201290139045F2F071C2F2FC
:1077D00000411298139A4A600860159810909DED28
:1077E000140A9DED161A30EE410A8DED110A10981B
:1077F000119ACA60886015980E9014980F900E9890
:107800000F9A4A61086115980C909DED140A9DED40
:10781000161A30EE010A8DED0D0A0C980D9ACA6108
:1078200088619DED150A9DED161A30EE010A8DED69
:107830000A0A9DED140A9DED161A30EE410A8DEDEF
:107840000B0A0A980B9A4A6208629DED150A9DED93
:10785000161A30EE010A8DED080A1498099008985E
:10786000099ACA6288629DED150A9DED161A30EEDE
:10787000010A8DED060A9DED140A9DED161A30EEF3
:10788000010A8DED070A0698079A4A6308639DED81
:10789000150A9DED161AB0EE002AA1EE020A8DED32
:1078A000040A9DED140A9DED161A30EE410A8DED85
:1078B000050A0498059ACA6388639DED150A9DED33
:1078C000161AA1EE020A8DED020A1498039002988E
:1078D000039A4A6408649DED150A9DED161AA1EEFF
:1078E000020A8DED000A9DED140A9DED161A30EE88
:1078F000010A8DED010A0098019ACA64886417B0E4
:10790000704700000000000080B582B08DED010AD4
:10791000CDED000A9DED010A9DED001A30EE410A01
:10792000FFF7D6FC02B080BD80B584B003908DED2A
:10793000020ACDED010A039808B9FFE72AE003998E
:107940008868086002980399486001980399C860A4
:1079500040F6A840C2F2004007F0BEF8039880ED60
:10796000040A0399012008750399002048750399BA
:107970008869013088619DED010AB5EE400AF1EE9B
:1079800010FA07DCFFE70298039988600399012049
:107990004875FFE704B080BD81B08DF802008DF816
:1079A00001109DF8020040B1FFE79DF8010020B1F1
:1079B000FFE703208DF8030013E09DF8020020B1DB
:1079C000FFE702208DF803000BE09DF8010020B1D5
:1079D000FFE701208DF8030003E000208DF803008D
:1079E000FFE79DF8030001B07047000000000000B1
:1079F00081B00090009810B9FFE762B6FFE701B0D0
:107A0000704700000000000080B582B046F6646058
:107A1000C2F20040019090ED000A46F69460C2F276
:107A200000400090D0ED000A47F24420C2F200402E
:107A300005F086FC0098019991ED020AD0ED000A4C
:107A400047F29820C2F2004005F07AFC019890EDD0
:107A5000040AD0ED080AB1EE400A46F65070C2F2B0
:107A6000004005F06DFC019890ED050AD0ED090A83
:107A700046F6A470C2F2004005F062FC02B080BD80
:107A800087B08DED050ACDED040A8DED031ACDED1D
:107A9000021A8DED012ACDED002A9DED050A9DED1E
:107AA000041AB4EE410AF1EE10FA04DBFFE70120FC
:107AB0008DF81B0027E09DED020A9DED031A30EEC4
:107AC000410AB0EEC00A9DED001AB4EE410AF1EE93
:107AD00010FA14DCFFE79DED010A9DED031A30EE6C
:107AE000410AB0EEC00A9DED001AB4EE410AF1EE73
:107AF00010FA04DCFFE701208DF81B0003E00020F2
:107B00008DF81B00FFE79DF81B0007B070470000D1
:107B100083B0EFF31080019001980090EFF3108094
:107B200072B60290009803B0704700000000000099
:107B300080B584B00390002001900290FFF7E8FF29
:107B400001460198029145F24051C2F2004108708D
:107B50000298FFF74DFFFFF763F904B080BD000006
:107B600080B584B000200390029045F23450C2F2F8
:107B70000040006808B9FFE74AE0FFF7C9FF02903C
:107B800045F24050C2F20040007820B1FFE7029871
:107B9000FFF72EFF3CE045F24051C2F200410120C8
:107BA000019008700298FFF723FF019A45F23450C4
:107BB000C2F2004000686B4600211960092103AB46
:107BC0000BF0FEFB012814D0FFE7FFF7A1FF0290A6
:107BD00045F24051C2F200410020087045F23C518C
:107BE000C2F200410868013008600298FFF700FF08
:107BF0000EE0039860B1FFE74EF60451CEF20001AB
:107C00004FF080500860BFF34F8FBFF36F8FFFE7D7
:107C100004B080BD0000000086B04CF28F20C3F697
:107C2000F54005904FF07D50049040F2F020C2F2F4
:107C30000040826B46F66461C2F200410A6140690D
:107C4000486191ED040A9DED041A20EE010A8DEDC4
:107C5000030A91ED050A9DED041A20EE010A8DED4F
:107C6000020A9DED030A9FED102A20EE020A9DED07
:107C7000051A20EE010A9FED0D1A80EE010A8DED26
:107C8000010A9DED020A20EE020A9DED052A20EE72
:107C9000020A80EE010A8DED000A019888610098C1
:107CA000C86106B0704700BFDA0F4940000070425B
:107CB00080B582B045F23450C2F20040006808B18D
:107CC000FFE72BE00BF038F8012801D1FFE725E0B2
:107CD00009F0A6FF45F23450C2F200400068D0B966
:107CE000FFE745F24450C2F200406946486047F65B
:107CF0003130C0F60100086044F61540C0F60200BD
:107D0000012100231A460BF0C7FA45F23451C2F2A2
:107D100000410860FFE709F0AFFFFFE702B080BD58
:107D200087B08DED060A4CF28F20C3F6F540059022
:107D30004FF07D50049006980390069802900399A6
:107D400046F66460C2F2004081620299C1629DED14
:107D5000030A9FED161A20EE010A9DED053A9FEDEC
:107D6000142A23EE023A80EE030A8DED010A9DEDFE
:107D7000020A20EE010A9DED051A21EE021A80EE9C
:107D8000010A8DED000A9DED010A9DED041A80EEB9
:107D9000010A80ED080A9DED000A9DED041A80EEAF
:107DA000010A80ED090A07B0704700BF0000704269
:107DB000DA0F49400000000088B00790069107984C
:107DC000006805904FF07E5004900598069988420F
:107DD0000DD2FFE7059800782D2808D1FFE7002095
:107DE000CBF680700490059801300590FFE70020E5
:107DF0000390FFE70599069A0020914201900FD267
:107E0000FFE70598017800203029019008DBFFE7A3
:107E10000598017800203A29B8BF01200190FFE7BA
:107E20000198C00798B1FFE79DED031A0598007807
:107E3000303800EE100AB8EEC00AB2EE042AA1EE05
:107E4000020A8DED030A059801300590D2E70598E6
:107E50000699884244D2FFE7059800782E283FD142
:107E6000FFE70598013005904CF6CD40C3F6CC50A5
:107E70000290FFE70599069A0020914200900FD2E8
:107E8000FFE70598017800203029009008DBFFE724
:107E90000598017800203A29B8BF01200090FFE73B
:107EA0000098C007D8B1FFE705980078303800EE99
:107EB000100AB8EEC01A9DED022A9DED030AA1EE4C
:107EC000020A8DED030A9DED020A9FED0B1A20EECA
:107ED000010A8DED020A059801300590CAE7FFE717
:107EE0000598079908609DED030A9DED041A20EEA0
:107EF000010A08B0704700BFCDCCCC3D00000000A7
:107F000080B582B001900199002008714871087015
:107F1000887148704880FEF777FA02B080BD000093
:107F200080B588B00790079805904079012801D066
:107F3000FFE749E10598007920B9FFE7059902209C
:107F40000871FFE705980079023801460491072877
:107F500000F239810499DFE811F008005100970020
:107F6000C50036013601DC0009010598407870B97A
:107F7000FFE746F6A860C2F2004040F22811C2F2C4
:107F8000004102F045FC05990120487035E0059854
:107F90004078012830D1FFE746F6A860C2F20040E1
:107FA00002F082FC8DF81B009DF81B00012811D106
:107FB000FFE7012103919FED880ADFED880A9FED1D
:107FC000851A0846FEF73CF90599039802224A7083
:107FD000087110E09DF81B0002280BD1FFE746F660
:107FE000A860C2F2004040F22811C2F2004102F043
:107FF0000FFCFFE7FFE7FFE7FFE7E5E0059800215B
:108000008DF81A104078022809D1FFE746F6A860DB
:10801000C2F2004002F048FC8DF81A00FFE79DF81C
:108020001A0001281ED1FFE7012102919FED670A86
:10803000DFED670A9FED671A8DED011A0846FEF71E
:10804000FFF89DED011A059A029803215170002155
:10805000B0EE410AF0EE410AFEF7F2F805990298F7
:10806000087110E09DF81A0002280BD1FFE746F6D0
:10807000A860C2F2004040F26811C2F2004102F072
:10808000C7FBFFE7FFE79FE0059800218DF8191077
:108090004078032809D1FFE746F6A860C2F2004005
:1080A00002F002FC8DF81900FFE79DF81900012885
:1080B00006D1FFE70599042048700120087110E0FF
:1080C0009DF8190002280BD1FFE746F6A860C2F21E
:1080D000004040F26811C2F2004102F099FBFFE754
:1080E000FFE771E046F61060C2F20040009006F033
:1080F00067F8009807F060FB50B1FFE746F61060A4
:10810000C2F2004006F004F8059901200871FFE76B
:108110005AE04BF66C61C2F200410020C4F2B42078
:10812000086047F2EC20C2F2004090ED050AB0EE84
:10813000C00AB0EE081AB4EE410AF1EE10FA05DA00
:10814000FFE7059948880130488003E00599002041
:108150004880FFE705984088C82806DBFFE70599B7
:108160000020488001200871FFE72DE04BF66C618C
:10817000C2F200410020CCF2B420086047F2EC20AB
:10818000C2F2004090ED050AB0EEC00AB0EE081A47
:10819000B4EE410AF1EE10FA05DAFFE705994888D6
:1081A0000130488003E0059900204880FFE70598EA
:1081B0004088C82806DBFFE7059900204880012099
:1081C0000871FFE700E0FFE708B080BDCDCC4C3F71
:1081D0000AD7A3BE00000000D7A3104014AEC73FCB
:1081E00080B586B00590059802900079012801D0ED
:1081F000FFE77BE004A8FDF7F3FF012804D0FFE7C9
:1082000002990020887171E004984BF61841C2F27F
:1082100000410861FEF7C4FA029988710498013898
:1082200001460191062860D80199DFE801F02B3161
:10823000045E5E5E37000020039003A8FDF76CFF2C
:10824000039946F61060C2F20040009006F014F860
:108250000098039B45F2F071C2F2004101EBC301AB
:1082600045F2A072C2F2004202EBC302D2ED000A54
:1082700091ED000A91ED011A06F006F80299052029
:10828000087133E0029900204880082008712DE031
:108290000299002048800920087127E00298407860
:1082A00002280ED1FFE746F6A860C2F2004040F275
:1082B0006811C2F2004102F0ABFA02990320087182
:1082C000FFE70298407803280ED1FFE746F6A86042
:1082D000C2F2004040F24811C2F2004102F098FAA6
:1082E000029904200871FFE700E0FFE706B080BDB7
:1082F00080B582B0019001980090FFF701FE0098D0
:1083000002B080BD0000000081B000900098002104
:10831000016041608160C160016141618161C16151
:10832000016201B07047000084B08DED030ACDED0D
:10833000020A019000919DED020AB1EE400A0198F7
:1083400080ED000A03980099086004B070470000AF
:1083500080B590B005A90291014602980F9180ED79
:10836000090AC0ED080A80ED071A0F99019140F241
:10837000F341C3F6B5610791002103910691059180
:1083800090ED090AD0ED080A06A805A9FFF7CCFF71
:108390000299039891ED020A91ED012A91ED001ADC
:1083A00020EE011AA0EE421A91ED070A9FED373A2E
:1083B00080EE030A30EE410A9FED351A20EE010AE5
:1083C00081ED030A91ED020A91ED014A91ED002A37
:1083D00020EE022AA0EE042A91ED070A80EE030A9D
:1083E00030EE020A20EE010A81ED040A91ED020A44
:1083F00091ED014A91ED002A20EE022A90EE042A26
:1084000091ED070A80EE030A30EE420A20EE010ADF
:1084100081ED050A91ED020A91ED014A91ED002AE4
:1084200020EE022AA0EE042A91ED070A80EE030A4C
:1084300030EE420A20EE010A81ED060A8DF81300A3
:10844000FFE79DF8130003281DDCFFE701989DF866
:10845000132008A901EB820191ED000A00F030F829
:108460000146019800EE101AB8EEC00A9DF81310EC
:1084700000EB810080ED0E0AFFE79DF8130001304C
:108480008DF81300DDE710B080BD00BFC190953FAF
:108490007593983D0000000084B08DED030ACDED8A
:1084A000020A019000910298019908609DED030A6B
:1084B000B1EE400A009880ED000A04B07047000059
:1084C00085B004908DED030A45F6FC10C3F6D2701A
:1084D00002909DED030A9DED021AB4EE410AF1EE01
:1084E00010FA03DDFFE702980390FFE79DED030A12
:1084F0009DED021AB1EE411AB4EE410AF1EE10FA06
:1085000007DAFFE79DED020AB1EE400A8DED030A9E
:10851000FFE79DED030A9FED151A80EE010A8DED30
:10852000010A9DED010A9FED121A20EE010ABDEE2F
:10853000C00A8DED000A009844F62161884204DBF0
:10854000FFE744F620600090FFE700984BF2DF1150
:10855000CFF6FF71884206DCFFE74BF2E010CFF662
:10856000FF700090FFE7009805B07047FD47A83DF9
:1085700000007A440000000080B58AB00990099993
:108580004AF67420C3F6EF60089001F11C0091EDEB
:108590000A0A9DED081A20EE010A9FED341A80EEBA
:1085A000010A8DED070A91ED0B0A9DED082A20EED8
:1085B000020A80EE010A8DED060A91ED0C0A9DED8E
:1085C000082A20EE020A80EE010A8DED050A91EDDF
:1085D0000D0A9DED082A20EE020A80EE010A8DEDBB
:1085E000040A9DED070A9DED061A30EE010A9DED85
:1085F000051A30EE410A9DED041A30EE410A9FED56
:108600001C1A80EE010A8DED030A9DED060A9DED10
:10861000052A30EE020A9DED072A30EE420A9DED52
:10862000042A30EE420A80EE010A8DED020A9DED29
:10863000070A9DED061A30EE010A9DED051A30EE8F
:10864000010A9DED041A30EE010A9FED0A1A80EE30
:10865000010A8DED010A019A4A629DED030ADDEDE2
:10866000020A2031FFF718FF0AB080BD00007042F7
:1086700081043540C190953F80B586B0059005983E
:108680000090002101910491039190ED000AD0ED3A
:10869000010A04A803A9FFF747FE009901989DED80
:1086A000041A9DED030A9FED455A20EE050A9FED41
:1086B000446AA1EE060A91ED021A9FED424AA1EE2C
:1086C000040A9FED412A20EE020A9FED401A80EE37
:1086D000010A81ED030A9DED043A9DED030A20EEA7
:1086E000060AA3EE060A91ED023AA3EE040A20EE72
:1086F000020A80EE010A81ED040A9DED043A9DED27
:10870000030A20EE060AA3EE050A91ED023AA3EE53
:10871000040A20EE020A80EE010A81ED050A9DEDB1
:10872000043A9DED030A20EE050AA3EE050A91ED39
:10873000023AA3EE040A20EE020A80EE010A81ED5D
:10874000060A0290FFE70298032834DCFFE700984E
:10875000029900EB810090ED030A9FED1D1AB4EE23
:10876000410AF1EE10FA09DBFFE70098029900EBED
:1087700081010020C4F2E130C86017E0009802993E
:1087800000EB810090ED030A9FED121AB4EE410A4E
:10879000F1EE10FA09DCFFE70098029900EB810185
:1087A0000020CCF2E130C860FFE7FFE7FFE7029866
:1087B00001300290C7E706B080BD00BF810435BF1D
:1087C0008104353FC190953E0000704274AAEF3E8F
:1087D0000000E1430000E1C384B003908DED020A84
:1087E000CDED010A8DED001A0399029808600198F9
:1087F00048600098886004B07047000000000000E6
:1088000081B0009000980021816141610161C160E7
:1088100081604160016041630163C16281624162C4
:108820000162C16141640164C163816380F84810E1
:1088300001B070470000000084B08DED020ACDED5C
:10884000010A8DED001A9DED020A9DED011AB4EEAC
:10885000410AF1EE10FA03DAFFE7019803900FE006
:108860009DED020A9DED001AB4EE410AF1EE10FAF8
:1088700003DDFFE70098039002E002980390FFE712
:108880009DED030A04B0704780B582B0019000915D
:10889000F0F7CAF90199411A009A0020914228BFC5
:1088A000012002B080BD000081B00090009900203E
:1088B00048608860C86001B0704700000000000098
:1088C00080B590B00F900E918DED0D0A0F9803902A
:1088D0009DED0D0A0BF08EFA8DED0C0A9DED0D0A43
:1088E0000BF030FB8DED0B0A9DED0C1A0E989DEDF3
:1088F0000B0A90ED002A90ED013A20EE030AA1EE5A
:10890000020A9FED461A20EE010A8DED0A0A9DED3E
:108910000B2A0E989DED0C0A90ED003A90ED014A5D
:1089200020EE040AA2EE430A20EE010A8DED090AA8
:108930000A980890099807909DED081A9DED070A7E
:1089400020EE000AA1EE010A0BF0C4FB8DED060A31
:108950009DED060AB0EE001AB4EE410AF1EE10FAEF
:1089600023DDFFE79DED060A9FED2D1AB4EE410AC7
:10897000F1EE10FA19DDFFE79DED061AB0EE000AE0
:1089800080EE010A8DED050A9DED051A9DED080AA0
:1089900020EE010A8DED080A9DED051A9DED070AEE
:1089A00020EE010A8DED070AFFE70E9890ED020A0E
:1089B000DFED1C0A9FED1C1A00F0CAF803988DED3C
:1089C000040A9DED080AD0ED010A9FED181A8DEDFD
:1089D000011ADFED171ACDED021A00F0B9FA9DED7C
:1089E000011ADDED021A039880ED010A9DED070AD8
:1089F000D0ED020A00F0ACFA039880ED020A9DED7A
:108A0000040AD0ED030A9FED0B1ADFED0B1A00F0FC
:108A10009FFA039880ED030A10B080BD6F12833A6D
:108A2000BD378635CDCC4CBFCDCC4C3F6F12033C0F
:108A3000A69B443CA69BC43B0AD7233C00000000F5
:108A400080B582B001900198009006F0D9FA0098A4
:108A500080ED040A06F0E4FA009880ED050A06F0BD
:108A600037FB009880ED060A02B080BD00000000D0
:108A700080B582B00190019800210170FFF714FFCA
:108A80004BF6B840C2F2004004F076F902B080BD67
:108A900080B582B0019001980090FFF7D1FF4BF6AE
:108AA000B840C2F2004004F067F90098FFF7FCFEFE
:108AB00000990120087002B080BD00000000000095
:108AC00080B590B00E900E980390007820B9FFE723
:108AD00000208DF83F0025E0039905A8019006F0DD
:108AE0000BFB01994BF6B840C2F20040029004F033
:108AF0007BF901460298049106F0A6FD0146039811
:108B00009DED070AFFF7DCFE049838B1FFE70398F4
:108B1000FFF7AEFF01208DF83F0003E000208DF845
:108B20003F00FFE79DF83F0010B080BD000000004F
:108B300081B0009000980021017041608160C160A7
:108B400001614161816101B07047000000000000D7
:108B500084B08DED020ACDED010A8DED001A9DED78
:108B6000020A9DED001AB4EE410AF1EE10FA03DD9F
:108B7000FFE7009803900FE09DED020A9DED011ABA
:108B8000B4EE410AF1EE10FA03DAFFE70198039020
:108B900002E002980390FFE79DED030A04B07047DE
:108BA00080B584B045F2FC50C2F200400078014626
:108BB0000291032800F2DB800299DFE801F0022F26
:108BC000699301F019F845F6C010C2F2004004F0B4
:108BD00067FB1420FDF75CFFFDF77AFD42F2107091
:108BE00000F0AAFF40F24C00C2F2004090ED000AF3
:108BF000DFED650AFDF7A8FBF0F716F845F2FC512A
:108C0000C2F2004101914860F0F70EF801998860C6
:108C10000120087000208DF80F00AEE045F2FC50F6
:108C2000C2F2004080686421FFF72EFE90B1FFE79A
:108C300040F24C00C2F2004090ED000ADFED520A13
:108C4000FDF782FBEFF7F0FF45F2FC51C2F2004165
:108C50008860FFE745F2FC50C2F2004040684FF4E4
:108C6000FA71FFF711FE20B9FFE700208DF80F0021
:108C700083E007F081F9EFF7D7FF45F2FC51C2F22C
:108C8000004148600220087000208DF80F0074E059
:108C900045F2FC50C2F2004040686421FFF7F4FD49
:108CA00020B9FFE700208DF80F0066E040F24C008D
:108CB000C2F2004090ED000ADFED320AFDF744FBFE
:108CC000EFF7B2FF45F2FC51C2F20041009148605B
:108CD000EFF7AAFF009988600320087000208DF844
:108CE0000F004AE045F2FC50C2F200408068642167
:108CF000FFF7CAFD90B1FFE740F24C00C2F200401E
:108D000090ED000ADFED1F0AFDF71EFBEFF78CFF69
:108D100045F2FC51C2F200418860FFE745F2FC5089
:108D2000C2F200404068C821FFF7AEFD20B9FFE75E
:108D300000208DF80F0020E09FED120A00F048F9A6
:108D400078B9FFE745F2FC50C2F2004040684FF4AA
:108D5000FA61FFF799FD20B9FFE700208DF80F00B9
:108D60000BE000F089FE01208DF80F0005E000F017
:108D700083FE01208DF80F00FFE79DF80F0004B07F
:108D800080BD00BF9A99C93F9A99493F00000000F1
:108D900080B546F6B810C2F2004042F2FC51C2F271
:108DA0000041FF22F5F7F4F846F22400C2F2004039
:108DB00000681021C4F20201884200F0B280FFE78F
:108DC00046F22400C2F2004000682821C4F20201E9
:108DD000884200F0A680FFE746F22400C2F200407D
:108DE00000684021C4F20201884200F09A80FFE747
:108DF00046F22400C2F2004000685821C4F2020189
:108E0000884200F08E80FFE746F22400C2F2004064
:108E100000687021C4F20201884200F08280FFE7FE
:108E200046F22400C2F2004000688821C4F2020128
:108E3000884276D0FFE746F22400C2F20040006884
:108E4000A021C4F2020188426BD0FFE746F2240061
:108E5000C2F200400068B821C4F20201884260D02A
:108E6000FFE746F22400C2F20040006840F21041E1
:108E7000C4F20201884254D0FFE746F22400C2F255
:108E80000040006840F22841C4F20201884248D004
:108E9000FFE746F22400C2F20040006840F2404181
:108EA000C4F2020188423CD0FFE746F22400C2F23D
:108EB0000040006840F25841C4F20201884230D0BC
:108EC000FFE746F22400C2F20040006840F2704121
:108ED000C4F20201884224D0FFE746F22400C2F225
:108EE0000040006840F28841C4F20201884218D074
:108EF000FFE746F22400C2F20040006840F2A041C1
:108F0000C4F2020188420CD0FFE746F22400C2F20C
:108F10000040006840F2B841C4F2020188420AD120
:108F2000FFE746F22400C2F200400168086820F022
:108F30000800086009E046F22400C2F2004001681F
:108F4000086820F004000860FFE780BD0000000012
:108F500086B08DED040ACDED030A8DED021ACDED3C
:108F6000011A9DED040A9DED031A30EE410A8DEDC4
:108F7000000A9DED000A9DED021AB4EE410AF1EEE1
:108F800010FA09DDFFE79DED030A9DED021A30EEB0
:108F9000010A8DED050A17E09DED000A9DED011A0D
:108FA000B1EE411AB4EE410AF1EE10FA09DAFFE728
:108FB0009DED030A9DED011A30EE410A8DED050A83
:108FC00002E004980590FFE79DED050A06B07047A2
:108FD00080B582B08DED010AFDF746F890ED140AD8
:108FE0009DED011A30EE410AB0EEC00A9FED051A60
:108FF0000020B4EE410AF1EE10FAD8BF012002B011
:1090000080BD00BFCDCC4C3D80B58EB00D900C9195
:109010000B9202A82421E7F7BCFB0D9830B1FFE7C3
:109020000C9818B1FFE70B9808B9FFE727E00C98F8
:109030008068B0F1804F04D1FFE70C984068019040
:1090400003E00C9800680190FFE7019802900C98EB
:10905000806800F14040B0FA80F04009800703903A
:10906000002004900821059106900790089009902F
:109070000A900D980B9A02A9EEF782FAFFE70EB05C
:1090800080BD00000000000080B58AB000F00CFD3B
:1090900045F21060C2F2004000780146089148B1E4
:1090A000FFE70898012869D0FFE70898022800F038
:1090B000B380D9E045F6C010C2F2004004F0F0F8E9
:1090C0001420FDF7E5FC40F2D830C2F2004090EDEC
:1090D000000A9FED6E1AB4EE410AF1EE10FA0DDDB2
:1090E000FFE740F2D830C2F2004090ED000A9FED59
:1090F000691A30EE010A8DED070A04E09FED640A5B
:109100008DED070AFFE79DED070A45F21060C2F2F8
:109110000040069080ED020A45F60820C2F20040A9
:10912000039047F21701B7EE080A8DED050A702289
:10913000029202F05DF90520049007F075F9029A99
:10914000039847F21801B7EE000A02F051F90498AB
:1091500007F06AF99DED050ADFED4B0AFDF7F4F81B
:10916000EFF762FD06994860EFF75EFD0699C8606B
:109170000120087000208DF8270081E045F2106082
:10918000C2F200404068C821FFF77EFB20B9FFE72C
:1091900000208DF8270073E045F21060C2F2004015
:1091A000C0686421FFF770FB70B1FFE7B7EE080AF3
:1091B000DFED350AFDF7C8F8EFF736FD45F210612F
:1091C000C2F20041C860FFE79FED2F0AFFF700FFE2
:1091D00078B9FFE745F21060C2F2004040684FF4F2
:1091E000FA61FFF751FB20B9FFE700208DF8270057
:1091F00046E045F21060C2F20040019090ED020A94
:10920000DFED220A3C20FDF7C7F801990220087023
:1092100000208DF8270033E045F21060C2F20040D4
:10922000C0686421FFF730FB70B1FFE7B7EE080AB2
:10923000DFED150AFDF788F8EFF7F6FC45F210614F
:10924000C2F20041C860FFE7FDF79EFA20B1FFE7D8
:1092500000208DF8270013E000F0D6F900F0CCFCD8
:1092600001208DF827000BE000F0C6FC45F6C01089
:10927000C2F2004004F014F801208DF82700FFE747
:109280009DF827000AB080BD9A99493F0000A0428E
:10929000000000000000A0C281B08DED000AFFE7D1
:1092A0009DED000A9FED141AB4EE410AF1EE10FA9A
:1092B00009DDFFE79DED000A9FED121A30EE010A6D
:1092C0008DED000AECE7FFE79DED000A9FED0B1A1C
:1092D000B4EE410AF1EE10FA09DAFFE79DED000A5B
:1092E0009FED071A30EE010A8DED000AECE79DEDC7
:1092F000000A01B0704700BFDB0F4940DB0F49C0D7
:10930000DB0FC940DB0FC9C080B582B008F08CFF0D
:1093100006F03EFEFDF700FC00F006FAFCF7ACFE9E
:1093200045F6C010C2F20040019003F0A9FF019879
:10933000002103F099FF40F28811C2F2004102209F
:10934000087002B080BD000080B588B00020ADF884
:109350001A00EFF3108072B6079045F6E820C2F2CB
:1093600000404088ADF81A0062B6BDF91A1042F20A
:10937000FC60C2F20040059000F0FEFC0598FCF78E
:109380005BFE0520FDF784FB059805F0FDFF012835
:1093900021DBFFE740F28811C2F200410020087093
:1093A00042F2FC60C2F20040029005F045FF014627
:1093B0000298039105F020FF039945F6C010C2F210
:1093C0000040049003F018FFEFF72EFC01460498CC
:1093D00003F0EEFD20E040F28810C2F20040007879
:1093E000012811DCFFE740F28811C2F20041087841
:1093F00001300870EFF718FC014645F6C010C2F2C4
:10940000004003F0D5FD06E045F6C010C2F2004072
:1094100003F046FFFFE7FFE742F2FC60C2F20040C4
:10942000019005F0A5FF01980121002205F0ECFE56
:1094300008B080BD0000000080B582B045F2B95090
:10944000C2F2004001904121E7F781F9019946F607
:109450003050C2F200404022F4F79AFD45F63470D5
:10946000C2F2004000681021C4F20201884200F0FC
:10947000B280FFE745F63470C2F200400068282150
:10948000C4F20201884200F0A680FFE745F634707E
:10949000C2F2004000684021C4F20201884200F09C
:1094A0009A80FFE745F63470C2F200400068582108
:1094B000C4F20201884200F08E80FFE745F6347066
:1094C000C2F2004000687021C4F20201884200F03C
:1094D0008280FFE745F63470C2F2004000688821C0
:1094E000C4F20201884276D0FFE745F63470C2F23A
:1094F00000400068A021C4F2020188426BD0FFE75F
:1095000045F63470C2F200400068B821C4F202018E
:10951000884260D0FFE745F63470C2F20040006830
:1095200040F21041C4F20201884254D0FFE745F6F0
:109530003470C2F20040006840F22841C4F20201D7
:10954000884248D0FFE745F63470C2F20040006818
:1095500040F24041C4F2020188423CD0FFE745F6A8
:109560003470C2F20040006840F25841C4F2020177
:10957000884230D0FFE745F63470C2F20040006800
:1095800040F27041C4F20201884224D0FFE745F660
:109590003470C2F20040006840F28841C4F2020117
:1095A000884218D0FFE745F63470C2F200400068E8
:1095B00040F2A041C4F2020188420CD0FFE745F618
:1095C0003470C2F20040006840F2B841C4F20201B7
:1095D00088420AD1FFE745F63470C2F200400168C4
:1095E000086820F00800086009E045F63470C2F20F
:1095F00000400168086820F004000860FFE702B03E
:1096000080BD00000000000080B584B045F6082051
:10961000C2F20040029047F21701B2EE040A702233
:10962000019201F0E5FE0520039006F0FDFE019A8F
:10963000029847F21801B3EE070A01F0D9FE039829
:1096400006F0F2FE04B080BD80B588B007900691A8
:109650008DED050ACDED040A079890ED001A0698E5
:1096600090ED000A20EE000AA1EE010A0AF032FD98
:109670008DED030A9DED030A9FED2A1AB4EE410A0F
:10968000F1EE10FA01DCFFE74AE09DED030A9DEDE3
:10969000041AB4EE410AF1EE10FA1BDDFFE79DED6E
:1096A000040A9DED031A80EE010A8DED020A9DED7C
:1096B000021A079890ED000A20EE010A80ED000AD8
:1096C0009DED021A069890ED000A20EE010A80ED49
:1096D000000A25E09DED030A9DED051AB4EE410A4E
:1096E000F1EE10FA1BDAFFE79DED050A9DED031A76
:1096F00080EE010A8DED010A9DED011A079890EDAB
:10970000000A20EE010A80ED000A9DED011A06987C
:1097100090ED000A20EE010A80ED000AFFE7FFE766
:1097200008B080BDBD37863545F2A051C2F2004178
:109730000120087000204860886070470000000029
:1097400080B584B045F2A050C2F2004000780146D6
:10975000029140B1FFE70298012808D0FFE7029884
:10976000022826D076E001208DF80F0084E045F62F
:10977000C010C2F2004003F093FD40F24C00C2F270
:10978000004090ED000ADFED3E0AFCF7DDFDEFF74B
:109790004BFA45F2A051C2F2004101914860EFF747
:1097A00043FA019988600220087000208DF80F00AC
:1097B00062E045F6C010C2F2004003F071FD45F2D0
:1097C000A050C2F2004080686421FFF75DF890B1BC
:1097D000FFE740F24C00C2F2004090ED000ADFEDDE
:1097E000280AFCF7B1FDEFF71FFA45F2A051C2F2CB
:1097F00000418860FFE745F2A050C2F20040406897
:10980000C821FFF741F820B9FFE700208DF80F00CD
:1098100032E09FED1B0AFFF7DBFB78B9FFE745F26B
:10982000A050C2F2004040684FF4FA61FFF72CF8F4
:1098300020B9FFE700208DF80F001DE045F2A05190
:10984000C2F20041002008704860886001208DF855
:109850000F0011E045F2A051C2F200410020087053
:109860004860886045F6C010C2F2004003F018FD61
:1098700001208DF80F00FFE79DF80F0004B080BDB8
:10988000000000000000000080B584B000F00CF97A
:1098900045F2AC50C2F2004000780146029148B156
:1098A000FFE7029801282AD0FFE70298022800F07B
:1098B0008380ABE045F6C010C2F2004003F0F0FC3C
:1098C0001420FDF7E5F840F24C00C2F2004090EDA4
:1098D000000ADFED560AFCF737FDEFF7A5F945F270
:1098E000AC51C2F2004101914860EFF79DF9019936
:1098F00088600120087000208DF80F0092E0EFF7DB
:1099000093F9014645F6C010C2F2004003F050FB47
:1099100045F2AC50C2F2004080686421FEF7B4FF0B
:1099200090B1FFE740F24C00C2F2004090ED000A17
:10993000DFED3E0AFCF708FDEFF776F945F2AC5192
:10994000C2F200418860FFE745F2AC50C2F200402D
:109950004068C821FEF798FF20B9FFE700208DF886
:109960000F005FE09FED310AFFF732FB78B9FFE7A8
:1099700045F2AC50C2F2004040684FF4FA61FEF785
:1099800083FF20B9FFE700208DF80F004AE040F286
:10999000D830C2F20040D0ED000A9FED240A3C20EE
:1099A000FCF7FAFC45F2AC51C2F20041022008700B
:1099B00000208DF80F0035E045F2AC50C2F20040B7
:1099C00080686421FEF760FF90B1FFE740F24C0031
:1099D000C2F2004090ED000ADFED140AFCF7B4FC7F
:1099E000EFF722F945F2AC51C2F200418860FFE77F
:1099F000FCF7CAFE20B1FFE700208DF80F0011E050
:109A000000F0FAF801208DF80F000BE000F0F4F8F8
:109A100045F6C010C2F2004003F042FC01208DF870
:109A20000F00FFE79DF80F0004B080BD00000000AC
:109A300082B00090009890ED000AB5EE400AF1EE79
:109A400010FA0ED1FFE7009890ED010AB5EE400A3A
:109A5000F1EE10FA05D1FFE70020C4F29650019014
:109A600004E00020C4F296400190FFE79DED010A5A
:109A700002B070470000000045F2FC51C2F2004104
:109A800000200870486088607047000000000000F7
:109A900045F29451C2F2004100200870486088608D
:109AA000704700000000000080B582B0FCF76CFE3B
:109AB000E0B1FFE7FCF720FE40F28811C2F200415E
:109AC00000200870FDF714F80090FDF705F80099E4
:109AD00045F6C010C2F20040019003F08DFBEFF795
:109AE000A3F80146019803F063FA20E040F28810E1
:109AF000C2F200400078012811DCFFE740F2881133
:109B0000C2F20041087801300870EFF78DF8014685
:109B100045F6C010C2F2004003F04AFA06E045F6EE
:109B2000C010C2F2004003F0BBFBFFE7FFE702B04A
:109B300080BD00000000000080B582B00190EFF70A
:109B400073F80090FFE7EFF76FF80099401A01995A
:109B5000884206D2FFE7FCF7CFFD0A2006F064FC3E
:109B6000F1E702B080BD000086B08DED040AADF8CB
:109B70000E009DED040AB5EE400AF1EE10FA04DD88
:109B8000FFE7BDF80E0020B9FFE74FF4967005908F
:109B900029E09DED040A9FED151A80EE010A8DED76
:109BA000020A9DED020ABDF80E0001EE100AB8EEA1
:109BB000411A80EE010A8DED010A9DED010A9FED2B
:109BC0000C1A20EE010A8DED000A9DED000AB6EE9A
:109BD000001A30EE010ABCEEC00A10EE100A00F5C1
:109BE00096700590FFE7059806B07047D63162423F
:109BF00000606A470000000045F21061C2F20041B7
:109C00000020087048608860C86045F2AC51C2F21C
:109C10000041087048608860704700000000000044
:109C200080B544F62E02C0F6020201200021E9F7B9
:109C300037FFFCF709FC142006F0F6FB80BD00009E
:109C400081B0009000990020086048600881887207
:109C5000C87201B07047000080B582B001900198D1
:109C60000090FFF7EDFF009802B080BD00000000FB
:109C700081B0009000994878887000204860088280
:109C8000486101B07047000083B0029002980090D4
:109C900000210191B0F910204169114441614069EE
:109CA000B0F5FA7F05DDFFE700994FF4FA704861DF
:109CB0000DE00098406910F5FA7F07DAFFE7009998
:109CC0004FF60C60CFF6FF704861FFE7FFE70098A2
:109CD000B0F9101000EE101AB8EEC02A90ED021A7A
:109CE00090ED030A90ED053AB8EEC33A20EE030A70
:109CF000A1EE020A8DED010A9DED010A9FED1C1AED
:109D0000B4EE410AF1EE10FA05DDFFE70020C4F2DF
:109D1000482001900FE09DED010A9FED161AB4EE68
:109D2000410AF1EE10FA05DAFFE70020CCF24820F4
:109D30000190FFE7FFE79DED010AB5EE400AF1EE65
:109D400010FA0DDAFFE700984178B1FA81F149097C
:109D500081709DED010AB1EE400A80ED010A05E037
:109D600000994878887001984860FFE703B0704711
:109D700000004842000048C282B00190ADF80210D5
:109D80000199BDF80200088202B07047000000008F
:109D900086B005908DF813108DF812208DED030A12
:109DA000CDED020A8DED011ACDED001A05989DF852
:109DB000131001709DF8121041709DF812108170FF
:109DC0000021C1704160039A8260029AC2600182E0
:109DD0004161019981610099C16106B0704700003D
:109DE00080B584B08DF80F000022029201929DF898
:109DF0000F30022060F35F1340F23830C2F20040AF
:109E0000014641F8043F0261006801AAEDF7B8FB82
:109E100004B080BD0000000080B594B00EA903918D
:109E2000014603988DF84F1080ED040AC0ED030A37
:109E300080ED021AC0ED011A80ED002A00210D917B
:109E40000C919DF84F30042161F35F1340F23832DA
:109E5000C2F200420892114641F8043F07910821DE
:109E60000291116190ED040ADFED390ACDED040A8B
:109E70009FED381A8DED051A1020069000F074F849
:109E8000DDED040A9DED051A01460398ADF82E108C
:109E900090ED030A0E2000F067F801460398ADF834
:109EA0002C1090ED020ADFED2C0ACDED010A9FED9A
:109EB0002B1A0A2000F058F8DDED010A039902463A
:109EC0000298ADF82A2091ED010A9FED251A00F0C5
:109ED0004BF80399DDED040A9DED051A024606983C
:109EE000ADF8282091ED000A00F03EF807990246EF
:109EF0000898ADF82620BDF82E208DF830209DF86A
:109F00002F208DF83120BDF82C208DF832209DF8BF
:109F10002D2002F03F02BDF82A3042EA83128DF86C
:109F20003320BDF82A2092088DF83420BDF828206F
:109F30008DF83520BDF826208DF836209DF8272095
:109F40008DF8372000680CAAEDF71AFB14B080BD1D
:109F5000000020C2000020420000000000C07F443A
:109F600000004C420000000086B08DED050ACDEDEA
:109F7000040A8DED031A02909DED050A9DED041A69
:109F8000B4EE410AF1EE10FA03DAFFE70498059007
:109F9000FFE79DED050A9DED031AB4EE410AF1EECF
:109FA00010FA03DDFFE703980590FFE79DED030A34
:109FB0009DED041A30EE410A8DED010A9DED050A72
:109FC0009DED041A30EE410A8DED000A9DED000A68
:109FD000029901208840013801EE100AB8EEC11A3A
:109FE00020EE010A9DED011A80EE010ABCEEC00AC6
:109FF00010EE100A06B0704787B006908DED050A86
:10A00000CDED040A03919DED040A9DED051A30EE95
:10A01000410A8DED020A0398202804DBFFE74FF088
:10A02000FF30009005E0039901208840013800903E
:10A03000FFE7009801909DED060AB8EE400A9DEDFD
:10A04000021A20EE010A9DED011AB8EE411A80EEC7
:10A05000010A9DED051A30EE010A07B070470000B5
:10A0600080B592B005AA03928DF8470010910020A8
:10A070000F900E900D90FFE70D98072825DCFFE765
:10A080001098DDF834E010F80E104FEACE026FF0B1
:10A090001F0000EBCE0001FA00FC2023A3EBCE034F
:10A0A00021FA03F3002858BF634601FA02F20028A0
:10A0B00058BF00220E980F99194310430F910E902C
:10A0C000FFE70D9801300D90D6E70E986FF31F5003
:10A0D0000C900E980F99000D40EA01306FF31F505D
:10A0E0000B90BDF83D000A909DF83F0000F0010084
:10A0F0008DF827000F98400E8DF826000C989FEDE4
:10A10000340A8DED020ADFED330ACDED010A142188
:10A110000091FFF771FF0099DDED010A0398B0EEA1
:10A12000401A9DED020A80ED031A0B98FFF764FFB9
:10A13000DDED010A0398B0EE401A9DED020A80EDB4
:10A14000021A0A981021FFF757FF039880ED010AC1
:10A150009DF82600BBEE040ADFED1F0A0721FFF77A
:10A160004BFF039880ED000A9DF8470000F00F00B8
:10A170008DF813009DF81300012826DBFFE79DF8FA
:10A180001300082821DCFFE708989DF8132045F20A
:10A190004061C2F2004101EB021242F8100C079834
:10A1A0009DF8132001EB021242F80C0C06989DF862
:10A1B000132001EB021242F8080C05989DF81320B9
:10A1C00001EB021141F8040CFFE712B080BD00BFA3
:10A1D000000020C2000020420000484300000000B0
:10A1E00083B001900198009008282BD80099DFE8EF
:10A1F00001F005090D1115191D21250000208DF80C
:10A200000B0023E001208DF80B001FE002208DF8E9
:10A210000B001BE003208DF80B0017E004208DF8E5
:10A220000B0013E005208DF80B000FE006208DF8E1
:10A230000B000BE007208DF80B0007E008208DF8DD
:10A240000B0003E000208DF80B00FFE79DF80B00EA
:10A2500003B070470000000080B584B00390029105
:10A260000398406800F01F008DF807009DF8070074
:10A2700000F00F008DF806009DF80700C0F30010F5
:10A280008DF8050003984068C0F345108DF8040070
:10A2900003980069FFF7A4FF8DF803009DF80500FF
:10A2A00038B3FFE79DF80300012822DBFFE79DF8A4
:10A2B000040002280DD1FFE702980078B0FA80F080
:10A2C00040099DF8062045F22061C2F20041885401
:10A2D0000EE09DF80400012809D1FFE79DF8062053
:10A2E00045F22061C2F2004100208854FFE7FFE7F9
:10A2F000FFE79DF8050080B1FFE79DF80400042802
:10A300000BD1FFE79DF80300082806D1FFE79DF871
:10A3100006000299FFF7A4FEFFE704B080BD00002D
:10A3200080B586B0059005980190017F01F001018C
:10A330008DF81310017FC1F340018DF81210017FD9
:10A34000C1F380018DF8111090F8580078B9FFE73B
:10A35000019945F66C10C2F2004002688A640269F5
:10A36000CA64006A0865012081F8580023E001985A
:10A3700090ED120A45F66C10C2F200400090D0ED4C
:10A38000000A00F0E1FA0098019981ED120A91EDBE
:10A39000130AD0ED040A00F0D7FA0098019981ED74
:10A3A000130A91ED140AD0ED080A00F0CDFA0198D5
:10A3B00080ED140AFFE79DF8130020B1FFE7019933
:10A3C000886C8862FFE79DF8120020B1FFE70199D1
:10A3D000C86C0862FFE79DF8110020B1FFE7019902
:10A3E000086D4862FFE79DF8130050B1FFE7019840
:10A3F00090ED031A90ED0A0A30EE410A80ED0C0A46
:10A4000003E0019900200863FFE79DF8120010B3F4
:10A41000FFE79DF81100F0B1FFE7019890ED011AF8
:10A4200090ED080A30EE410A8DED030A90ED021A14
:10A4300090ED090A30EE410A8DED020A9DED030A06
:10A440009DED021A30EE410AB6EE001A20EE010A26
:10A4500080ED0B0A21E09DF8120050B1FFE7019852
:10A4600090ED011A90ED080A30EE410A80ED0B0ADA
:10A4700012E09DF8110050B1FFE7019890ED020A3B
:10A4800090ED091A30EE410A80ED0B0A03E00199C4
:10A490000020C862FFE7FFE7FFE706B080BD0000CD
:10A4A00085B003900291039902984A6D801A019039
:10A4B0009DED010AB8EE400A9FED1C1A20EE010A3C
:10A4C0008DED000A029848659DED000A40F2941057
:10A4D000C2F2004090ED001AB4EE410AF1EE10FA1B
:10A4E00007DAFFE740F29410C2F2004000680490DF
:10A4F00017E09DED000A40F29010C2F2004090ED8E
:10A50000001AB4EE410AF1EE10FA07DDFFE740F25F
:10A510009010C2F200400068049002E0009804909D
:10A52000FFE79DED040A05B0704700BF6F12833A44
:10A5300010B589B008900791089900200690059001
:10A54000049003900290019000900098019A029B61
:10A55000DDF80CC0DDF810E0059C4C65C1F850E05A
:10A56000C1F84CC08B644A640864069888650798F3
:10A57000486509B010BD000080B586B00590049113
:10A580008DED030A059890ED001A049890ED000AED
:10A5900020EE000AA1EE010A09F09CFD8DED020AF1
:10A5A0009DED020A9DED031AB4EE410AF1EE10FA98
:10A5B00029DDFFE79DED020A40F2A010C2F2004043
:10A5C00090ED001AB4EE410AF1EE10FA1BDDFFE740
:10A5D0009DED030A9DED021A80EE010A8DED010A40
:10A5E0009DED011A059890ED000A20EE010A80ED1C
:10A5F000000A9DED011A049890ED000A20EE010A70
:10A6000080ED000AFFE706B080BD000000000000FA
:10A6100080B58EB00D908DED0C0A0D980490002140
:10A620000B910A9190ED051A90ED0C0AB0EEC00A5C
:10A63000B4EE410AF1EE10FA0ADDFFE7049890ED5E
:10A640000C0A9FED5D1A20EE010A8DED0B0AFFE763
:10A65000049890ED041A90ED0B0AB0EEC00AB4EE27
:10A66000410AF1EE10FA0ADDFFE7049890ED0B0ABB
:10A670009FED511A20EE010A8DED0A0AFFE79DEDCC
:10A680000B1A9DED0A0A20EE000AA1EE010A09F05C
:10A6900021FD8DED090A0020089007909DED090A23
:10A6A00040F2A010C2F2004090ED001AB4EE410A50
:10A6B000F1EE10FA49DDFFE740F29C10C2F20040D3
:10A6C00090ED000A30EE000A9DED091A20EE010A15
:10A6D00009F000FD8DED060A9DED060A40F28C1092
:10A6E000C2F2004090ED001AB4EE410AF1EE10FA09
:10A6F00005DAFFE79DED060A8DED030A08E040F25A
:10A700008C10C2F2004090ED000A8DED030AFFE7C5
:10A710009DED030A8DED050A9DED050A9DED0B1AD1
:10A7200020EE010A9DED091A80EE010A8DED080A5E
:10A730009DED050A9DED0A1A20EE010A9DED091A0C
:10A7400080EE010A8DED070AFFE704989DED080AE7
:10A7500000F140010191D0ED100A40F29810C2F2D0
:10A760000040009090ED001A9DED0C2A21EE021A97
:10A7700000F002F90098049981ED100A9DED070A96
:10A7800001F144020292D1ED110A90ED001A9DED03
:10A790000C2A21EE021A00F0EFF8049A01980299AF
:10A7A00082ED110A40F28C12C2F2004292ED000AD0
:10A7B000FFF7E2FE0EB080BD6F12833A000000008A
:10A7C00084B08DED020ACDED010A8DED001A9DEDEC
:10A7D000020A9DED001AB4EE410AF1EE10FA03DD13
:10A7E000FFE7009803900FE09DED020A9DED011A2E
:10A7F000B4EE410AF1EE10FA03DAFFE70198039094
:10A8000002E002980390FFE79DED030A04B0704751
:10A81000B0B58AB00990089109980090089A019201
:10A8200011685368D2F808C0D2F80CE01469556971
:10A8300045610461C0F80CE0C0F808C043600160E5
:10A840009169D269C2618161806928B9FFE7009985
:10A8500041F288308861FFE7009900200790069058
:10A8600005900490039002900298039A049BDDF8EF
:10A8700014C0DDF818E0079C4C63C1F830E0C1F863
:10A880002CC08B624A620862012081F83800EEF722
:10A89000CBF901460098C163C16BFFF749FE0AB0CE
:10A8A000B0BD00000000000080B584B002900298A6
:10A8B000019090F8380020B9FFE700208DF80F00D4
:10A8C0003EE0019804F030FE50B1FFE7019A02200B
:10A8D00082F83500002182F838108DF80F002FE043
:10A8E0000198FFF71DFDEEF79FF901460198FFF76C
:10A8F000D7FD0198FFF78CFE019804F04DFDB0B133
:10A90000FFE7019890F83410013180F8341090F886
:10A910003400C8280AD3FFE7019A012082F83500E5
:10A92000002182F838108DF80F0009E004E0019949
:10A93000002081F83400FFE700208DF80F00FFE7CA
:10A940009DF80F0004B080BD82B08DED010ACDED01
:10A95000000A9DED010A40F2A810C2F2004090EDFD
:10A96000001A9DED002A32EE402AA1EE020A02B042
:10A97000704700000000000080B584B08DED030A30
:10A98000CDED020A8DED011A9DED021A8DED001A32
:10A990009DED030A30EE410A9DED011AF1EE410AE8
:10A9A000FFF70EFFB0EE401A9DED000A30EE010AEF
:10A9B00004B080BD0000000080B586B00590049111
:10A9C00003920598006803998968884201D0FFE7DF
:10A9D00068E004988079039981F820000498017850
:10A9E000407840EA01200399088304988178C07870
:10A9F00040EA01200399088204980179407940EAED
:10AA000001200399C881039800780146029140B162
:10AA1000FFE70298012810D0FFE70298022825D00E
:10AA20003FE003980C30B7EE000A4FF4005100F0FD
:10AA30003FF8039880ED070A34E003980C309FED4F
:10AA40001B0A4FF4005100F05FF9039880ED070AEC
:10AA50000398B0F9101000EE101AB8EEC00AB3EE69
:10AA6000031A80EE010A80ED050A1BE003980C3002
:10AA70009FED0D0A8DED010A4FF4005100F018F81A
:10AA80009DED011A039880ED070A0398B0F91010A4
:10AA900000EE101AB8EEC00A80EE010A80ED050A39
:10AAA00000E0FFE706B080BD000010422CA09941F5
:10AAB00080B584B003908DED020AADF80610002039
:10AAC00000900398007800F00100012820D0FFE7F3
:10AAD00003998889C8810398B0F90C1000EE101A08
:10AAE000B8EEC00ABDF8061001EE101AB8EEC11A91
:10AAF0009DED022A21EE021A80EE010A9FED4D1A09
:10AB000020EE010A80ED040A039901200870FFE796
:10AB10000399B1F90C00B1F90E10401A00EE100AB9
:10AB2000B8EEC00A8DED000A9DED000ABDF80600E2
:10AB300001EE100AB8EEC11AB6EE002A21EE021A92
:10AB4000B4EE410AF1EE10FA1ADDFFE79DED000ABE
:10AB5000BDF8060001EE100AB8EEC11A30EE410A47
:10AB60009DED022A21EE021A80EE011A039890ED63
:10AB7000040A9FED302AA1EE020A80ED040A45E0A6
:10AB80009DED000ABDF80600404201EE100AB8EE45
:10AB9000C11AB6EE002A21EE021AB4EE410AF1EE15
:10ABA00010FA1ADAFFE79DED000ABDF8060001EE83
:10ABB000100AB8EEC11A30EE010A9DED022A21EE0C
:10ABC000021A80EE011A039890ED040A9FED192AEB
:10ABD000A1EE020A80ED040A17E09DED000ABDF81F
:10ABE000060001EE100AB8EEC11A9DED022A21EE10
:10ABF000021A80EE011A039890ED040A9FED0D2AC7
:10AC0000A1EE020A80ED040AFFE7FFE703998889B5
:10AC1000C881039890ED040ADFED070A9FED071A3B
:10AC200000F00EF8039880ED040A039890ED040AF2
:10AC300004B080BD0000B443000034C300003443BE
:10AC400085B08DED030ACDED020A8DED011A9DED63
:10AC5000010A9DED021AB4EE410AF1EE10FA03DA90
:10AC6000FFE70398049049E09DED010A9DED021A6B
:10AC700030EE410A8DED000A9DED030A9DED011AAB
:10AC8000B4EE410AF1EE10FA15DDFFE7FFE79DEDA6
:10AC9000001A9DED030A30EE410A8DED030AFFE72D
:10ACA0009DED030A9DED011AB4EE410AF1EE10FA92
:10ACB000EDDCFFE71FE09DED030A9DED021AB4EE07
:10ACC000410AF1EE10FA15DAFFE7FFE79DED001AF1
:10ACD0009DED030A30EE010A8DED030AFFE79DEDBD
:10ACE000030A9DED021AB4EE410AF1EE10FAEDDB13
:10ACF000FFE7FFE7FFE703980490FFE79DED040AF5
:10AD000005B070470000000086B004908DED030A86
:10AD1000ADF80A10002001900090049818B9FFE7E0
:10AD20000020059092E00498007800F001000128CE
:10AD30000AD0FFE704998889C88104990020086136
:10AD4000049901200870FFE70499B1F90C00B1F9EA
:10AD50000E10884210DAFFE70499B1F90C00B1F93E
:10AD60000E10401ABDF80A10084400EE100AB8EEA2
:10AD7000C00A8DED010A18E00499B1F90C00B1F98F
:10AD80000E10884210DDFFE70499B1F90C00B1F90B
:10AD90000E10401ABDF80A10401A00EE100AB8EE64
:10ADA000C00A8DED010AFFE7FFE70499B1F90C0035
:10ADB000B1F90E10401A00EE100AB8EEC00A8DED7F
:10ADC000000A04998889C8819DED010AB0EEC00A85
:10ADD0009DED001AB0EEC11AB4EE410AF1EE10FA80
:10ADE00018DDFFE79DED000ABDF80A0001EE100A2C
:10ADF000B8EEC11A9DED032A21EE021A80EE011A67
:10AE0000049890ED040A9FED132AA1EE020A80ED4A
:10AE1000040A17E09DED010ABDF80A0001EE100AD0
:10AE2000B8EEC11A9DED032A21EE021A80EE011A36
:10AE3000049890ED040A9FED072AA1EE020A80ED26
:10AE4000040AFFE7049800690590FFE79DED050AF5
:10AE500006B070470000B44310B584B08C468646F7
:10AE600007980699CDF80CE0CDF808C0ADF806209B
:10AE7000ADF80430ADF80210ADF800000298039967
:10AE800048600399082008619DF80700039981F83C
:10AE900028009DF80600039981F829009DF8050017
:10AEA000039981F82A009DF80400039981F82B008A
:10AEB0009DF80300039981F82C009DF80200039986
:10AEC00081F82D009DF80100039981F82E009DF86E
:10AED0000000039981F82F000399081D2831E9F734
:10AEE00023F9039803F05CF804B010BD00000000E3
:10AEF00080B584B00390029100200190FFE7019893
:10AF0000072812DCFFE703980299019A02EBC203BB
:10AF100040F2AC12C2F2004202EB8302FFF74CFD9A
:10AF2000FFE7019801300190E9E700200090FFE77A
:10AF30000098012812DCFFE703980299009A02EBBF
:10AF4000C20340F2F022C2F2004202EB8302FFF79A
:10AF500033FDFFE7009801300090E9E7039802997C
:10AF600040F2CC22C2F20042FFF726FD04B080BDC1
:10AF700080B58AB009900998019090F84500C00703
:10AF800020B1FFE7019800F09FF916E00198002139
:10AF9000089107914FF08042049205910821069193
:10AFA000028A017941EA022101F1407103910068AE
:10AFB00002A907AAFEF728F8FFE70AB080BD000043
:10AFC00080B58AB00990089107920998049090F88A
:10AFD0004500C00700286ED0FFE79DF81C00FD2843
:10AFE00061D1FFE70898C07800BBFFE708980079B7
:10AFF000E0B9FFE708984079C0B9FFE70898807981
:10B00000A0B9FFE70898C07980B9FFE70020ADF844
:10B010001A000898B0F80100ADF81A00BDF81A003F
:10B02000FBF7A2FD049981F844003BE00898B0F8D2
:10B03000010040BABAEE090AF2EE090A1021FBF744
:10B0400037F8049880ED140A0899C8780979000146
:10B0500040EA11109FED9A0ADFED9A0A0C21039144
:10B06000FBF726F80399049880ED150A0898808864
:10B0700040BABBEE010AF3EE010AFBF719F8049897
:10B0800080ED160A0899C98849BA00EE101AB8EE80
:10B09000C00B9FED891B20EE010BB7EEC00B80EDBE
:10B0A000170AFFE706E00499089A10685268CA6018
:10B0B0008860FFE7FCE004999DF81D00097988424B
:10B0C00040F0F580FFE7079800F07C510220B0EBDC
:10B0D000116F41D1FFE70898008840BABAEE090A1B
:10B0E000F2EE090A10210291FAF7E2FF02990498A0
:10B0F00080ED140A0898408840BA9FED710ADFED90
:10B10000710AFAF7D5FF0299049880ED150A08989C
:10B11000808840BABBEE010AF3EE010AFAF7C8FFD5
:10B12000049981ED160A0898C08840BA00EE100A0A
:10B13000B8EEC00B9FED601B20EE010BB7EEC00B0D
:10B1400081ED170A0798C0F3054081F8440007987D
:10B15000C0F381500866A9E0079800F07C511120E7
:10B16000B0EB116F40F09180FFE700200590FFE702
:10B1700005980D2800F38880FFE708980088059A55
:10B1800044F61001C0F6020131F81210884240F076
:10B190007680FFE7059801900D2800F26F800199F5
:10B1A000DFE801F00711181F262D343B42495057A4
:10B1B0005E6504980899097900EE101AB8EE400A05
:10B1C00080ED1A0A5AE00898FAF742FF049880EDD9
:10B1D0001C0A53E00898FAF73BFF049880ED1E0A1A
:10B1E0004CE00898FAF734FF049880ED200A45E017
:10B1F0000898FAF72DFF049880ED220A3EE008989F
:10B20000FAF726FF049880ED240A37E00898FAF749
:10B210001FFF049880ED260A30E00898FAF718FF1F
:10B22000049880ED280A29E00898FAF711FF04989D
:10B2300080ED2A0A22E00898FAF70AFF049880EDC8
:10B240002C0A1BE00898FAF703FF049880ED2E0AF9
:10B2500014E00898FAF7FCFE049880ED300A0DE03F
:10B260000898FAF7F5FE049880ED320A06E008988F
:10B27000FAF7EEFE049880ED340AFFE7FFE7FFE7F8
:10B2800005980130059073E70FE09DF81C00FE283B
:10B290000AD1FFE704990798000A0871089A106814
:10B2A0005268CA608860FFE7FFE7FFE7FFE7FFE754
:10B2B0000AB080BD00BF00BF9A9999999999B93F8A
:10B2C000000030C20000304280B588B00790079877
:10B2D00000210691059102790092029108210491C2
:10B2E000FF218DF814108DF815108DF816108DF8BB
:10B2F00017108DF818108DF819108DF81A10FC2100
:10B300008DF81B100068694605AAFDF77DFE08B0A0
:10B3100080BD00000000000080B586B005908DED76
:10B32000040ACDED030A059802900499016204997C
:10B3300041630399C16290ED1A0AB7EE001AB4EEA8
:10B34000410AF1EE10FA1BD0FFE7029847F205011F
:10B350000191B7EE000A6A2200F04AF801990298BA
:10B3600000F01EF8029801218161FFF701FE0298AA
:10B3700090ED0D0A47F22401702200F039F8FFE742
:10B380000120ECF759F8029890ED0B0A47F21601EC
:10B39000702200F02DF806B080BD00000000000013
:10B3A00080B58AB00990ADF8221009980021079164
:10B3B00006919DF822208DF818209DF823208DF805
:10B3C00019204FF080420392049108210591028ACE
:10B3D000017941EA022101F188510291006801A935
:10B3E00006AAFDF711FE0AB080BD000000000000B3
:10B3F00080B58CB00B90ADF82A108DED090A8DF850
:10B4000023200B9900910020079006904FF0804276
:10B4100003920490082205920A8A097941EA0221DE
:10B4200001F1905102919DF82A108DF818109DF8A5
:10B430002B108DF819108DF81A008DF81B009DF84F
:10B440002300702803D1FFE7099807901CE09DF8BE
:10B4500023006A2817D1FFE700989DED090ABDEE89
:10B46000C00A80ED060A9DED090ABCEEC00A10EE86
:10B47000100A8DF81C0000208DF81D008DF81E00AC
:10B480008DF81F00FFE7FFE70098006801A906AAF2
:10B49000FDF7BAFD0CB080BD80B586B00590049173
:10B4A0008DF80F208DF80E300598029000F11801EC
:10B4B0000091643044F61001C0F6020100F028F853
:10B4C000029A0098049911609DF80F1011710021E3
:10B4D0000191D1609160FD23138251612C21E5F728
:10B4E00058F901990298816180F844109DF80E2066
:10B4F00002F0010280F8452080F846108164C164A2
:10B500000166C16581654165016506B080BD0000C9
:10B5100082B00190009101980099098801800099FA
:10B52000498801810099898801820099C98801832D
:10B5300000990989018400994989018500998989BF
:10B5400001860099C98901870099098AA0F84010ED
:10B550000099498AA0F848100099898AA0F85010EB
:10B560000099C98AA0F858100099098BA0F86010BA
:10B570000099498BA0F868100099898BA0F8701089
:10B5800002B070470000000083B001900091019864
:10B5900000680099884204D1FFE701208DF80B0074
:10B5A00003E000208DF80B00FFE79DF80B0003B0CF
:10B5B000704700000000000080B584B00390ADF833
:10B5C0000A1003980090006808B9FFE77AE3009832
:10B5D0000068D0F8800000680190019800680003BE
:10B5E000002800F1B681FFE700980068D0F88000DD
:10B5F00000681021C4F20201884200F0B280FFE727
:10B6000000980068D0F8800000682821C4F2020188
:10B61000884200F0A680FFE700980068D0F880001C
:10B6200000684021C4F20201884200F09A80FFE7DE
:10B6300000980068D0F8800000685821C4F2020128
:10B64000884200F08E80FFE700980068D0F8800004
:10B6500000687021C4F20201884200F08280FFE796
:10B6600000980068D0F8800000688821C4F20201C8
:10B67000884276D0FFE700980068D0F88000006824
:10B68000A021C4F2020188426BD0FFE70098006855
:10B69000D0F880000068B821C4F20201884260D06E
:10B6A000FFE700980068D0F88000006840F2104181
:10B6B000C4F20201884254D0FFE700980068D0F835
:10B6C0008000006840F22841C4F20201884248D05C
:10B6D000FFE700980068D0F88000006840F2404121
:10B6E000C4F2020188423CD0FFE700980068D0F81D
:10B6F0008000006840F25841C4F20201884230D014
:10B70000FFE700980068D0F88000006840F27041C0
:10B71000C4F20201884224D0FFE700980068D0F804
:10B720008000006840F28841C4F20201884218D0CB
:10B73000FFE700980068D0F88000006840F2A04160
:10B74000C4F2020188420CD0FFE700980068D0F8EC
:10B750008000006840F2B841C4F2020188420AD178
:10B76000FFE700980068D0F880000168086820F0C2
:10B770000100086009E000980068D0F880000168C6
:10B78000086820F001000860FFE70098019A11683E
:10B7900041F4002111600068D0F880000068102199
:10B7A000C4F20201884200F0B280FFE7009800680E
:10B7B000D0F8800000682821C4F20201884200F01D
:10B7C000A680FFE700980068D0F88000006840215C
:10B7D000C4F20201884200F09A80FFE700980068F6
:10B7E000D0F8800000685821C4F20201884200F0BD
:10B7F0008E80FFE700980068D0F880000068702114
:10B80000C4F20201884200F08280FFE700980068DD
:10B81000D0F8800000688821C4F20201884276D006
:10B82000FFE700980068D0F880000068A021C4F20B
:10B83000020188426BD0FFE700980068D0F88000D2
:10B840000068B821C4F20201884260D0FFE7009886
:10B850000068D0F88000006840F21041C4F2020194
:10B86000884254D0FFE700980068D0F88000006854
:10B8700040F22841C4F20201884248D0FFE7009814
:10B880000068D0F88000006840F24041C4F2020134
:10B8900088423CD0FFE700980068D0F8800000683C
:10B8A00040F25841C4F20201884230D0FFE70098CC
:10B8B0000068D0F88000006840F27041C4F20201D4
:10B8C000884224D0FFE700980068D0F88000006824
:10B8D00040F28841C4F20201884218D0FFE7009884
:10B8E0000068D0F88000006840F2A041C4F2020174
:10B8F00088420CD0FFE700980068D0F8800000680C
:10B9000040F2B841C4F2020188420BD1FFE700982F
:10B910008189490089B20068D0F88000006840F849
:10B92000041F0AE000988189490089B20068D0F8B4
:10B930008000006840F8041FFFE70098006938B1F4
:10B94000FFE7009948680A69BDF80A109047FFE7C9
:10B95000B4E100980068D0F8800000681021C4F2BB
:10B960000201884200F0B280FFE700980068D0F83A
:10B97000800000682821C4F20201884200F0A680FD
:10B98000FFE700980068D0F8800000684021C4F20A
:10B990000201884200F09A80FFE700980068D0F822
:10B9A000800000685821C4F20201884200F08E80B5
:10B9B000FFE700980068D0F8800000687021C4F2AA
:10B9C0000201884200F08280FFE700980068D0F80A
:10B9D000800000688821C4F20201884276D0FFE727
:10B9E00000980068D0F880000068A021C4F202012D
:10B9F00088426BD0FFE700980068D0F880000068AC
:10BA0000B821C4F20201884260D0FFE700980068C4
:10BA1000D0F88000006840F21041C4F20201884270
:10BA200054D0FFE700980068D0F88000006840F22A
:10BA30002841C4F20201884248D0FFE7009800681C
:10BA4000D0F88000006840F24041C4F20201884210
:10BA50003CD0FFE700980068D0F88000006840F212
:10BA60005841C4F20201884230D0FFE700980068D4
:10BA7000D0F88000006840F27041C4F202018842B0
:10BA800024D0FFE700980068D0F88000006840F2FA
:10BA90008841C4F20201884218D0FFE7009800688C
:10BAA000D0F88000006840F2A041C4F20201884250
:10BAB0000CD0FFE700980068D0F88000006840F2E2
:10BAC000B841C4F2020188420AD1FFE70098006839
:10BAD000D0F880000168086820F00100086009E0E3
:10BAE00000980068D0F880000168086820F0010024
:10BAF0000860FFE70098019A116821F400211160A5
:10BB00000068D0F8800000681021C4F20201884269
:10BB100000F0B280FFE700980068D0F8800000686D
:10BB20002821C4F20201884200F0A680FFE70098B5
:10BB30000068D0F8800000684021C4F20201884209
:10BB400000F09A80FFE700980068D0F88000006855
:10BB50005821C4F20201884200F08E80FFE700986D
:10BB60000068D0F8800000687021C4F202018842A9
:10BB700000F08280FFE700980068D0F8800000683D
:10BB80008821C4F20201884276D0FFE7009800685D
:10BB9000D0F880000068A021C4F2020188426BD076
:10BBA000FFE700980068D0F880000068B821C4F270
:10BBB0000201884260D0FFE700980068D0F880005A
:10BBC000006840F21041C4F20201884254D0FFE7FD
:10BBD00000980068D0F88000006840F22841C4F264
:10BBE0000201884248D0FFE700980068D0F8800042
:10BBF000006840F24041C4F2020188423CD0FFE7B5
:10BC000000980068D0F88000006840F25841C4F203
:10BC10000201884230D0FFE700980068D0F8800029
:10BC2000006840F27041C4F20201884224D0FFE76C
:10BC300000980068D0F88000006840F28841C4F2A3
:10BC40000201884218D0FFE700980068D0F8800011
:10BC5000006840F2A041C4F2020188420CD0FFE724
:10BC600000980068D0F88000006840F2B841C4F243
:10BC7000020188420BD1FFE700988189490089B20F
:10BC80000068D0F88000006840F8041F0AE00098BF
:10BC90008189490089B20068D0F88000006840F8C6
:10BCA000041FFFE70098006938B1FFE70099886832
:10BCB0000A69BDF80A109047FFE7FFE7009800F017
:10BCC00047FBFFE704B080BD80B584B003900398C4
:10BCD0000190006870B1FFE701980068D0F880001B
:10BCE00040B1FFE70198406820B1FFE70198806804
:10BCF00008B9FFE714E101980068D0F880000068F7
:10BD00000290FFE701980068D0F8800000681021D9
:10BD1000C4F20201884200F0B280FFE70198006897
:10BD2000D0F8800000682821C4F20201884200F0A7
:10BD3000A680FFE701980068D0F8800000684021E5
:10BD4000C4F20201884200F09A80FFE7019800687F
:10BD5000D0F8800000685821C4F20201884200F047
:10BD60008E80FFE701980068D0F88000006870219D
:10BD7000C4F20201884200F08280FFE70198006867
:10BD8000D0F8800000688821C4F20201884276D091
:10BD9000FFE701980068D0F880000068A021C4F295
:10BDA000020188426BD0FFE701980068D0F880005C
:10BDB0000068B821C4F20201884260D0FFE7019810
:10BDC0000068D0F88000006840F21041C4F202011F
:10BDD000884254D0FFE701980068D0F880000068DE
:10BDE00040F22841C4F20201884248D0FFE701989E
:10BDF0000068D0F88000006840F24041C4F20201BF
:10BE000088423CD0FFE701980068D0F880000068C5
:10BE100040F25841C4F20201884230D0FFE7019855
:10BE20000068D0F88000006840F27041C4F202015E
:10BE3000884224D0FFE701980068D0F880000068AD
:10BE400040F28841C4F20201884218D0FFE701980D
:10BE50000068D0F88000006840F2A041C4F20201FE
:10BE600088420CD0FFE701980068D0F88000006895
:10BE700040F2B841C4F2020188420AD1FFE70198BA
:10BE80000068D0F880000168086820F001000860B0
:10BE900009E001980068D0F880000168086820F087
:10BEA00001000860FFE7FFE702980068C00700286C
:10BEB0007FF428AFFFE7019801680A681F2111622B
:10BEC00002680021C2F8901002682221C2F88C108A
:10BED00002680121D166818949000268A2F85C10DC
:10BEE000818949000268A2F85E100168096824315E
:10BEF000029A91604168029AD1608168029A116148
:10BF00008189029A5160029A116821F4002111601E
:10BF1000029A116841F48021116000F019FAFFE7DC
:10BF200004B080BD0000000082B001900198009034
:10BF3000006840B1FFE70098406820B1FFE7009833
:10BF4000806808B9FFE7E5E1009802680121D16641
:10BF5000818949000268A2F85C1001680A6891684A
:10BF600041F04001916000680168086840F01000ED
:10BF70000860FFE700980068D0F880000068102192
:10BF8000C4F20201884200F0B280FFE70098006826
:10BF9000D0F8800000682821C4F20201884200F035
:10BFA000A680FFE700980068D0F880000068402174
:10BFB000C4F20201884200F09A80FFE7009800680E
:10BFC000D0F8800000685821C4F20201884200F0D5
:10BFD0008E80FFE700980068D0F88000006870212C
:10BFE000C4F20201884200F08280FFE700980068F6
:10BFF000D0F8800000688821C4F20201884276D01F
:10C00000FFE700980068D0F880000068A021C4F223
:10C01000020188426BD0FFE700980068D0F88000EA
:10C020000068B821C4F20201884260D0FFE700989E
:10C030000068D0F88000006840F21041C4F20201AC
:10C04000884254D0FFE700980068D0F8800000686C
:10C0500040F22841C4F20201884248D0FFE700982C
:10C060000068D0F88000006840F24041C4F202014C
:10C0700088423CD0FFE700980068D0F88000006854
:10C0800040F25841C4F20201884230D0FFE70098E4
:10C090000068D0F88000006840F27041C4F20201EC
:10C0A000884224D0FFE700980068D0F8800000683C
:10C0B00040F28841C4F20201884218D0FFE700989C
:10C0C0000068D0F88000006840F2A041C4F202018C
:10C0D00088420CD0FFE700980068D0F88000006824
:10C0E00040F2B841C4F2020188420AD1FFE7009849
:10C0F0000068D0F880000168086820F0010008603E
:10C1000009E000980068D0F880000168086820F015
:10C1100001000860FFE7FFE700980068D0F88000A2
:10C1200000680068C00700287FF424AFFFE700988C
:10C1300002681168D2F88020243112689160026888
:10C140004168D2F880201268D16002688168D2F814
:10C1500080201268116181890268D2F880201268FB
:10C1600051600168D1F880100A68116841F480219B
:10C1700011600068D0F8800000681021C4F202014C
:10C18000884200F0B280FFE700980068D0F8800095
:10C1900000682821C4F20201884200F0A680FFE76F
:10C1A00000980068D0F8800000684021C4F20201C5
:10C1B000884200F09A80FFE700980068D0F880007D
:10C1C00000685821C4F20201884200F08E80FFE727
:10C1D00000980068D0F8800000687021C4F2020165
:10C1E000884200F08280FFE700980068D0F8800065
:10C1F00000688821C4F20201884276D0FFE70098E7
:10C200000068D0F880000068A021C4F202018842D2
:10C210006BD0FFE700980068D0F880000068B82174
:10C22000C4F20201884260D0FFE700980068D0F8AD
:10C230008000006840F21041C4F20201884254D0EC
:10C24000FFE700980068D0F88000006840F22841BD
:10C25000C4F20201884248D0FFE700980068D0F895
:10C260008000006840F24041C4F2020188423CD0A4
:10C27000FFE700980068D0F88000006840F258415D
:10C28000C4F20201884230D0FFE700980068D0F87D
:10C290008000006840F27041C4F20201884224D05C
:10C2A000FFE700980068D0F88000006840F28841FD
:10C2B000C4F20201884218D0FFE700980068D0F865
:10C2C0008000006840F2A041C4F2020188420CD014
:10C2D000FFE700980068D0F88000006840F2B8419D
:10C2E000C4F2020188420AD1FFE700980068D0F842
:10C2F00080000168086840F00100086009E00098CB
:10C300000068D0F880000168086840F0010008600B
:10C31000FFE7FFE702B0704780B586B08446099812
:10C320000898CDF814C0049103920293ADF806006A
:10C330000598049901600399416002998160BDF8F4
:10C340000610818109990161FFF7EEFD06B080BDFD
:10C3500082B0019001980090006808B9FFE7E0E022
:10C36000009802680121D16601680A68116841F0ED
:10C370001001116001680A68916841F04001916004
:10C380000068D0F8800000681021C4F202018842E1
:10C3900000F0B280FFE700980068D0F880000068E5
:10C3A0002821C4F20201884200F0A680FFE700982D
:10C3B0000068D0F8800000684021C4F20201884281
:10C3C00000F09A80FFE700980068D0F880000068CD
:10C3D0005821C4F20201884200F08E80FFE70098E5
:10C3E0000068D0F8800000687021C4F20201884221
:10C3F00000F08280FFE700980068D0F880000068B5
:10C400008821C4F20201884276D0FFE700980068D4
:10C41000D0F880000068A021C4F2020188426BD0ED
:10C42000FFE700980068D0F880000068B821C4F2E7
:10C430000201884260D0FFE700980068D0F88000D1
:10C44000006840F21041C4F20201884254D0FFE774
:10C4500000980068D0F88000006840F22841C4F2DB
:10C460000201884248D0FFE700980068D0F88000B9
:10C47000006840F24041C4F2020188423CD0FFE72C
:10C4800000980068D0F88000006840F25841C4F27B
:10C490000201884230D0FFE700980068D0F88000A1
:10C4A000006840F27041C4F20201884224D0FFE7E4
:10C4B00000980068D0F88000006840F28841C4F21B
:10C4C0000201884218D0FFE700980068D0F8800089
:10C4D000006840F2A041C4F2020188420CD0FFE79C
:10C4E00000980068D0F88000006840F2B841C4F2BB
:10C4F000020188420AD1FFE700980068D0F8800066
:10C500000168086840F00100086009E000980068D0
:10C51000D0F880000168086840F001000860FFE77B
:10C52000FFE702B07047000081B000900098002142
:10C530000160416081608181016101B0704700004C
:10C5400080B5A2B02190209121980290FFE7029837
:10C5500000680C286DDCFFE70299086800EB800298
:10C5600044F64C00C0F6020000EB82021F920968FC
:10C5700001EB810100EB810014301E901F9890EDBB
:10C58000020A209890ED001A30EE410A8DED1D0A46
:10C590001F9890ED030A209890ED011A30EE410AA1
:10C5A0008DED1C0A9DED1D1A9DED1C0A20EE000A62
:10C5B000A1EE010A8DED1B0A1E9890ED020A1F984C
:10C5C00090ED021A30EE410A8DED1A0A1E9890ED98
:10C5D000030A1F9890ED031A30EE410A8DED190AF7
:10C5E0009DED1D1A9DED1A2A9DED1C0A9DED193A2F
:10C5F00020EE030AA1EE020A8DED180A9DED1B0A3A
:10C600009FEDE71AB4EE410AF1EE10FA09DBFFE7FD
:10C610009DED180AB5EE400AF1EE10FA01DBFFE7D6
:10C6200007E002990868013008600020088108715D
:10C630008DE7029800680D2805DBFFE70298209936
:10C6400000F0B6F9A9E10298016801EB810244F615
:10C650004C01C0F6020101EB82021792026802EB64
:10C66000820201EB8202143A1692026802EB820205
:10C6700001EB820114311591179991ED020A20996D
:10C6800091ED001A30EE410A8DED140A179991EDE3
:10C69000030A209991ED011A30EE410A8DED130A3B
:10C6A0009DED141A159A179992ED020A92ED033A2C
:10C6B00091ED022A91ED034A30EE422A9DED130AD4
:10C6C00033EE443A20EE030AA1EE020A8DED120A7F
:10C6D000169991ED020A179991ED021A30EE410A6E
:10C6E0008DED110A169991ED030A179991ED031A30
:10C6F00030EE410A8DED100A9DED111A9DED100AE4
:10C7000020EE000AA1EE010A02F022FF02988DED50
:10C710000F0A179991ED001A91ED010A20EE000A17
:10C72000A1EE010A02F014FF8DED0E0A00200D901B
:10C730000C900B900A909DED0F0AB5EE400AF1EEB9
:10C7400010FA3DDDFFE79DED141A9DED112A9DEDD8
:10C75000130A9DED103A20EE030AA1EE020A9DEDA8
:10C760000F1A20EE010AB0EEC00A8DED090A9DED08
:10C77000110A9DED0F1A20EE010A9DED091A20EE17
:10C78000010A8DED080A9DED100A9DED0F1A20EEAD
:10C79000010A9DED091A20EE010A8DED070A9DEDB3
:10C7A000140A9DED081A30EE010A8DED0D0A9DED7B
:10C7B000130A9DED071A30EE010A8DED0C0AFFE712
:10C7C00002980079B0FA80F040098DF81B009DEDC9
:10C7D0000E0AB5EE400AF1EE10FA46DDFFE79DEDD8
:10C7E0000E1A9FED700A80EE011A8DED051A9DED6F
:10C7F0000E1A80EE010A8DED040A9DF81B0010BB95
:10C80000FFE702989DED051A9DED0D2A9DED040AA6
:10C8100090ED063A32EE433A20EE030AA1EE020A08
:10C820008DED0B0A9DED051A9DED0C2A9DED040A78
:10C8300090ED073A32EE433A20EE030AA1EE020AE7
:10C840008DED0A0A10E09DED050A9DED0D1A20EE12
:10C85000010A8DED0B0A9DED050A9DED0C1A20EEE7
:10C86000010A8DED0A0AFFE7FFE702980D99816141
:10C870000C99C161179991ED040A209991ED021A62
:10C8800030EE410A02F08CFE8DED030A9DF81B008C
:10C8900090B9FFE702989DED031A90ED050A31EE7D
:10C8A000400A9FED422A20EE020A9FED3F2AA1EEA8
:10C8B000020A80ED0D0A0BE002999DED030A9FED3F
:10C8C0003A1A20EE010A81ED0D0A01200871FFE7F6
:10C8D000029803994161179991ED000A9DED0B1A99
:10C8E00030EE010A80ED0B0A179991ED010A9DEDDA
:10C8F0000A1A30EE010A80ED0C0A817B4BF6F042F9
:10C90000C2F2004201921170C17B5170C1799170E5
:10C91000418991808189D180016891600169D160EC
:10C9200020990968116120994968516120998968A5
:10C93000916117998968D1611799C968116217992E
:10C9400009695162149991621399D1629DED141A8B
:10C950009DED130A20EE000AA1EE010A02F058FE36
:10C96000019880ED0C0A1798FDF762F8029801997A
:10C9700081ED0D0A129A8A630D9ACA630C9A0A64B1
:10C980000B9A4A640A9A8A64039ACA64C26A0A655C
:10C99000026B4A65406B8865FFE722B080BD00BF2F
:10C9A00000401C446F12833A333373406666E63F9F
:10C9B00080B592B010900F9110980490016801EB2F
:10C9C000810244F64C01C0F6020101EB82010E9196
:10C9D0000E9991ED020A0F9991ED001A30EE410A7D
:10C9E0008DED0D0A0E9991ED030A0F9991ED011A43
:10C9F00030EE410A8DED0C0A0E9991ED040A0F9963
:10CA000091ED021A30EE410A02F0CAFD04988DED54
:10CA10000B0AC079002840F0A280FFE704990220A9
:10CA200088730E9890ED020A0F9890ED001A30EE80
:10CA3000410A8DED0A0A0E9890ED030A0F9890EDC9
:10CA4000011A30EE410A8DED090A9DED0A1A9DED9D
:10CA5000090A20EE000AA1EE010A9FEDC41AB4EE05
:10CA6000410AF1EE10FA5ADAFFE7049841890131E0
:10CA700041810021C16201634089502806DBFFE744
:10CA800004990120C87100204881FFE70498817B48
:10CA90004BF6F042C2F2004203921170C17B51701A
:10CAA000C1799170418991808189D18001689160BB
:10CAB0000169D1600F99096811610F994968516145
:10CAC0000F99896891610E998968D1610E99C96839
:10CAD00011620E99096951620D9991620C99D162A6
:10CAE0009DED0D1A9DED0C0A20EE000AA1EE010A43
:10CAF00002F08EFD039880ED0C0A0E98FCF798FF6B
:10CB00000498039981ED0D0A0B9ACA64C26A0A65FA
:10CB1000026B4A65406B8865002011901AE1049908
:10CB20000020029048819DED0A0A30EE000A8DED4A
:10CB3000080A9DED090A30EE000A8DED070A08A8E3
:10CB400007A99FED8B0ADFED8B0AFCF77DFD0298AC
:10CB5000049948630898C86207980863AAE0049893
:10CB60000E9991ED040A0F9991ED021A30EE410AE7
:10CB700002F016FD04998DED060A032088739DEDE1
:10CB8000060AB0EEC00A9FED751AB4EE410AF1EE46
:10CB900010FA64DAFFE704980021C162016341637F
:10CBA000818901318181808950280FDBFFE704985A
:10CBB00000F0E2F8049804218173807B4BF6F04189
:10CBC000C2F20041087001201190C3E00498817BFB
:10CBD0004BF6F042C2F2004201921170C17B5170DB
:10CBE000C1799170418991808189D180016891607A
:10CBF0000169D1600F99096811610F994968516104
:10CC00000F99896891610E998968D1610E99C968F7
:10CC100011620E99096951620D9991620C99D16264
:10CC20009DED0D1A9DED0C0A20EE000AA1EE010A01
:10CC300002F0EEFC019880ED0C0A0E98FCF7F8FE6D
:10CC40000498019981ED0D0A0B9ACA64C26A0A65BB
:10CC5000026B4A65406B8865002011907AE0049968
:10CC6000002088819DED060AB0EE041A20EE010A2C
:10CC70008DED050A9DED050AB0EEC00A9FED381A4C
:10CC8000B4EE410AF1EE10FA0DDDFFE79DED050A65
:10CC900034A0011DB5EE400AF1EE10FAC8BF0846F7
:10CCA00000680590FFE704990020C86208630598B2
:10CCB0004863FFE70498817B4BF6F042C2F20042E2
:10CCC00000921170C17B5170C1799170418991803E
:10CCD0008189D180016891600169D1600F990968EB
:10CCE00011610F99496851610F99896891610E9995
:10CCF0008968D1610E99C96811620E9909695162FA
:10CD00000D9991620C99D1629DED0D1A9DED0C0A61
:10CD100020EE000AA1EE010A02F07AFC009880EDF4
:10CD20000C0A0E98FCF784FE0499009A82ED0D0A15
:10CD300000209063D0631064CB6A53640B6B9364E0
:10CD40000B9BD364CB6A13650B6B5365496B916581
:10CD50001190FFE7119812B080BD00BF96438B3C45
:10CD6000CDCCCC3DCDCCCCBDCDCCCC3D0000C84253
:10CD7000000048420000FA4380B59CB01B901B990C
:10CD8000029100200860087148718871C87108819B
:10CD9000488188818873C8734FF0FF320A61486107
:10CDA0008861C861086248628862C8620863486333
:10CDB00004A800905C210191E3F7EBFC0099019A33
:10CDC0004BF6F040C2F200400390E3F786FC029875
:10CDD0000399827B0A7002688A600069C8601CB08F
:10CDE00080BD00000000000080B58CB00A90099161
:10CDF0000A980290807B052821D1FFE70299002044
:10CE0000C862086348638B7B4BF6F042C2F2004273
:10CE100001921370CB7B53700B69D360099B1B6825
:10CE20001361099B5B685361099B9B689361CB6AA3
:10CE300013650B6B5365496B91650B90A8E00298E5
:10CE40000068002805D4FFE7029800680E2806DB7A
:10CE5000FFE70298FFF790FF00200B9098E0029800
:10CE6000016801EB810244F64C01C0F6020101EBBE
:10CE70008201099A02F0F0FB00286CD0FFE70298CB
:10CE8000016801EB810244F64C01C0F6020101EB9E
:10CE90008201089101680791089991ED020A0999A8
:10CEA00091ED001A30EE410A8DED060A089991EDD8
:10CEB000030A099991ED011A30EE410A8DED050A38
:10CEC0009DED061A9DED050A20EE000AA1EE010A6D
:10CED00002F09EFB8DED040A0898FCF7A9FD02986C
:10CEE0008DED030AFFF748FF0298052181730121A8
:10CEF000C17307990161827B4BF6F041C2F2004198
:10CF000000910A70C27B4A70079A8A600269CA60FF
:10CF1000099A12680A61099A52684A61099A9268E4
:10CF20008A61089A9268CA61089AD2680A62089A65
:10CF300012694A62069A8A62059ACA62049A0A6368
:10CF4000039A4A63C26A0A65026B4A65406B886548
:10CF500000200B901CE00298006828B9FFE70299B6
:10CF6000086801300860FFE7029800680C2809DCB7
:10CF7000FFE70298012181730999FFF7E1FA002088
:10CF80000B9005E002980999FFF712FD0B90FFE75F
:10CF90000B980CB080BD000080B582B00190019864
:10CFA0000090FFF7E9FE009802B080BD000000008D
:10CFB00080B58AB003AA009209900891099801905F
:10CFC000002107910691059104910391ADF80A1093
:10CFD00000F022F9019890F8420020B9FFE701988B
:10CFE00000F05EF9BBE00198089902F085FB20B9DA
:10CFF000FFE7019800F054F9B1E0019802F0A4FBBA
:10D000000099019881ED040A90ED0E0A91ED041A41
:10D0100030EE410A81ED030A91ED031A90ED0F0AFB
:10D0200030EE010A80ED0F0A90ED060AB5EE400AD7
:10D03000F1EE10FA1ADDFFE701990098B1F91E2010
:10D0400000EE102AB8EEC00A91ED061A80EE010A31
:10D0500080ED000A91ED0F0A90ED001AF1EE410A01
:10D06000FBF7EAFB019880ED0F0AFFE700980199B2
:10D0700091ED040A91ED0E1A20EE010A80ED020AEC
:10D0800090ED020AB5EE400AF1EE10FA1BDDFFE763
:10D090000198009991ED020AB0F91C0001EE100A06
:10D0A000B8EEC11AB4EE410AF1EE10FA0BDAFFE75E
:10D0B00000980199B1F91C1000EE101AB8EEC00AE0
:10D0C00080ED020AFFE70099019891ED020A91EDC7
:10D0D000034A90ED053A90ED061A90ED0F2AA3EE63
:10D0E000040AA1EE020A81ED010A91ED010AB0F9EC
:10D0F0001E0001EE100AB8EEC11ADFED1A0AFBF7A6
:10D100009BFB009880ED010A90ED010AB6EE001A33
:10D1100030EE010ABDEEC00A10EE100AADF80A00AA
:10D12000BDF90A0001280DDBFFE70199BDF90A00EE
:10D13000B1F91C10884205DAFFE70198808BADF841
:10D140000A00FFE7019890F90A10BDF80A20514340
:10D15000A0F84010B0F9401000F006F8FFE70AB060
:10D1600080BD00BF0000000083B00290ADF8061043
:10D1700002980090006828B1FFE70098007A042820
:10D1800001DBFFE7FFE703B070470000000000008D
:10D1900081B00090009900208863C863A1F8400026
:10D1A00081F8420001B0704784B00390029101926F
:10D1B00003980090029808B9FFE718E000990298D8
:10D1C0000278407840EA0220888402988278C07809
:10D1D00040EA0220C88402980279407940EA02209D
:10D1E00008850198C862012081F83000FFE704B08B
:10D1F000704700000000000083B002908DF8071017
:10D200008DED000A02999DF8070081F83100009821
:10D21000486303B07047000082B00190019800900D
:10D22000417A90F83100884216D1FFE7009890EDDE
:10D230000D0AB5EE400AF1EE10FA0DDDFFE7009899
:10D24000012180F8421090ED030A90ED0D1A20EEB6
:10D25000010A80ED0E0A05E00099002081F84200E5
:10D260008863FFE702B0704782B001908DF8031029
:10D2700001999DF80300487202B070470000000059
:10D2800080B582B001900198002180F83010C184EF
:10D2900001858184C162FFF77BFF02B080BD000081
:10D2A00080B582B0019001980090FFF771FF00985F
:10D2B0000021FFF759FF02B080BD00000000000010
:10D2C00083B002900191ADF802208DF801300298F0
:10D2D00001990160BDF80210818040F2FF11C18008
:10D2E0009DF80110017200214172FF228272012219
:10D2F000C27242F27442C4F23912C2604FF07F52DD
:10D3000002614DF20A72C3F6A342426181614FF499
:10D310006172828340F6AC52C283322202628184FF
:10D32000C1840185C16280F8301080F831104163FA
:10D330008163C163A0F8401080F8421003B07047C9
:10D3400080B584B003908DED020ACDED010A0398FB
:10D350009DED020ADDED010A30EEC01A00F094F8EE
:10D3600004B080BD0000000082B0019001980090E0
:10D3700090ED0B0A90ED0E1AB4EE410AF1EE10FAA0
:10D3800004DDFFE70099886BC862FFE7009890ED25
:10D390000B0A90ED0E1AB1EE411AB4EE410AF1EE0D
:10D3A00010FA08DAFFE7009890ED0E0AB1EE400A95
:10D3B00080ED0B0AFFE702B070470000000000009C
:10D3C00081B00090009890ED0B2A90ED0C3A90ED12
:10D3D000100AB7EE001A31EE401A20EE030AA1EE51
:10D3E000020A80ED0B0A01B0704700000000000047
:10D3F00082B001900198009090ED080A90ED0F1A0C
:10D40000B4EE410AF1EE10FA04DDFFE70099C86BB3
:10D41000086215E0009890ED080A90ED0F1AB1EE41
:10D42000411AB4EE410AF1EE10FA08DAFFE700986B
:10D4300090ED0F0AB1EE400A80ED080AFFE7FFE722
:10D4400002B070470000000080B586B005908DEDF9
:10D45000040ACDED030A05980090DDED040ACDED38
:10D46000020A9DED030A8DED010AFAF74DFA0098C4
:10D47000DDED010AB0EE401A9DED020A00F004F85D
:10D4800006B080BD0000000080B586B005908DED2F
:10D49000040ACDED030A8DED021A05980190049956
:10D4A00001610399016000F1440140F6A840C2F215
:10D4B000004001F0EDFB019880ED120A02994161F4
:10D4C00090ED050A02F0C0F9019890ED0D1AB4EE46
:10D4D000410AF1EE10FA04DAFFE7019900204861F1
:10D4E000FFE7019890ED010A90ED051A20EE010A80
:10D4F00080ED070A90ED020A90ED052A90ED121AD0
:10D5000020EE020A20EE010A80ED0A0A90ED120ACE
:10D510009FED251AB4EE410AF1EE10FA12DDFFE795
:10D52000019890ED030A90ED052A90ED063A90EDF2
:10D53000121A32EE432A20EE020A80EE010A80ED32
:10D54000090A03E0019900204862FFE7019890ED85
:10D55000080A90ED0A1A30EE010A80ED080AFFF77A
:10D5600047FF019890ED070A90ED082A90ED091AFF
:10D5700030EE020A30EE010A80ED0B0A90F84C0002
:10D58000C00720B1FFE70198FFF71AFFFFE70198F6
:10D59000FFF7EAFE019841698161C16A016390ED7C
:10D5A0000B0A06B080BD00BFBD3786350000000005
:10D5B0008BB003AA0092024600980A9280ED060AF8
:10D5C000C0ED050A80ED041AC0ED031A80ED022AB1
:10D5D000C0ED012A80ED003A8DF80B100A990191F7
:10D5E00090ED000AB5EE400AF1EE10FA03DAFFE71B
:10D5F00000200390FFE7009890ED000AB7EE001AB4
:10D60000B4EE410AF1EE10FA04DDFFE74FF07E5070
:10D610000390FFE70199099888630898C863079801
:10D62000486306984860059888600498C860039825
:10D6300008649DF80B0081F84C0041F20400CEF222
:10D640000000006848640BB0704700000000000054
:10D6500080B582B00190019800905021E3F799F8CD
:10D66000009802B080BD000080B588B00790079890
:10D67000039041F20000C5F602004FF48041012200
:10D680000292EBF7B9FA40F20040C5F602000090B2
:10D690004FF48071019100220592EBF7ADFA0298E8
:10D6A000E9F7CAFE00980199029AEBF7A5FA0298E9
:10D6B000E9F7C2FE03984FF4054100F0B1F81920D4
:10D6C000E9F7BAFE029903980F2200F0E5F80398F3
:10D6D0000221F02200F0E0F803980522049211469E
:10D6E00000F0DAF80398049A062100F0D5F80398C0
:10D6F000049A072100F0D0F80398049A082100F05A
:10D70000CBF80A20E9F798FE05988DF81B00FFE793
:10D710000398012100F050F80F2818D0FFE7039874
:10D7200001210F2200F0B8F803980221F02200F046
:10D73000B3F83220E9F780FE9DF81B0001308DF828
:10D740001B00C0B20B2801DBFFE700E0E0E7039815
:10D750004FF4404100F064F80120E9F76DFE0398B2
:10D7600000F002F808B080BD80B588B00790079837
:10D77000029000220692059241F20000C5F60200D6
:10D7800004904FF480410391EBF736FA0298406C15
:10D790006A466421116006A905AA0423EFF7F0FD8B
:10D7A000039904980122EBF727FABDF8160040BA56
:10D7B00008B080BD0000000080B588B007908DF8EB
:10D7C0001B10079802909DF81B0040008DF8180070
:10D7D00000228DF819208DF81A208DF81620ADF84A
:10D7E000142041F20000C5F6020004904FF480417D
:10D7F0000391EBF701FA0298406C6A4664211160CC
:10D8000006A905AA0323EFF7BBFD0399049801229B
:10D81000EBF7F2F99DF8160008B080BD000000009B
:10D8200080B588B00790ADF81A10079803909DF85E
:10D830001B008DF81600BDF81A008DF817000022A5
:10D840008DF818208DF81920049241F20000C5F6D9
:10D85000020002904FF480410191EBF7CDF903985B
:10D86000406C6A46642111600DF1160104AA04237C
:10D87000EFF786FD019902980122EBF7BDF90399B4
:10D880009DF812209DF8130040EA0220A1F84800FC
:10D8900008B080BD0000000080B586B005908DF80E
:10D8A00013108DF81220059801909DF81300400088
:10D8B00001308DF810009DF812008DF8110041F232
:10D8C0000000C5F6020003904FF48041029100224F
:10D8D000EBF792F90198406C04A902226423EFF758
:10D8E0005BFB029903980122EBF786F906B080BD35
:10D8F00080B592B011901091119810994164002157
:10D900000C910D910E91ADF83C108DF83E100C9AD3
:10D910000D9BDDF838C0DDF83CE0C0F80CE0C0F845
:10D9200008C043600260089109910A91ADF82C107B
:10D930008DF82E10089A099BDDF828C0DDF82CE040
:10D94000C0F81CE0C0F818C0436102610491059161
:10D950000691ADF81C108DF81E10049A059BDDF899
:10D9600018C0DDF81CE0C0F82CE0C0F828C0436205
:10D970000262009101910291ADF80C108DF80E1029
:10D980000099019A029BDDF80CC0C0F83CC083638B
:10D9900042630163FFF768FE12B080BD0000000023
:10D9A00080B586B00590059801904FF44041FFF78F
:10D9B00037FF0198FFF7D8FE0199ADF81200BDF8C6
:10D9C00012000022F9F73CF901984FF44441FFF7A7
:10D9D00027FF0198FFF7C8FE0199ADF81000BDF8C8
:10D9E0001000103101220292F9F72AF901984FF440
:10D9F0004841FFF715FF0198FFF7B6FE0199ADF812
:10DA00000E00BDF80E0020310222F9F719F9019835
:10DA10004FF44C41FFF704FF0198FFF7A5FE019971
:10DA2000ADF80C00BDF80C0030310322F9F708F90D
:10DA3000019902988873887781F82E0081F83E005A
:10DA400006B080BD0000000081B000900098006426
:10DA50000021A0F8481001B070470000000000004D
:10DA600082B001900198006800909DED000A02B01C
:10DA7000704700000000000080B584B00390029160
:10DA800003980190029900F00FF801980299133160
:10DA900000F00AF801980299263100F005F804B068
:10DAA00080BD00000000000080B586B004900391A6
:10DAB000049801900398007855280AD1FFE703984D
:10DAC0004078AA2805D1FFE70398807C0A2803D074
:10DAD000FFE7012005906DE00398102100F070F839
:10DAE000ADF80A000399087C497C40EA0120ADF8B2
:10DAF0000800BDF80A00BDF80810884203D0FFE70F
:10DB00000220059056E00398C07801460091012854
:10DB100008D0FFE7009802281AD0FFE700980328F2
:10DB20002CD041E003980430FFF79AFF019880ED74
:10DB3000230A03980830FFF793FF019880ED240A29
:10DB400003980C30FFF78CFF019880ED250A2EE03A
:10DB500003980430FFF784FF019880ED200A0398B2
:10DB60000830FFF77DFF019880ED210A03980C3003
:10DB7000FFF776FF019880ED220A18E00398043041
:10DB8000FFF76EFF019880ED1E0A03980830FFF73B
:10DB900067FF019880ED1D0A03980C30FFF760FFC6
:10DBA000019880ED1F0A02E00320059002E00020AA
:10DBB0000590FFE7059806B080BD0000000000005A
:10DBC00084B00390ADF80A104FF6FF70ADF808006E
:10DBD00000200190FFE70198BDF80A1088421BD28F
:10DBE000FFE79DF809000399019A895C48408DF888
:10DBF0000300BDF808109DF8032044F66410C0F639
:10DC0000020030F8120080EA4100ADF80800FFE79A
:10DC1000019801300190DEE7BDF8080004B07047BC
:10DC200080B582B001900198009074303821E2F7FD
:10DC3000B0FD00987221E2F7ACFD009802B080BD03
:10DC400082B001900198009090F84C00C00738B164
:10DC5000FFE70099002048628862C86208633BE0E1
:10DC60000098B0F93A1000EE101AB8EEC00A9FED15
:10DC70001B1A80EE010AB0EE042A20EE020A80EDA3
:10DC8000090AB0F9381000EE101AB8EEC00A80EE9A
:10DC9000010AB8EE042A20EE020A80ED0A0AB0F961
:10DCA000341000EE101AB8EEC00A80EE010AB0EE91
:10DCB000082A20EE020A80ED0B0AB0F9361000EEB9
:10DCC000101AB8EEC00A80EE010AB6EE001A20EE75
:10DCD000010A80ED0C0AFFE702B0704700002544FE
:10DCE00081B0009000990020C8638863486348644D
:10DCF0000864A1F848000863C86288624862A1F815
:10DD00004A00012081F84C0001B07047000000007B
:10DD100083B0029002980190B0F84A00322812D8DD
:10DD2000FFE7019900200090C86388634863486456
:10DD30000864A1F848000863C8628862486201204C
:10DD400081F84C000CE00198B0F84A0038B1FFE7C8
:10DD50000199B1F84A000138A1F84A00FFE7FFE74E
:10DD600003B070470000000080B584B003900291BA
:10DD700003980190029808B9FFE781E00198029AA0
:10DD80001178527841EA02216FF3DF218186029AED
:10DD900051789278C90841EA42116FF3DF21C186B8
:10DDA000029A9178D3781279890941EA830141EA8C
:10DDB00082216FF3DF210187029A11795279490894
:10DDC00041EAC2116FF3DF214187029A117C527C34
:10DDD00041EA02216FF3DF21818702994979C1F37A
:10DDE000011180F83E1002994979890980F83F10A5
:10DDF000029A9179D27941EA0221A0F84010029A60
:10DE0000117A527A41EA0221A0F84210029A917ADC
:10DE1000D27A41EA0221A0F844100299097B80F8E5
:10DE200046100299497B80F84710029A917BD27B79
:10DE300041EA0221A0F84810818E01F099FC0146C8
:10DE400001988186C18E01F093FC01460198C1863C
:10DE5000018F01F08DFC014601980187418F01F08F
:10DE600087FC014601984187818F01F081FC01996F
:10DE70008887FA20A1F84A00002081F84C00FFE7CB
:10DE800004B080BD0000000080B582B00190019810
:10DE90000090FFF725FF0098FA21A0F84A10012111
:10DEA00080F84C1002B080BD81B000900099302005
:10DEB000087048708870C87008710020487101B0FF
:10DEC000704700000000000080B582B0019001980A
:10DED0000090FFF7E9FF009802B080BD000000004D
:10DEE00080B584B003900291039845F2C061C2F2FC
:10DEF00000410A1D009201F12C0301934021E9F732
:10DF000077FC0099019A0398E6F7CEF8039846F259
:10DF10008C11C2F20041884209D1FFE745F2C0618D
:10DF2000C2F20041081D2C3100F046F8FFE70398CB
:10DF300046F2CC21C2F20041884209D1FFE745F206
:10DF4000C061C2F20041081D2C3100F069F8FFE702
:10DF500004B080BD0000000080B582B00190009147
:10DF6000019845F2F461C2F200410A1D01F12C034F
:10DF70004121E9F73DFC019846F22C21C2F2004113
:10DF8000884209D1FFE745F2F461C2F20041081D61
:10DF90002C3100F021F8FFE702B080BD0000000046
:10DFA00080B582B0019001990A4652F8280B0431DD
:10DFB000E9F7E6FA02B080BD80B582B00190009129
:10DFC000009945F2C060C2F20040FCF745F902B08A
:10DFD00080BD00000000000080B586B0059004916F
:10DFE00044F2A030C2F2004003900290B0300190A1
:10DFF000FFE70298019988420ED0FFE7029800904F
:10E00000009845F2F461C2F2004100F065FEFFE7BE
:10E0100002982C300290ECE706B080BD00000000B2
:10E0200080B582B00190009101980099FCF760FFE3
:10E0300002B080BD0000000080B590B000200690C6
:10E0400008900990022104910A91012105910B91F8
:10E050000C900D9046F28C10C2F20040019008A97D
:10E060000391E9F7FDFA049A069B019869460B6053
:10E070001146E9F781FB0599069A0198E9F700FA3C
:10E080000198EAF779FB0399049A06984FF08043C8
:10E09000089309900A920B920C900D9046F22C2056
:10E0A000C2F200400290E9F7DBFA049A069B02985C
:10E0B00069460B601146E9F75FFB069A029810214A
:10E0C000E9F7DEF90298EAF757FB0399049B059AF2
:10E0D0000698089009900A930B920C900D9046F2C6
:10E0E000CC20C2F200400790E9F7BAFA0499069BE7
:10E0F00007986A4613601A46E9F73EFB0599069AA7
:10E100000798E9F7BDF90798EAF736FB10B080BD2C
:10E1100080B582B00190019800F002F802B080BD95
:10E1200081B00090009900200870487088704860A5
:10E130000872C86008754875086188758861C8618B
:10E140000862486240F23402C2F2004212688A62F7
:10E1500040F23002C2F200421268CA62086381F8DB
:10E16000340001B07047000083B002908DED010AC9
:10E17000CDED000A9DED010A9DED001AB4EE410AB5
:10E18000F1EE10FA03DDFFE700980190FFE79DED47
:10E19000010A9DED001AB1EE411AB4EE410AF1EE0A
:10E1A00010FA07DAFFE79DED000AB1EE400A8DEDA7
:10E1B000010AFFE79DED010A03B07047000000006F
:10E1C00081B0009000990120087001B070470000F4
:10E1D00080B588B006908DED050ACDED040A8DED71
:10E1E000031A069801909DED050AB5EE400AF1EE7E
:10E1F00010FA10D0FFE79DED040AB5EE400AF1EEEB
:10E2000010FA08DDFFE79DED030AB5EE400AF1EED6
:10E2100010FA03DCFFE70020079026E09DED050AD9
:10E22000B0EEC00A30EE000A9DED041A20EE010A9D
:10E2300005F050FF8DED020A9DED050AB5EE400A8E
:10E24000F1EE10FA07DAFFE79DED020AB1EE400A9F
:10E250008DED020AFFE701989DED020ADDED030A4C
:10E26000FFF782FF8DED070AFFE79DED070A08B073
:10E2700080BD00000000000082B001900091019973
:10E280000098886102B0704784B003908DED020A57
:10E29000CDED010A8DED001A03990298C86101982D
:10E2A00008620098486204B0704700000000000057
:10E2B00084B002908DF80710029800909DF8070036
:10E2C00030B9FFE70099002008758DF80F001CE0B9
:10E2D0000098007D40F24001C2F200410978884276
:10E2E00005DAFFE70099087D01300875FFE700981F
:10E2F000017D40F24000C2F20040027800209142CD
:10E30000A8BF01208DF80F00FFE79DF80F0004B0B3
:10E31000704700000000000080B594B00AAA079280
:10E3200013901398089045F66C11C2F2004191EDDC
:10E33000010ABCEEC00A82ED080A897B8DF84710FD
:10E34000007820B9FFE70898FFF7EAFE1EE3089877
:10E350004078B0B9FFE708988069012805D0FFE749
:10E3600008988069022804D1FFE708990020887581
:10E3700003E0089901208875FFE70899012048709B
:10E38000FFE708984078013801460691042800F21A
:10E39000F9820699DFE811F00500F6025E002B0114
:10E3A000EB020899012008728870002048609DF8EF
:10E3B000470060B3FFE70898079991ED080AB8EEA7
:10E3C000400A40F23C02C2F2004292ED001AB8EE5E
:10E3D000411A30EE410A9FEDDA1A20EE010A81ED72
:10E3E000060A91ED060A40F24401C2F20041D1ED65
:10E3F000000A40F22401C2F2004191ED001AFFF739
:10E40000E7FE089981ED040A0020C860FFE79DF847
:10E4100047100020059061B1FFE7129940F23C00DF
:10E42000C2F2004002680020914298BF012005908E
:10E43000FFE70898059901F00101FFF739FF40B1A6
:10E44000FFE7089900200861C8600875032048703C
:10E45000FFE79BE208980121017200210161C16080
:10E4600002218170807D002845D0FFE70898079938
:10E4700090ED080A4BF61842C2F2004292ED011AE2
:10E4800030EE410A81ED050A91ED050A40F248019E
:10E49000C2F20041D1ED000A40F22801C2F200416F
:10E4A00091ED001AFFF794FE0799089880ED010A94
:10E4B00091ED050AB0EEC00A9FEDA21A0021B4EE5C
:10E4C000410AF1EE10FAB8BF0121FFF7F1FE88B161
:10E4D000FFE708990120887000204860087546F61B
:10E4E0004862C2F2004292690A6381F83400042053
:10E4F0004870FFE77AE09DF8470090B1FFE7129877
:10E5000040F22C01C2F200410968884209D9FFE7B4
:10E510000898407D012804D0FFE70899012048753C
:10E52000FFE79DF8470078B3FFE70898407D012892
:10E530002AD1FFE70898079991ED080AB8EE400A3A
:10E5400040F22C02C2F2004292ED001AB8EE411ADB
:10E5500030EE410A9FED7A1A20EE010A81ED040A9D
:10E5600091ED040A40F24801C2F20041D1ED000AE7
:10E5700040F22801C2F2004191ED001AFFF728FE97
:10E58000089880ED010AFFE70898417D002004907B
:10E5900091B1FFE79DF847100020049061B1FFE7BB
:10E5A000129940F22C00C2F2004002680020914211
:10E5B00098BF01200490FFE70898049901F0010139
:10E5C000FFF776FE88B1FFE70899012088700020E8
:10E5D0004860087546F64862C2F2004292690A63D2
:10E5E00081F8340004204870FFE7FFE7CEE1089887
:10E5F00001210172817000214160807D002800F0BE
:10E600008880FFE70799089890ED070A4BF61842B3
:10E61000C2F2004292ED011A30EE410A81ED030A86
:10E6200090ED090A92ED021A30EE410A81ED020ADC
:10E6300091ED030A40F24401C2F200410191D1ED93
:10E64000000A40F22401C2F20041029191ED001A49
:10E65000FFF7BEFD019A02990898079B80ED040A16
:10E6600093ED020AD2ED000A91ED001AFFF7B0FD1A
:10E670000899079881ED030A90ED030AB0EEC00AED
:10E6800000209FEDC51AB4EE410AF1EE10FA039096
:10E690002EDAFFE7079890ED020AB0EEC00A0020DC
:10E6A0009FEDBD1AB4EE410AF1EE10FA03901FDAA5
:10E6B000FFE7089890ED040AB0EEC00A00209FED35
:10E6C000B71AB4EE410AF1EE10FA039010DAFFE740
:10E6D000089890ED030AB0EEC00A9FEDB01A002032
:10E6E000B4EE410AF1EE10FAB8BF01200390FFE743
:10E6F0000898039901F00101FFF7DAFD40B1FFE747
:10E70000089900200861C860087505204870FFE777
:10E710002CE1089890F83400D8B9FFE7089946F63C
:10E720004860C2F200408069096B884211D0FFE75F
:10E7300046F64860C2F20040407D012809D103E05E
:10E740006F12833ACDCC4C3D0899012081F83400FA
:10E75000FFE79DF84700002800F00281FFE70898D6
:10E7600090F83400002800F0FB80FFE70898079934
:10E7700091ED080AB8EE400A40F23802C2F20042B7
:10E78000128801EE102AB8EE411A30EE410A9FEDD0
:10E79000801A20EE010A81ED010A91ED010A40F292
:10E7A0004401C2F20041D1ED000A40F22401C2F25C
:10E7B000004191ED001AFFF70BFD089880ED040A67
:10E7C00000200A908DF8270045F66C10C2F2004038
:10E7D000807F38B3FFE7089845F66C11C2F200411C
:10E7E00091ED050A90ED0B1AB8EE411AB4EE410A0C
:10E7F000F1EE10FA16DAFFE70798089945F66C1261
:10E80000C2F2004292ED050A91ED0A1A30EE410A79
:10E810009FED5F1A20EE010A80ED000A01208DF8BD
:10E8200027002FE045F66C10C2F2004090F82E0051
:10E8300038B3FFE7089845F66C11C2F2004191ED3C
:10E84000090A90ED0B1AB8EE411AB4EE410AF1EE46
:10E8500010FA16DAFFE70798089991ED0A0A45F6CB
:10E860006C11C2F2004191ED091A30EE410A9FEDA0
:10E87000481A20EE010A80ED000A01208DF82700D9
:10E88000FFE7FFE79DF82700B0B1FFE70898079979
:10E8900091ED000A40F24401C2F20041D1ED000ABC
:10E8A00040F22401C2F2004191ED001AFFF790FC02
:10E8B000089880ED030A03E008990020C860FFE78C
:10E8C0009DF8471000200090C9B3FFE7129940F26D
:10E8D0003800C2F20040008800F10A020020914294
:10E8E00000902CD8FFE7129940F23800C2F20040A5
:10E8F0000088A0F10A020020914200901FD3FFE798
:10E90000089890ED030AB0EEC00A00209FED211A8E
:10E91000B4EE410AF1EE10FA009010DAFFE7089821
:10E9200090ED040AB0EEC00A9FED1A1A0020B4EE72
:10E93000410AF1EE10FAB8BF01200090FFE70898F5
:10E94000009901F00101FFF7B3FC40B1FFE708991E
:10E9500000200861C860087505204870FFE704E0E2
:10E96000089900200861C860FFE70FE00EE00899F1
:10E970000020087201228A7048600861C8608875AA
:10E98000487503E00898FFF7CBFBFFE714B080BDA4
:10E990006F12833ACDCCCC3DCDCC4C3DCDCC4C3E52
:10E9A00080B582B0019001980090FFF7B9FB009804
:10E9B00002B080BD0000000080B582B001900199D6
:10E9C00047F60410C2F20040FCF7DEFD38B1FFE765
:10E9D00047F60410C2F20040FDF776F90FE0019906
:10E9E00047F61810C2F20040FCF7CEFD38B1FFE741
:10E9F00047F61810C2F20040FDF766F9FFE702B0D3
:10EA000080BD00000000000080B582B00190ADF82C
:10EA10000210019947F60410C2F20040FCF7B4FD61
:10EA200048B1FFE7BDF8021047F60410C2F20040FB
:10EA3000FCF7C2FD17E0019947F61810C2F200403A
:10EA4000FCF7A2FD48B1FFE7BDF8021047F6181029
:10EA5000C2F20040FCF7B0FD05E00198BDF80210DD
:10EA6000E4F71EFAFFE702B080BD000000000000DE
:10EA700080B582B047F24130C0F601006946486077
:10EA80003920086045F6C002C2F2004202F13903A3
:10EA900047F60410C2F2004046F64C21C2F2004193
:10EAA000FDF73AFC47F27130C0F601006946486054
:10EAB0001220086047F6AC02C2F2004202F11203D3
:10EAC00047F61810C2F2004046F67431C2F2004117
:10EAD000FDF722FC02B080BD80B582B001900198A4
:10EAE000009000F01DF8009890ED000AB8EE400A82
:10EAF000818801EE101AB8EE411A9FED072AA1EEA7
:10EB0000020AC08801EE100AB8EE411A9FED032AEE
:10EB1000A1EE020A02B080BD6F12833ABD3786357E
:10EB2000B0B58EB00D900D98019041F20401CEF277
:10EB3000000109680C9100F08FF801994A690C985E
:10EB40004A6208628A68086A496A00230093E1F70A
:10EB5000BFFC009B019A0B910A909468116A506A5D
:10EB6000DDF828E0DDF82CC0AEFB04E50CFB045C0E
:10EB7000B1EB0E0160EB0C0008910990089809991F
:10EB8000D268E1F7A5FC009B019A079106900899CD
:10EB90000998DDF818E0DDF81CC0D468AEFB04E588
:10EBA0000CFB045CB1EB0E0160EB0C0004910590D2
:10EBB000049805991269E1F78BFC0A4601990392C2
:10EBC00002900A980860BDF818008880BDF8080017
:10EBD000C8800EB0B0BD000082B0019000910199D4
:10EBE0004EF6FC52CEF20002106840F080701060C9
:10EBF00041F20402CEF200020020106041F2000C4B
:10EC0000CEF2000CDCF8003043F00103CCF8003009
:10EC1000009B44F2402CC0F20F0C03FB0CF38B6002
:10EC20008B6844F6D35CC1F2620CA3FB0CC39B0956
:10EC3000CB608B684DF6836CC4F21B3CA3FB0CC30A
:10EC40009B0C0B61486112688A6148620862086027
:10EC50008880C88002B0704783B00290029900910A
:10EC600041F20400CEF20000006801900198896929
:10EC7000884205D2FFE70099486901304861FFE703
:10EC800000990198886103B07047000000000000FF
:10EC900080B584B003900291039841F20401CEF252
:10ECA0000001096801910199029A1268891A00EE1F
:10ECB000101AB8EE400A90ED021AB8EE411A80EE32
:10ECC000010A8DED000A0199029A1160FFF7C4FF55
:10ECD0009DED000A04B080BD89B0089007910899A5
:10ECE000019107984068069006988DF817000698DD
:10ECF000000A8DF816009DF8170091F82810884238
:10ED000001D0FFE7BCE007982C3004909DF8160076
:10ED10000938C0B201460091122800F2B080009973
:10ED2000DFE801F00AADADADAD626364ADADADAD90
:10ED3000ADADADADADADAC0004980078FF281CD1F1
:10ED4000FFE704984078FF2817D1FFE7019804995E
:10ED50008A78C97882F0FF0281F0FF0141EA02213E
:10ED600000EE101AB8EEC00A8DED030A9DED030AFD
:10ED7000B1EE400A80ED000A0AE001980499498842
:10ED800049BA00EE101AB8EEC00A80ED000AFFE79B
:10ED9000019991ED000AB2EE0C1A80EE010A81EDA4
:10EDA000010A04980279407940EA022000B200EE9C
:10EDB000100AB8EEC00AB2EE041A80EE010A81ED24
:10EDC000030A04988279C07940EA022000B200EE7A
:10EDD000100AB8EEC00A9FED2F1A80EE010A81EDED
:10EDE000020A886808624BE04AE049E0019801693C
:10EDF000416104998A79C97941EA022109B200EE98
:10EE0000101AB8EEC00A9FED1F1A80EE010A80EDBD
:10EE1000040A90ED040A90ED051A30EE410A8DEDDA
:10EE2000020A9DED020A9FED181AB4EE410AF1EEB6
:10EE300010FA05DAFFE701998869013088610FE06F
:10EE40009DED020A9FED111AB4EE410AF1EE10FA9F
:10EE500005DDFFE70199886901388861FFE7FFE771
:10EE6000019890ED040A90ED061AB8EEC11A9FEDD4
:10EE7000082AA1EE020A80ED070A01E000E0FFE7A0
:10EE800009B0704700004842000034C3000034431A
:10EE90000000B44300007A4482B0019000919DF8D4
:10EEA000070000990870BDF80600009948700198A5
:10EEB000000A0099887001980099C87002B07047E4
:10EEC00083B002900191ADF8022002990198486246
:10EED000BDF80200088503B0704700000000000084
:10EEE00080B588B0079006910798019000200590A2
:10EEF00004900698C0EBC00040000390039804A95A
:10EF00000291FFF7C9FF0198029A032100F004F86B
:10EF100008B080BD0000000080B586B005908DF877
:10EF2000131003920598019000210291406A46F265
:10EF30008C11C2F20041884206D1FFE740F238301E
:10EF4000C2F20040029020E00198406A46F22C2173
:10EF5000C2F20041884206D1FFE740F26830C2F2B7
:10EF60000040029010E00198406A46F2CC21C2F2C3
:10EF70000041884206D1FFE740F29830C2F20040DB
:10EF8000029000E028E0FFE7FFE70199029A4FF0C6
:10EF900080409060029A0020D060029B08221A6193
:10EFA00091F828109DF8132041EA0221029A51603D
:10EFB00002994861029988610299C86102990862C0
:10EFC000029948620299039A10685268CA6288627C
:10EFD0000298FEF7E5FFFFE706B080BD00000000E5
:10EFE00080B582B0019001980090F9F78DF90098F2
:10EFF00000214162018502B080BD000000000000D8
:10F0000081B000904BF61840C2F2004090ED010A2A
:10F010009FED021A20EE010A01B0704700007A4409
:10F0200081B000904BF61840C2F2004090ED020A09
:10F030009FED021A20EE010A01B0704700007A44E9
:10F0400084B003908DED020A03980190007830B1EE
:10F05000FFE7019890ED010A8DED000A04E09DEDB7
:10F06000020A8DED000AFFE79DED000A04B070472B
:10F0700084B003908DED020A03980190007830B1BE
:10F08000FFE7019890ED020A8DED000A04E09DED86
:10F09000020A8DED000AFFE79DED000A04B07047FB
:10F0A00084B003908DED020A03980190007830B18E
:10F0B000FFE7019890ED030A8DED000A04E09DED55
:10F0C000020A8DED000AFFE79DED000A04B07047CB
:10F0D00081B000904BF61840C2F2004090ED030A58
:10F0E00001B070470000000081B0009000980078E7
:10F0F00001B070470000000080B58AB0029009910D
:10F10000099900912421E1F744FB0098FFF7E0FF03
:10F11000009890ED061A30EE410A8DED080A9DED3B
:10F12000080A9FED321A20EE010AFAF7B5F88DEDC4
:10F13000070A9DED070A04F05DFE8DED060A9DEDC0
:10F14000070A04F0FFFE00988DED050A46F60471EB
:10F15000C2F20041019191ED070A9FED251A20EEC0
:10F16000010A8DED040A91ED080A20EE010A8DEDE9
:10F17000030AFFF745FF0098029990ED041A30EE5C
:10F18000410A81ED000AFFF74BFF009A01980299AE
:10F1900092ED051A30EE410A81ED010A079A8A6064
:10F1A000089ACA60049A0A61039A4A619DED061A98
:10F1B0009DED042A9DED050A9DED033A20EE030A1C
:10F1C00091EE020A81ED060A9DED051A9DED042AD5
:10F1D0009DED060A9DED033A20EE030AA1EE020A18
:10F1E00081ED070A406A08620AB080BD35FA8E3C9C
:10F1F00000007A440000000081B00090009890ED7B
:10F20000010A01B07047000080B582B001908DF80E
:10F2100003108DF80220019800789DF802209DF8D7
:10F22000031001F0010102F00102E4F715FC02B045
:10F2300080BD00000000000081B000900098807840
:10F2400001B070470000000084B003908DED020A09
:10F2500003989DED020A90ED062A90ED071A9FEDA6
:10F26000123A22EE032A80EE020A20EE010A8DED08
:10F27000010A9DED010AB5EE400AF1EE10FA05DD36
:10F28000FFE79DED010A8DED000A04E09FED070AFE
:10F290008DED000AFFE79DED000ABCEEC00A10EEFE
:10F2A000100A04B0704700BFDB0F494000000000A7
:10F2B000B0B58EB00DF1280CCDF810C08C46049975
:10F2C00086461298CDF834E08DF833C0ADF8302082
:10F2D0008DF82F3081ED000A8DF827000D98027807
:10F2E00008929DF833200592BDF8302006929DF8D3
:10F2F0002F20079291ED000AFFF7A6FF0599069AC5
:10F30000079B844608989DF82740EE460025CEF8D6
:10F310000850CEF80440CEF800C0E4F73DFC0EB033
:10F32000B0BD00000000000080B584B003908DF8EF
:10F330000B10039B93ED010AB6EE001A30EE010AA2
:10F34000BCEEC00A10EE100AADF80800BDF80820A7
:10F3500018789978DB789DF80BC00CF0010CEE461C
:10F36000CEF800C0E4F774FC04B080BD00000000DB
:10F3700080B582B0019001980078E4F751FC02B0AA
:10F3800080BD00000000000081B000900098B0F93E
:10F39000100001B07047000087B0059005980290FA
:10F3A00090ED0B0AB5EE400AF1EE10FA08DAFFE72D
:10F3B000029890ED0B0AB1EE400A8DED010A05E0CE
:10F3C000029890ED0B0A8DED010AFFE702989DED82
:10F3D000010A8DED040A90ED0C0AB5EE400AF1EE3B
:10F3E00010FA08DAFFE7029890ED0C0AB1EE400A35
:10F3F0008DED000A05E0029890ED0C0A8DED000AF3
:10F40000FFE702989DED000A8DED030A9DED040AC9
:10F4100090ED041AB4EE410AF1EE10FA04DDFFE7B4
:10F4200000208DF81B0042E002989DED030A90ED4C
:10F43000051AB4EE410AF1EE10FA04DDFFE70020F0
:10F440008DF81B0033E046F60470C2F2004090EDE8
:10F45000070AB0EEC00A40F2A410C2F2004090EDDC
:10F46000001AB4EE410AF1EE10FA04DDFFE70020C5
:10F470008DF81B001BE046F60470C2F2004090EDD0
:10F48000080AB0EEC00A40F2A410C2F2004090EDAB
:10F49000001AB4EE410AF1EE10FA04DDFFE7002095
:10F4A0008DF81B0003E001208DF81B00FFE79DF89D
:10F4B0001B0007B07047000084B002908DED010A78
:10F4C0000298009090F8380018B9FFE7019803906F
:10F4D00003E00098006C0390FFE79DED030A04B081
:10F4E000704700000000000084B002908DED010A1A
:10F4F0000298009090F8380018B9FFE7019803903F
:10F5000003E00098406C0390FFE79DED030A04B010
:10F51000704700000000000082B001908DED000AED
:10F520009DED000A02B0704780B582B0019001984D
:10F530000090E9F779FB00998A69C96B411A0020AC
:10F54000914228BF012002B080BD000000000000F1
:10F5500080B584B002908DED010A9DED010A9FED0A
:10F560000E1AB4EE410AF1EE10FA03DCFFE70020B8
:10F5700003900CE09DED010A04F0ACFDB0EE401AE2
:10F58000B7EE000A80EE010A8DED030AFFE79DED5C
:10F59000030A04B080BD00BFBD37863500000000FF
:10F5A00082B001908DED000AFFE79DED000A9FED0E
:10F5B000141AB4EE410AF1EE10FA09DDFFE79DEDF1
:10F5C000000A9FED121A30EE010A8DED000AECE7F9
:10F5D000FFE79DED000A9FED0B1AB4EE410AF1EE34
:10F5E00010FA09DAFFE79DED000A9FED071A30EEE9
:10F5F000010A8DED000AECE79DED000A02B07047AC
:10F60000DB0F4940DB0F49C0DB0FC940DB0FC9C02E
:10F6100080B584B002908DED010A9DED010AB5EE32
:10F62000400AF1EE10FA03DCFFE70020039006E049
:10F630009DED010A04F04EFD8DED030AFFE79DEDFF
:10F64000030A04B080BD000081B0009000982C3007
:10F6500001B070470000000080B588B007900691A7
:10F660000592079800900698FAF7E2F98DED040AE2
:10F67000069890ED000AB5EE400AF1EE10FA0AD1B4
:10F68000FFE7069890ED010AB5EE400AF1EE10FA98
:10F6900001D1FFE7FFE70098069991ED020A05996D
:10F6A00091ED001A30EE410A8DED030A069991EDB5
:10F6B000030A059991ED011A30EE410A8DED020A17
:10F6C0009DED031A9DED020A20EE000AA1EE010A4B
:10F6D000FFF79EFF8DED010A9DED010A9DED041AD5
:10F6E0000020B4EE410AF1EE10FAC8BF012008B0C4
:10F6F00080BD00000000000084B0029001910298DB
:10F70000009090F8300020B9FFE700208DF80F003E
:10F710000BE0009901980A6AC96A411A00209142D7
:10F7200098BF01208DF80F00FFE79DF80F0004B08F
:10F73000704700000000000081B000900098B0F910
:10F74000400001B07047000081B00090009890F92F
:10F750000B1000EE101AB8EEC00AB0F9260001EE48
:10F76000100AB8EEC11A20EE010A01B0704700007D
:10F7700082B00190ADF80210BDF80200A0F58060E3
:10F7800000B202B07047000084B002908DF80710FC
:10F7900002980090407828B9FFE79DF807008DF89F
:10F7A0000F0004E0009880788DF80F00FFE79DF8C7
:10F7B0000F0004B07047000081B0009000984078BE
:10F7C0000538B0FA80F0400901B070470000000031
:10F7D00084B002908DED010A02980090007A18B969
:10F7E000FFE70198039003E0009800690390FFE7AA
:10F7F0009DED030A04B0704784B002908DED010ABC
:10F8000002980090007A18B9FFE70198039003E08E
:10F810000098C0680390FFE79DED030A04B07047AD
:10F8200084B002908DED010A02980090407818B9DA
:10F83000FFE70198039003E0009840680390FFE71A
:10F840009DED030A04B0704781B08DED000A9DED77
:10F85000000AB0EEC00A01B07047000000000000CE
:10F8600081B0ADF80200BDF9020000280ED4FFE718
:10F87000BDF9021001F01F02012090404A094EF22A
:10F880000011CEF2000141F82200FFE701B07047FD
:10F890004EF60C50CEF200000068C0F30220704714
:10F8A00082B0ADF806000091BDF9060000280AD428
:10F8B000FFE700980001BDF906104EF20042CEF2BB
:10F8C000000288540BE000980001BDF8061001F01A
:10F8D0000F014EF61452CEF200028854FFE702B038
:10F8E000704700000000000082B0ADF806000091F3
:10F8F000BDF9060000280AD4FFE700980001BDF911
:10F9000006104EF20042CEF2000288540BE000983E
:10F910000001BDF8061001F00F014EF61452CEF2B0
:10F9200000028854FFE702B07047000000000000AA
:10F9300083B00290029800F0070000904EF60C5140
:10F94000CEF200010868019001984FF6FF021040C6
:10F9500001900198009A40EA02200022C0F2FA5277
:10F96000104301900198086003B070470000000048
:10F9700080B546F60470C2F20040F8F741FF80BD42
:10F9800080B547F60410C2F20040FCF7CDFD80BD03
:10F9900080B545F6C000C2F20040FEF741F980BDD7
:10F9A00080B547F2F400C2F20040FDF751FE80BD81
:10F9B00080B547F24420C2F20040FDF749FE80BD09
:10F9C00080B547F6FC00C2F20040F8F791FC80BD1C
:10F9D00080B545F27850C2F20040F9F7A9F880BD31
:10F9E00080B542F2FC60C2F2004001210022B7EE75
:10F9F000000ADFED040AB3EE021ADFED031AFAF78C
:10FA0000C7F980BD0000000000004845000000006C
:10FA100080B545F6C010C2F2004046F2CC21C2F2D9
:10FA2000004140F207220223FDF74AFC80BD00009E
:10FA300080B545F60820C2F2004046F2CC21C2F261
:10FA4000004101220023FBF727FD80BD00000000DC
:10FA500080B547F6AC00C2F20040FEF715FA80BD53
:10FA600080B546F6C450C2F20040FAF7F5F880BD02
:10FA700080B582B044F2A030C2F200400190FFE7AE
:10FA800001980090FFF7ACFA009800F12C010846AD
:10FA900044F2A032C2F20042B03291420190EFD162
:10FAA000FFE702B080BD000080B545F66C10C2F2E1
:10FAB0000040FDF7C9FF80BD80B546F61060C2F278
:10FAC0000040FEF76DFF80BD80B54BF6B840C2F236
:10FAD0000040FDF761FA80BD80B545F29870C2F232
:10FAE0000040FEF7F1F980BD80B547F61810C2F26C
:10FAF0000040FCF719FD80BD80B547F24810C2F206
:10FB00000040FDF7A5FD80BD80B547F29820C2F208
:10FB10000040FDF79DFD80BD80B547F62C10C2F278
:10FB20000040FCF701FD80BD80B547F29C10C2F299
:10FB30000040FDF78DFD80BD80B546F6A470C2F291
:10FB40000040FDF785FD80BD80B547F2F010C2F2A0
:10FB50000040FDF77DFD80BD80B546F65070C2F2D5
:10FB60000040FDF775FD80BD80B547F24C00C2F244
:10FB70000040FDF76DFD80BD80B546F6F870C2F21D
:10FB80000040FDF765FD80BD80B547F2A000C2F2E0
:10FB90000040FDF75DFD80BD80B547F2EC20C2F26C
:10FBA0000040FDF755FD80BD80B5A0B017A90891B4
:10FBB0001F90FEF741FAFEF75BFF40F6A840C2F245
:10FBC00000404FF4F071FFF707F8F7F7A9F944F296
:10FBD000A030C2F20040099046F22C21C2F200414E
:10FBE0000A915B22FFF76CF909980A992C30672279
:10FBF000FFF766F909980A9958307922FFF760F9FA
:10FC000009980A9984305022FFF75AF940F600000B
:10FC1000C5F602000B904FF4004101220C92E8F768
:10FC2000EBFF0B980C9A4FF480410D91E8F7E4FF3D
:10FC30000B980C9A4FF40051E8F7DEFF0D9941F252
:10FC40000000C5F602000022E8F7D6FFC82000F049
:10FC5000EBFBFFE745F6B810C2F200400088012830
:10FC600009D1FFE740F20040C5F602001021012251
:10FC7000E8F7C2FF11E045F6B810C2F20040008874
:10FC8000022809D1FFE740F20040C5F6020010212A
:10FC90000022E8F7B1FFFFE7FFE747F6AC00C2F24A
:10FCA00000400790FEF734F80798FDF7C9FF0020E1
:10FCB0008DF87B00FFE79DF87B00032818DCFFE749
:10FCC0009DF87B2044F2A031C2F200412C2012FBAF
:10FCD0000010406846F60471C2F2004101EB820157
:10FCE0008862FFE79DF87B0001308DF87B00E2E73A
:10FCF00046F60470C2F20040F8F73EFC00201D906A
:10FD00004BF61840C2F2004090ED030A4BF66C60CF
:10FD1000C2F20040D0ED000A47F2EC20C2F20040EF
:10FD2000FDF792FB0898B1EE400A80ED060A47F60F
:10FD3000AC00C2F20040416A1C91806A1B901D9881
:10FD40001A90F6F7F9F80590F0F70EFD01460598C0
:10FD5000F7F722FE8DF867009DF8670001460691CF
:10FD600001281FD0FFE70698022804D0FFE7069875
:10FD7000032835D039E0089890ED050AF6F7ACF87D
:10FD8000089880ED050A90ED040AF6F7B5F8089892
:10FD900080ED040A90ED030AF6F7BEF8089880EDAE
:10FDA000030A23E0089890ED050A46F6A860C2F21F
:10FDB00000400490FFF780FB0498089981ED050A44
:10FDC00091ED040AFFF790FB0498089981ED040A6D
:10FDD00091ED030AFFF7A0FB089880ED030A05E008
:10FDE00000201C901B901A9000E0FFE7089890ED0F
:10FDF000040A46F61060C2F200400190FFF7FCFCD6
:10FE00000198089981ED040A91ED050AFFF7E0FCDD
:10FE1000089880ED050A90ED050AD0ED040A47F632
:10FE2000AC00C2F2004090ED0B1A46F60470C2F22C
:10FE300000400390F8F7D0FC0398D0ED000A90ED55
:10FE4000070A47F24C00C2F20040FDF779FA089920
:10FE5000039881ED010AD0ED010A90ED080A47F2FE
:10FE6000A000C2F20040FDF76BFA0899039881EDFB
:10FE7000000A91ED010AD1ED000A9FED371AF8F75B
:10FE800067FA0398F8F7F8FB039844F2A031C2F23E
:10FE90000041029191ED010AD0ED030A47F2F4000E
:10FEA000C2F20040FDF74CFA0299039891ED0C0A5A
:10FEB000D0ED040A47F24810C2F20040FDF740FAC4
:10FEC0000299039891ED170AD0ED050A47F29C10AC
:10FED000C2F20040FDF734FA0299039891ED220A2C
:10FEE000D0ED060A47F2F010C2F20040FDF728FA02
:10FEF0000398C16813910169149141691591816951
:10FF00001691806B0F9000208DF83B00FFE79DF865
:10FF10003B0003281BDCFFE79DF83B2044F2A031A7
:10FF2000C2F200412C2012FB001013A901EB820148
:10FF300091ED000ABDEEC00A10EE101AFEF7D0FFD8
:10FF4000FFE79DF83B0001308DF83B00DFE7012023
:10FF500000F06AFA7EE600BF00000000000000002A
:10FF600080B540F60040C5F6020080210122E8F786
:10FF700043FE80BD0000000080B540F60040C5F69D
:10FF8000020080210022E8F737FE80BD000000005B
:10FF900080B5F8F7FDFE80BD80B584B00390FFE723
:10FFA00045F6BC10C2F2004000780A2807D0FFE7EF
:10FFB000F5F7C2FF18B1FFE7F5F7D6FFFFE745F603
:10FFC000BC10C2F2004000780B280AD0FFE745F2CF
:10FFD0009450C2F20040007818B1FFE7F9F758FDDD
:10FFE000FFE745F6BC10C2F20040007801460291DE
:10FFF0000B2800F2CC800299DFE801F006111925E8
:020000040802F0
:100000003D4C6065315BB46AF9F7F6FDF9F77CF9B0
:1000100045F6BC11C2F2004101200870C6E0F9F7B4
:100020008FFB08B9FFE7C1E0F9F78EF9BEE0F8F7FA
:10003000B7FD38B1FFE745F6BC11C2F2004101201F
:100040000870FFE7B2E0F9F71FF838B1FFE745F6AF
:10005000BC11C2F2004108200870FFE7A6E0F9F7E2
:1000600013FC38B1FFE745F6BC11C2F20041012094
:100070000870FFE79AE0F9F7BFFD00F045FB40F696
:10008000A66000F0D1F945F6BC11C2F2004109208A
:1000900008708BE0F9F7B0FD00F012FB40F6A660A7
:1000A00000F0C2F945F6BC11C2F200410920087007
:1000B0007CE0F9F7A1FD00F04BFB77E0F9F79CFD40
:1000C000FFF75AFF72E0F9F797FDFFF749FF6DE080
:1000D000F9F792FDF5F748FF45F29450C2F200405F
:1000E000007870B9FFE745F29451C2F200410191E6
:1000F00001200870E8F798FD0199486000208860A9
:10010000FFE745F29450C2F20040806850B1FFE72B
:1001100045F29450C2F2004080681421F8F7B4FB15
:1001200090B1FFE7002001219FED221AB0EE410AB5
:10013000F0EE410AF6F784F8E8F776FD45F29451BF
:10014000C2F200418860FFE745F29450C2F20040DD
:100150004068C821F8F798FB18B1FFE7F9F798FC59
:10016000FFE723E0F5F7E8FE18B9FFE7F5F7F4FE3F
:10017000FFE7F5F7E9FE48B1FFE7F5F7F5FE45F6CD
:10018000BC11C2F2004101200870FFE70EE0F9F750
:1001900033FD45F6C010C2F20040FDF781F845F688
:1001A000BC11C2F2004100200870FFE7012000F0FE
:1001B0003BF9F5E60000000080B58CB00B90022002
:1001C000F9F70EFE0320F9F70BFEF7F769F946F68B
:1001D0004860C2F200409FED790AF0EE000AF7F79E
:1001E000A3FBFFE7F7F7B8FAF7F716FD47F6AC0001
:1001F000C2F20040089090ED0C0A46F61060C2F280
:1002000000400990FFF70CFBF7F78AFD0899099861
:1002100091F83F10FFF7B8FA8DF82B009DF82B00EE
:1002200045F29071C2F20041097888423DD0FFE763
:100230009DF82B0003280CD1FFE746F69461C2F22B
:1002400000410020C4F2C82048604FF07E50886012
:1002500023E09DF82B0001280CD1FFE746F69461BE
:10026000C2F200410020C4F2C82048604FF07E5026
:10027000886011E09DF82B0002280CD1FFE746F6BC
:100280009461C2F200410020CCF2663048604FF029
:100290007E508860FFE7FFE7FFE79DF82B0045F2FF
:1002A0009071C2F200410870FFE746F69460C2F216
:1002B000004090ED020AB7EE001AB4EE410AF1EEEA
:1002C00010FA13D1FFE746F69460C2F2004007909F
:1002D00090ED010A46F64860C2F20040DFED380AB0
:1002E000F7F722FB079900208860FFE746F6486091
:1002F000C2F20040F7F750F846F69460C2F20040B0
:10030000039080ED000A90ED000AF7F739F90398A1
:1003100080ED040AF7F778FB039890ED040A47F2A2
:100320004420C2F2004090ED0B1AB1EE412A0320A6
:10033000DFED220ACDED040AB2EE0E1A8DED051A9C
:10034000F6EE001ACDED061AF9F766FD0398DDED1D
:10035000040A9DED051ADDED061A90ED040A47F238
:100360009820C2F2004090ED0B2A0220F9F754FDCC
:1003700046F6A470C2F2004090ED0B0ABDEEC00A32
:1003800010EE102A46F65070C2F2004090ED0B0AB3
:10039000B1EE400ABDEEC00A10EE103A69460020E8
:1003A0004860086040F29830C2F2004040F2FF110D
:1003B000FAF752FD012000F037F813E700000000C3
:1003C0003333333F0000000080B582B0002001903D
:1003D000EFF70AF8E8F740FCF0F766FCEFF7A4F94E
:1003E000EFF72EF8EFF78CF8EFF7C6F8EFF704F910
:1003F000EFF7A2FAEFF7F0FAEFF736FBEFF70CFCA6
:10040000EFF752FCEFF79CFCEFF7BEFBEFF75CFA5F
:10041000EFF772FBEFF7DCFC00F022F8EFF72CF9B6
:1004200000F042F8FFE7FEE780B584B00290EFF3FA
:1004300005800390039820B1FFE76FF0050001905D
:1004400009E000200190029820B1FFE7029801F036
:100450006BFDFFE7FFE7019804B080BD00000000DE
:1004600082B0EFF305800190019820B1FFE76FF0B3
:100470000500009014E041F23850C2F200400068DC
:1004800048B9FFE741F23851C2F20041012008604B
:100490000020009003E04FF0FF300090FFE7FFE7FF
:1004A000009802B07047000080B582B0EFF305807D
:1004B0000190019820B1FFE76FF00500009019E06E
:1004C00041F23850C2F20040006801280DD1FFE728
:1004D000F0F762FA41F23851C2F20041022008609E
:1004E00001F0C6FD0020009003E04FF0FF300090C7
:1004F000FFE7FFE7009802B080BD000000000000A9
:10050000B0B58EB00B900A91099200200690EFF3DF
:1005100005800D900D98002840F09980FFE70B981A
:10052000002800F09480FFE78020079018200590B5
:10053000002008904FF0FF300490099800284DD01B
:10054000FFE70998006820B1FFE709980068089064
:10055000FFE70998806920B1FFE709988069059055
:10056000FFE7059848B1FFE70598382805D8FFE769
:1005700009980079C00718B1FFE700200C9069E0E6
:100580000998406928B1FFE70998406980080790F9
:10059000FFE70998806880B1FFE70998C0685C2888
:1005A0000BD3FFE70998006938B1FFE70998406964
:1005B00018B1FFE7012004900FE00998806858B94E
:1005C000FFE70998C06838B9FFE70998006918B9CA
:1005D000FFE700200490FFE7FFE702E0002004901F
:1005E000FFE70498012817D1FFE70B980899079AAD
:1005F0000A9BDDF814C0DDF824E0DEF80850DEF8D0
:100600001040EE46CEF80850CEF80440CEF800C0B8
:1006100002F02AFB069019E00498B0B9FFE70B98A6
:100620000899BDF81C200A9BDDF814C0EE4606AC04
:10063000CEF80440CEF800C002F0C6FA012803D07C
:10064000FFE700200690FFE7FFE7FFE7FFE70698D8
:100650000C90FFE70C980EB0B0BD00000000000049
:1006600080B582B00190FFE745F6BA10C2F20040B3
:10067000008801280DD1FFE747F6FC00C2F20040D8
:10068000F7F73EFC45F6BA11C2F20041002008809F
:10069000FFE747F6FC00C2F200400090F7F7A0FD2C
:1006A0000098F7F73DFC46F61060C2F20040FDF7F7
:1006B00033FE0120FFF7B8FED6E70000000000007F
:1006C00080B544F2A440C2F200400078022801D173
:1006D000FFE716E044F2A440C2F20040007801288F
:1006E00006D1FFE7F6F798FAC820FFF79DFEFFE76F
:1006F000F6F7DAFD44F2A441C2F20041022008708C
:10070000FFE780BD0000000080B544F2A440C2F2C3
:1007100000400078012801D1FFE716E044F2A44030
:10072000C2F200400078022806D1FFE7F6F774FA1B
:10073000C820FFF779FEFFE7F6F71AFB44F2A44161
:10074000C2F2004101200870FFE780BD00000000F8
:1007500080B5F6F761FA44F2A441C2F200410020EC
:10076000087080BD0000000080B584B00390029145
:100770004BF64860C2F200400068009047F23440F7
:10078000C2F200400068043001F072F908B9FFE7D6
:1007900000E0FFE70398013080B9FFE7029868B1F5
:1007A000FFE747F23440C2F200400068011D4BF6FB
:1007B0002060C2F2004001F007FA3DE00098039982
:1007C00008440190019847F23441C2F2004109689F
:1007D00048600198009988420ED2FFE747F24440F2
:1007E000C2F20040006847F23441C2F20041096899
:1007F000043101F0B1F91EE047F23C40C2F2004082
:10080000006847F23441C2F200410968043101F046
:10081000A3F901984BF6AC51C2F200410968884235
:1008200007D2FFE701984BF6AC51C2F200410860D5
:1008300000E0FFE7FFE7FFE704B080BD0000000035
:1008400080B582B0019001F0EBF94BF24C51C2F24D
:10085000004108680130086047F23440C2F20040AD
:10086000006898B9FFE7019847F23441C2F20041AD
:1008700008604BF24C50C2F200400068012803D1DE
:10088000FFE700F041FB00E0FFE71CE04BF61460DF
:10089000C2F200400068A0B9FFE747F23440C2F25C
:1008A00000400068C06A0199C96A884207D8FFE71A
:1008B000019847F23441C2F20041086000E0FFE7CE
:1008C00000E0FFE7FFE74BF25850C2F2004001683A
:1008D000013101600068019948640198C06A4BF2D7
:1008E0005C51C2F200410968884208D9FFE70198CB
:1008F000C06A4BF25C51C2F200410860FFE7019907
:10090000C86A00EB800247F24C40C2F2004000EBA4
:100910008200043101F058F901F0AEF94BF6146091
:10092000C2F200400068C8B1FFE747F23440C2F2AB
:1009300000400068C06A0199C96A88420CD2FFE78A
:100940004EF60451CEF200014FF080500860BFF324
:100950004F8FBFF36F8F00E0FFE700E0FFE702B0CB
:1009600080BD00000000000080B584B001F058F99F
:100970004BF64C60C2F200400068002840D1FFE70F
:100980004BF64C50C2F20040029001F0C5F84BF615
:100990006050C2F20040039001F0BEF80299039843
:1009A00047F23842C2F20042116047F24841C2F2B7
:1009B0000041086069460020086047F24032C2F2F8
:1009C000004247F2E033C2F200430A20102101F056
:1009D000FBFC01464BF64C60C2F20040016000682F
:1009E00060B1FFE74BF64C60C2F20040006844F68D
:1009F000E031C0F6020101F037FA00E0FFE700E065
:100A0000FFE701F039F904B080BD000000000000EC
:100A100080B582B0FFE74BF25050C2F20040006850
:100A200008B3FFE701F0FCF84BF63460C2F2004077
:100A3000C068C06801900198043001F019F84BF2C9
:100A40004C51C2F200410868013808604BF2505125
:100A5000C2F2004108680138086001F00DF9019800
:100A600000F092F8D7E702B080BD0000000000005F
:100A700080B582B0019000910198006CB8B1FFE799
:100A80000199C8680A6C1044C86001988168C06800
:100A9000884204D3FFE701990868C86000E0FFE7D7
:100AA0000098019AD168126CDFF7D2FDFFE702B01F
:100AB00080BD00000000000080B586B00590049164
:100AC0000392002002900598806B01900598006CBD
:100AD00078B9FFE70598006848B9FFE7059880688E
:100AE00002F036FA029005990020886000E0FFE7E6
:100AF00041E00398B8B9FFE7059A04995068126C71
:100B0000DFF7A6FD059948680A6C1044486005990E
:100B100048688968884204D3FFE7059908684860F7
:100B200000E0FFE726E0059A0499D068126CDFF731
:100B30008FFD0599C8680A6C801AC860059801681D
:100B4000C068884206D2FFE7059988680A6C801A57
:100B5000C86000E0FFE70398022809D1FFE7019889
:100B600020B1FFE701980138019000E0FFE700E0C5
:100B7000FFE7FFE7FFE701980130059988630298D6
:100B800006B080BD0000000080B582B000900098E3
:100B900090F8590040B9FFE70098006B01F094F815
:100BA000009801F091F81CE0009890F85900012895
:100BB00004D1FFE7009801F087F811E0009890F861
:100BC000590002280BD0FFE74FF0500080F3118846
:100BD000BFF36F8FBFF34F8F0190FFE7FEE7FFE793
:100BE000FFE702B080BD000082B0019047F23840BC
:100BF000C2F2004000680068B0FA80F04009019934
:100C000008600198006848B9FFE747F23840C2F22F
:100C100000400068C0680068009002E0002000907A
:100C2000FFE7009802B0704784B04FF47050009016
:100C300047F64010C2F2004001909DF804004007C2
:100C400088B1FFE7019807300190019820F0070074
:100C50000190019A47F64011C2F200410098891AAA
:100C600008440090FFE70198029002994BF6186043
:100C7000C2F200400160002141600298009A1044D5
:100C80000190019808380190019820F00700019028
:100C9000019A47F24040C2F200400260026851608F
:100CA00002681160029903910199039A891A5160AF
:100CB000006803990860039840684BF6A851C2F297
:100CC00000410860039840684BF6A051C2F2004111
:100CD00008604BF67451C2F200414FF000400860CA
:100CE00004B070470000000080B582B00190FFE7BB
:100CF000FFF78EFE47F24C40C2F200400068022827
:100D00000CD3FFE74EF60451CEF200014FF08050B5
:100D10000860BFF34F8FBFF36F8F00E0FFE7E7E797
:100D200080B584B0DDF818C00390029101928DF86F
:100D30000330029818B9FFE70698006003E00198B5
:100D400006990860FFE703980699C8630298069918
:100D500008640698012101F0BFFB9DF80300069985
:100D600081F84C0004B080BD80B588B0DDF834C097
:100D7000DDF830C0DDF82CC0DDF828C00690059104
:100D8000049203930C98006B04998900A522DFF765
:100D9000D6FC0C98006B049900EB8100043802909B
:100DA000029820F0070002909DF80800400758B113
:100DB000FFE74FF0500080F31188BFF36F8FBFF350
:100DC0004F8F0790FFE7FEE70598F8B1FFE7002097
:100DD0000190FFE701980F2813D8FFE70598019AC3
:100DE000805C0C99114481F8340005980199405CAD
:100DF00008B9FFE705E0FFE7FFE701980130019040
:100E0000E8E70C99002081F8430004E00C990020E9
:100E100081F83400FFE70A98382803D3FFE737202A
:100E20000A9000E0FFE70A980C99C8620A980C99AA
:100E3000C8640C990020009008650C98043000F0FC
:100E400083FE0C98183000F07FFE00980C99096121
:100E50000A99C1F138010C9A91610C9949620C9977
:100E600048650C9981F8580002980699039A00F099
:100E70001BFD0C9908600B9820B1FFE70C980B99AB
:100E8000086000E0FFE708B080BD0000000000003F
:100E900080B586B0DDF824C0DDF820C00490039151
:100EA00002920193039858B9FFE74FF0500080F386
:100EB0001188BFF36F8FBFF34F8F0590FFE7FEE7F9
:100EC0000998F0B1FFE7FFF74FFD04980999086012
:100ED00003980999886101980999C8610898099946
:100EE00008620998043000F02FFE029840B1FFE735
:100EF000099991F8280040F0040081F82800FFE7E4
:100F0000FFE706B080BD000080B584B000200390EC
:100F1000FFE70398372810D8FFE7039800EB80011C
:100F200047F24C40C2F2004000EB810000F0F4FDBB
:100F3000FFE7039801300390EBE74BF67850C2F2DD
:100F40000040019000F0E8FD4BF68C50C2F20040EA
:100F5000029000F0E1FD4BF6C050C2F2004000F0FC
:100F6000DBFD4BF63460C2F2004000F0D5FD4BF6DD
:100F70002060C2F2004000F0CFFD0199029847F2D4
:100F80003C42C2F20042116047F24441C2F20041C9
:100F9000086004B080BD000083B002904BF618607A
:100FA000C2F200400190FFE7019800680299884270
:100FB00005D2FFE7FFE7019800680190F4E7019888
:100FC000009000980199496808440299884209D123
:100FD000FFE7029842680199486810444860019808
:100FE000029000E0FFE7029800900098029949689B
:100FF000084401990968884220D1FFE701980068F8
:1010000047F24041C2F20041096888420DD0FFE733
:101010000198006842680299486810444860019845
:10102000006800680299086007E047F24040C2F299
:101030000040006802990860FFE704E0019800683A
:1010400002990860FFE701980299884204D0FFE7FF
:1010500002980199086000E0FFE703B070470000C4
:1010600080B586B005900491039202930020019010
:10107000049805994860059800610498039988428E
:1010800016D8FFE703980299401A059989698842A2
:1010900003D3FFE70120019009E047F24840C2F284
:1010A000004000680599043100F056FDFFE717E0A5
:1010B00003980299884208D2FFE70498029988426F
:1010C00003D3FFE70120019009E047F23840C2F264
:1010D000004000680599043100F03EFDFFE7FFE79E
:1010E000019806B080BD000080B582B0019000F08C
:1010F00097FD0198806B18B9FFE70120009002E08E
:1011000000200090FFE700F0B7FD009802B080BD1E
:1011100080B582B0019000F083FD0198806B019949
:10112000C96B884203D1FFE70120009002E0002054
:101130000090FFE700F0A0FD009802B080BD000025
:1011400008480068006880F308884FF0000080F3CA
:10115000148862B661B6BFF34F8FBFF36F8F00DFA5
:1011600000BF000008ED00E080B586B00490039158
:1011700047F23840C2F200400068C068C068019081
:101180000198043000F074FC019890F828004007A2
:10119000002823D5FFE70198049B81691944039A2D
:1011A000FFF75EFFC0B1FFE70198049A694600238C
:1011B0000B60194602F004F90290029858B9FFE753
:1011C0004FF0500080F31188BFF36F8FBFF34F8F44
:1011D0000590FFE7FEE700E0FFE707E0019991F8DF
:1011E000280000F0FE0081F82800FFE70198016A5E
:1011F000884706B080BD000080B58EB0FFE74BF693
:101200004C60C2F20040006807A9002201F084FB94
:10121000002800F0B880FFE70798B0F1FF3F17DC27
:10122000FFE707A804300290029858B9FFE74FF093
:10123000500080F31188BFF36F8FBFF34F8F0D9075
:10124000FFE7FEE702990A6848688968904700E06E
:10125000FFE70798002800F19580FFE709980690BE
:101260000698406928B1FFE70698043000F000FCBA
:1012700000E0FFE705A800F0FFF803900798019051
:10128000092800F27D800199DFE801F00505053DA0
:10129000456605053D45069991F8280040F0010096
:1012A00081F828000698089B81691944039AFFF782
:1012B000D7FE30B3FFE70698016A8847069890F892
:1012C0002800400700281AD5FFE706980899826988
:1012D0000A44694600230B60194602F071F8049035
:1012E000049858B9FFE74FF0500080F31188BFF31E
:1012F0006F8FBFF34F8F0C90FFE7FEE700E0FFE733
:1013000000E0FFE73DE0069991F8280000F0FE00BC
:1013100081F8280035E0069991F8280040F0010096
:1013200081F828000898069988610698806958B95C
:10133000FFE74FF0500080F31188BFF36F8FBFF3CA
:101340004F8F0B90FFE7FEE70698039B81691944D6
:101350001A46FFF785FE14E0069890F828008007EB
:10136000002804D4FFE7069800F0AEFC07E00699D9
:1013700091F8280000F0FE0081F82800FFE700E067
:10138000FFE7FFE73BE70EB080BD00000000000074
:1013900080B584B00390029100F0DAFE684600F058
:1013A0006BF801900098D8BBFFE7029860B9FFE79F
:1013B00003980199884207D8FFE701F0A9FE039836
:1013C0000199FFF7D1FE2AE0029858B1FFE747F2F2
:1013D0004840C2F2004000680068B0FA80F040095E
:1013E0000290FFE74BF64C60C2F2004000680399A0
:1013F000019A891A029A00F063FD01F089FE60B932
:10140000FFE74EF60451CEF200014FF08050086025
:10141000BFF34F8FBFF36F8F00E0FFE7FFE702E0FE
:1014200001F076FEFFE704B080BD00000000000080
:1014300081B047F23C40C2F200400068006840B909
:10144000FFE74BF6AC51C2F200414FF0FF300860AD
:101450000FE047F23C40C2F200400068C068C0683C
:101460000090009840684BF6AC51C2F20041086011
:10147000FFE701B07047000080B582B0019001F035
:1014800077FC0090009847F23041C2F200410968B1
:10149000884206D2FFE700F013F8019901200860A6
:1014A00003E0019900200860FFE7009847F230410F
:1014B000C2F200410860009802B080BD0000000048
:1014C00080B588B0FFE747F23840C2F200400068BC
:1014D000006800284ED0FFE747F23840C2F20040D3
:1014E0000168C968096806910068C068C06803900F
:1014F0000398043000F0BCFA0398016A8847039807
:1015000090F828004007002832D5FFE70698039995
:101510008969084405900598069988420FD9FFE724
:101520000598039948600398006147F23840C2F279
:10153000004000680399043100F00EFB17E00398A7
:10154000069A694600230B60194601F039FF0290A4
:10155000029858B9FFE74FF0500080F31188BFF3AD
:101560006F8FBFF34F8F0790FFE7FEE7FFE700E0C5
:10157000FFE7A8E747F23842C2F200421068049041
:1015800047F24841C2F200410868106004980860C0
:1015900008B080BD0000000083B00020009040F241
:1015A000E430C2F200400068013058B1FFE74FF06C
:1015B000500080F31188BFF36F8FBFF34F8F0290FD
:1015C000FFE7FEE74FF0500080F31188BFF36F8F05
:1015D000BFF34F8F0190FFE7009808B9FFE7FBE7E3
:1015E00003B070470000000080B584B00390FFE7AF
:1015F00001A8FFF7F9FA029002980199FFF7C8FED7
:10160000FFF7FAFDF4E7000080B582B0019000F02A
:1016100007FB019890F845008DF80300FFE79DF95E
:101620000300012816DBFFE70198406A58B1FFE785
:101630000198243001F004FD18B1FFE700F0C0FC70
:1016400000E0FFE700E005E09DF8030001388DF8B9
:101650000300E4E70199FF2081F8450000F00CFB4E
:1016600000F0DEFA019890F844008DF80200FFE7E0
:101670009DF90200012816DBFFE70198006980B19F
:10168000FFE70198103001F0DBFC18B1FFE700F034
:1016900097FC00E0FFE79DF8020001388DF802009A
:1016A00000E000E0E4E70199FF2081F8440000F049
:1016B000E3FA02B080BD000080B58AB00690002039
:1016C000029000F045FD47F24040C2F20040006841
:1016D00018B9FFE7FFF7A8FA00E0FFE706984BF616
:1016E0007451C2F200410968084240F0C580FFE72A
:1016F000069800B3FFE70698083006909DF818009A
:101700004007B0B1FFE7069820F0070008300690C8
:101710009DF81800400758B1FFE74FF0500080F3E4
:101720001188BFF36F8FBFF34F8F0990FFE7FEE77C
:1017300000E0FFE700E0FFE70698002800F09A804D
:10174000FFE706984BF6A051C2F2004109688842B3
:1017500000F29080FFE74BF61860C2F20040049060
:1017600000680590FFE705984168069A00209142BD
:10177000019007D2FFE705980068002818BF0120F4
:101780000190FFE70198C00730B1FFE7059804908A
:10179000059800680590E6E7059847F24041C2F2D7
:1017A00000410968884263D0FFE704980068083068
:1017B00002900598006804990860059840680699A9
:1017C000401A112821D3FFE7059806990844039091
:1017D0009DF80C00400758B1FFE74FF0500080F330
:1017E0001188BFF36F8FBFF34F8F0890FFE7FEE7BD
:1017F000059840680699401A03994860069805992B
:1018000048600398FFF7C8FB00E0FFE705984268CF
:101810004BF6A050C2F200400168891A01600068CE
:101820004BF6A851C2F20041096888420BD2FFE78B
:101830004BF6A050C2F2004000684BF6A851C2F22D
:101840000041086000E0FFE74BF67450C2F2004030
:1018500002680599486810434860059900200860AF
:101860004BF6B451C2F2004108680130086000E054
:10187000FFE700E0FFE700E0FFE701F049FC9DF82B
:101880000800400758B1FFE74FF0500080F311887F
:10189000BFF36F8FBFF34F8F0790FFE7FEE702980C
:1018A0000AB080BD0000000083B002900191009258
:1018B00002980438029002994FF0807008600298F4
:1018C00004380290019820F0010002990860029803
:1018D00004380290029941F29950C0F60200086063
:1018E000029814380290009802990860029804380F
:1018F000029002996FF0020008600298203802906E
:10190000029803B07047000080B588B0079045F694
:101910006C10C2F2004046F65001C2F20041FBF7E3
:10192000E7FFF5F7ADFBF5F73BFFF5F75DFEFFE7EA
:1019300045F66C10C2F20040FCF732F8002003902C
:1019400046F60470C2F20040C16A0491016B059131
:10195000406B069003A80421F5F71EFA44F25040AC
:10196000C2F200404BF65862C2F200422821F4F75E
:1019700077FD45F64000C2F2004053218022F5F782
:10198000BFF8F0B1FFE745F64000C2F200404BF669
:101990001842C2F200428021F4F712FF012808D158
:1019A000FFE7F4F7FDFE47F6FC01C2F20041887143
:1019B000FFE745F64000C2F200408021DEF7C7FE97
:1019C000FFE741F23050C2F200400068012812D116
:1019D000FFE7002002900121DFED220A9FED221A8D
:1019E000B0EE600AF4F72CFC029841F23051C2F2DA
:1019F00000410860FFE741F23050C2F20040006849
:101A0000022812D1FFE70120002101919FED151A54
:101A1000B0EE410AF0EE410AF4F712FC019841F2EF
:101A20003051C2F200410860FFE741F23050C2F28B
:101A300000400068032811D1FFE745F66C10C2F2A0
:101A4000004046F65001C2F20041FBF751FF41F25F
:101A50003051C2F2004100200860FFE70120FEF78C
:101A6000E3FC65E7000000000000B4420000000055
:101A700082B00190019800690090019841688068E7
:101A800088600199486889684860009840680199B1
:101A9000884205D1FFE7019880680099486000E01E
:101AA000FFE7019900200861009908680138086083
:101AB0000098006802B0704783B0029001910092D4
:101AC00002994BF26070C2F20040086001994BF23B
:101AD0006050C2F20040086000998020086003B0A6
:101AE000704700000000000083B002900191009256
:101AF00002994BF6BC30C2F20040086001994BF2EB
:101B0000BC70C2F20040086000994FF48070086019
:101B100003B070470000000081B00090009901F10F
:101B20000800486000994FF0FF308860009901F18B
:101B30000800C860009901F10800086100990020C0
:101B4000086001B07047000081B00090009900204B
:101B5000086101B07047000084B0039002910298C0
:101B6000006800900098013020B9FFE703980069F1
:101B7000019010E0039808300190FFE70198406859
:101B800000680099884205D8FFE7FFE701984068A0
:101B90000190F3E7FFE701984068029948600298D6
:101BA00041688860019802998860029801994860AC
:101BB000039802990861039908680130086004B02D
:101BC000704700000000000083B00290019102986D
:101BD00040680090009801994860009880680199D9
:101BE0008860019800998968486001980099886028
:101BF000029801990861029908680130086003B0F1
:101C00007047000000000000DFF80C00016841F49C
:101C1000700101607047000088ED00E000000000E6
:101C200082B04FF0500080F31188BFF36F8FBFF385
:101C30004F8F019040F2E430C2F200400168013160
:101C400001600068012814D1FFE74EF60450CEF27F
:101C500000000068000658B1FFE74FF0500080F325
:101C60001188BFF36F8FBFF34F8F0090FFE7FEE740
:101C7000FFE702B07047000082B040F2E430C2F2E9
:101C80000040006858B9FFE74FF0500080F311881A
:101C9000BFF36F8FBFF34F8F0090FFE7FEE740F277
:101CA000E430C2F20040016801390160006830B9D7
:101CB000FFE700200190019880F31188FFE702B050
:101CC000704700000000000080B586B003900398C4
:101CD0000290039800285CD0FFE702980838029031
:101CE00002980190019840684BF67451C2F200418D
:101CF000096808420BD1FFE74FF0500080F31188CC
:101D0000BFF36F8FBFF34F8F0590FFE7FEE701989A
:101D1000006858B1FFE74FF0500080F31188BFF31F
:101D20006F8FBFF34F8F0490FFE7FEE70198406885
:101D30004BF67451C2F200410968084227D0FFE710
:101D40000198006808BBFFE74BF67450C2F20040F0
:101D50000268019948689043486000F0F9F90198D9
:101D600042684BF6A051C2F2004108681044086076
:101D70000198FFF711F94BF6B851C2F2004108681B
:101D80000130086001F0C4F900E0FFE700E0FFE780
:101D9000FFE706B080BD00004EF21001CEF2000158
:101DA000002008604EF21802CEF20002106040F2ED
:101DB0005000C2F20040006844F6D352C1F2620201
:101DC000A0FB02024FF0FF3000EB92104EF2140223
:101DD000CEF200021060072008607047000000008B
:101DE00084B0EFF305800190019810281ED3FFE71F
:101DF00001984EF2F031CEF20001405C8DF8030004
:101E00009DF803004BF24051C2F20041097888422C
:101E10000BDAFFE74FF0500080F31188BFF36F8FAC
:101E2000BFF34F8F0390FFE7FEE7FFE74EF60C503E
:101E3000CEF20000006800F4E0604BF24451C2F2C0
:101E40000041096888420BD9FFE74FF0500080F34A
:101E50001188BFF36F8FBFF34F8F0290FFE7FEE74C
:101E600004B070470000000083B002900191002090
:101E70000090FFE7009807281DD8FFE700994BF670
:101E8000D450C2F2004050F8310070B9FFE7019819
:101E9000009A4BF6D451C2F2004141F83200029848
:101EA000009A01EBC201486005E0FFE7FFE70098F8
:101EB00001300090DEE703B0704700000000000032
:101EC00080B584B003900291019203980090FFF7CF
:101ED000A7FE009890F94400013028B9FFE7009967
:101EE000002081F84400FFE7009890F94500013098
:101EF00028B9FFE70099002081F84500FFE7FFF7C8
:101F0000BBFE0098806B38B9FFE700982430029937
:101F1000019A00F081F800E0FFE70098FFF774FBFA
:101F200004B080BD0000000080B584B002900020A5
:101F300001900298E0B1FFE74BF25450C2F200402A
:101F4000006858B1FFE74FF0500080F31188BFF3ED
:101F50006F8FBFF34F8F0390FFE7FEE700F0F8F8B5
:101F600002980021FEF700FC01F0D2F8019000E099
:101F7000FFE7019860B9FFE74EF60451CEF2000189
:101F80004FF080500860BFF34F8FBFF36F8F00E0BA
:101F9000FFE704B080BD000081B000904BF6B05068
:101FA000C2F200400068009908604BF64860C2F237
:101FB000004000680099486001B0704700000000D0
:101FC0004BF65461C2F200410120086070470000E6
:101FD00080B584B002900191029858B9FFE74FF0A4
:101FE000500080F31188BFF36F8FBFF34F8F0390C2
:101FF000FFE7FEE7029847F23441C2F20041096868
:102000001831FFF7A9FD01980121FEF7ADFB04B0DF
:1020100080BD00000000000080B584B002900191F6
:102020000092029858B9FFE74FF0500080F31188F2
:10203000BFF36F8FBFF34F8F0390FFE7FEE7029868
:1020400047F23441C2F2004109681831FFF7BCFD84
:10205000009820B1FFE74FF0FF300190FFE70198B3
:102060000099FEF781FB04B080BD00000000000075
:1020700080B58AB0002003900690059006A805A9B7
:1020800004AAFFF719FD039B049A0599DDF818C00F
:102090006846C0F808C04160036040F6E940C0F6F9
:1020A000020044F6DB31C0F6020100F0DDFD01461E
:1020B0004BF6A450C2F200400160006818B1FFE77F
:1020C0000120079002E000200790FFE70798012811
:1020D00004D1FFE701F028F9079000E0FFE7079837
:1020E000012823D1FFE74FF0500080F31188BFF3A0
:1020F0006F8FBFF34F8F09904BF6AC51C2F2004186
:102100004FF0FF3008604BF61461C2F2004101202D
:1021100008604BF64861C2F200410020086000F000
:1021200087F808B1FFE700E0FFE70FE0079801300C
:1021300058B9FFE74FF0500080F31188BFF36F8F5D
:10214000BFF34F8F0890FFE7FEE7FFE70AB080BDBF
:102150004BF25451C2F200410868013008607047E8
:1021600083B04BF25450C2F20040006838B1FFE730
:102170004BF65461C2F200410120086051E04BF679
:102180005461C2F20041002008604BF25C50C2F280
:10219000004000680190FFE7019800EB800147F2E2
:1021A0004C40C2F2004050F8210090B9FFE701987E
:1021B00058B9FFE74FF0500080F31188BFF36F8FDD
:1021C000BFF34F8F0290FFE7FEE7019801380190BF
:1021D000E2E7019800EB800147F24C40C2F2004078
:1021E00000EB8100009000994868406848600099C1
:1021F00048680831884205D1FFE70099486840687F
:102200004860FFE700984068C06847F23441C2F276
:102210000041086001984BF25C51C2F20041086035
:10222000FFE703B07047000080B5F7F705F980BD00
:1022300080B588B04EF60050CEF2000000684CF237
:102240007121C4F20F1188420BD1FFE74FF050000B
:1022500080F31188BFF36F8FBFF34F8F0790FFE7B5
:10226000FEE74EF60050CEF2000000684CF27021FE
:10227000C4F20F1188420BD1FFE74FF0500080F3FA
:102280001188BFF36F8FBFF34F8F0690FFE7FEE714
:102290004EF20040CEF20000039001780491FF213D
:1022A000017000788DF80B009DF80B0000F05000D5
:1022B0004BF24051C2F2004108704BF24451C2F25D
:1022C000004107200860FFE79DF80B00000600288A
:1022D0000DD5FFE74BF24451C2F2004108680138C6
:1022E00008609DF80B0040008DF80B00ECE74BF206
:1022F0004450C2F20040006803280BD0FFE74FF0C3
:10230000500080F31188BFF36F8FBFF34F8F05909C
:10231000FFE7FEE74BF24451C2F2004108680002B9
:102320000860086800F4E060086004984EF200411C
:10233000CEF2000108704EF62051CEF2000108687E
:1023400040F470000860086840F070400860FFF7D3
:1023500023FD40F2E431C2F2004100200190086008
:10236000FFF752FC4EF63471CEF20001086840F0DF
:1023700040400860FEF7E4FEFFF7F2FEFFF70CF9BD
:10238000019808B080BD000080B582B04FF05000C9
:1023900080F31188BFF36F8FBFF34F8F009000F071
:1023A000F3FC40B1FFE74EF60451CEF200014FF0CE
:1023B00080500860FFE700200190019880F31188A9
:1023C00002B080BD0000000080B590B08446129835
:1023D000CDF828C00991089207938DF81B000A9840
:1023E00058B9FFE74FF0500080F31188BFF36F8FAB
:1023F000BFF34F8F0F90FFE7FEE7079858B9FFE74D
:102400004FF0500080F31188BFF36F8FBFF34F8FF1
:102410000E90FFE7FEE708990020039031B1FFE737
:102420000998B0FA80F040090390FFE70398C007CD
:1024300058B1FFE74FF0500080F31188BFF36F8F62
:10244000BFF34F8F0D90FFE7FEE708990020029041
:1024500031B9FFE70998002818BF01200290FFE773
:102460000298C00758B1FFE74FF0500080F3118881
:10247000BFF36F8FBFF34F8F0C90FFE7FEE7502045
:102480000490049850280BD0FFE74FF0500080F3E1
:102490001188BFF36F8FBFF34F8F0B90FFE7FEE7FD
:1024A000049807980590059888B1FFE705990120E1
:1024B00081F846000A980999089A9DF81B30DDF8C2
:1024C00014C0EE46CEF800C0FEF72AFC00E0FFE79D
:1024D000059810B080BD000080B584B002900191D5
:1024E00002980090009858B9FFE74FF0500080F331
:1024F0001188BFF36F8FBFF34F8F0390FFE7FEE7A5
:10250000FFF78EFB00990B68C86B0A6C00FB02306A
:1025100088600099002088630099086848600099E5
:102520000B68C86B0A6C013800FB0230C860009968
:10253000FF2081F84400009981F845000198D0B946
:10254000FFE700980069A0B1FFE70098103000F0A5
:1025500077FD60B1FFE74EF60451CEF200014FF077
:1025600080500860BFF34F8FBFF36F8F00E0FFE72D
:1025700000E0FFE708E000981030FFF7CDFA009880
:102580002430FFF7C9FAFFE7FFF776FB012004B01C
:1025900080BD00000000000080B592B00C900B914F
:1025A0000A920993002008900C980490049858B956
:1025B000FFE74FF0500080F31188BFF36F8FBFF338
:1025C0004F8F1190FFE7FEE70B990020039039B978
:1025D000FFE70498006C002818BF01200390FFE774
:1025E0000398C00758B1FFE74FF0500080F31188FF
:1025F000BFF36F8FBFF34F8F1090FFE7FEE709998E
:1026000000200229029007D1FFE70498C06B01382F
:1026100018BF01200290FFE70298C00758B1FFE7FA
:102620004FF0500080F31188BFF36F8FBFF34F8FCF
:102630000F90FFE7FEE700F07FFB014600200190CE
:1026400031B9FFE70A98002818BF01200190FFE781
:102650000198C00758B1FFE74FF0500080F3118890
:10266000BFF36F8FBFF34F8F0E90FFE7FEE7FFE7DB
:10267000FFF7D6FA0498806B0499C96B884204D39B
:10268000FFE70998022834D1FFE704980B99099ACB
:10269000FEF712FA07900498406AA0B1FFE7049889
:1026A000243000F0CDFC60B1FFE74EF60451CEF2CD
:1026B00000014FF080500860BFF34F8FBFF36F8F62
:1026C00000E0FFE710E0079860B1FFE74EF6045125
:1026D000CEF200014FF080500860BFF34F8FBFF380
:1026E0006F8F00E0FFE7FFE7FFF7C6FA01200D90CC
:1026F00065E00A9828B9FFE7FFF7BEFA00200D90C1
:102700005DE0089830B9FFE705A8FFF745FC012018
:10271000089000E0FFE7FFE7FFE7FFF7ADFAFFF7FC
:1027200017FDFFF77DFA049890F94400013028B9AD
:10273000FFE70499002081F84400FFE7049890F92E
:102740004500013028B9FFE70499002081F84500D1
:10275000FFE7FFF791FA05A80AA900F0CDF928BB19
:10276000FFE70498FEF7D4FCC8B1FFE704981030E7
:102770000A99FFF72DFC0498FEF746FF00F0C8FC0D
:1027800060B9FFE74EF60451CEF200014FF08050E1
:102790000860BFF34F8FBFF36F8FFFE705E004982A
:1027A000FEF732FF00F0B4FCFFE707E00498FEF705
:1027B0002BFF00F0ADFC00200D9000E058E70D98D5
:1027C00012B080BD0000000080B592B00B900A915D
:1027D000099208930B980590059858B9FFE74FF0B8
:1027E000500080F31188BFF36F8FBFF34F8F0E90AF
:1027F000FFE7FEE70A990020029039B9FFE7059844
:10280000006C002818BF01200290FFE70298C00763
:1028100058B1FFE74FF0500080F31188BFF36F8F7E
:10282000BFF34F8F0D90FFE7FEE7089900200229C4
:10283000019007D1FFE70598C06B013818BF012050
:102840000190FFE70198C00758B1FFE74FF0500033
:1028500080F31188BFF36F8FBFF34F8F0C90FFE7AA
:10286000FEE7FFF7BDFAEFF311814FF0500080F360
:102870001188BFF36F8FBFF34F8F10910F90109897
:1028800006900598806B0599C96B884204D3FFE7D1
:102890000898022833D1FFE7059890F845008DF895
:1028A00013000598806B039005980A99089AFEF723
:1028B00003F99DF913000130B8B9FFE70598406AA4
:1028C00088B1FFE70598243000F0BAFB48B1FFE774
:1028D000099820B1FFE709990120086000E0FFE7AF
:1028E00000E0FFE700E0FFE706E09DF8130001309D
:1028F000059981F84500FFE70120079002E00020DC
:102900000790FFE706981190119880F311880798B7
:1029100012B080BD0000000080B58EB00990089113
:1029200007920020069009980390039858B9FFE792
:102930004FF0500080F31188BFF36F8FBFF34F8FBC
:102940000D90FFE7FEE708990020019039B9FFE7F5
:102950000398006C002818BF01200190FFE7019840
:10296000C00758B1FFE74FF0500080F31188BFF364
:102970006F8FBFF34F8F0C90FFE7FEE700F0DCF99D
:1029800001460020009031B9FFE70798002818BFE2
:1029900001200090FFE70098C00758B1FFE74FF013
:1029A000500080F31188BFF36F8FBFF34F8F0B90F0
:1029B000FFE7FEE7FFE7FFF733F90398806B02902C
:1029C000029830B3FFE703980899FEF751F8029890
:1029D00001380399886303980069A0B1FFE7039861
:1029E000103000F02DFB60B1FFE74EF60451CEF23F
:1029F00000014FF080500860BFF34F8FBFF36F8F1F
:102A000000E0FFE700E0FFE7FFF736F901200A905A
:102A10006DE0079828B9FFE7FFF72EF900200A902C
:102A200065E0069830B9FFE704A8FFF7B5FA012082
:102A3000069000E0FFE7FFE7FFE7FFF71DF9FFF76C
:102A400087FBFFF7EDF8039890F94400013028B9AF
:102A5000FFE70399002081F84400FFE7039890F90D
:102A60004500013028B9FFE70399002081F84500AF
:102A7000FFE7FFF701F904A807A900F03DF830BB14
:102A8000FFE70398FEF730FBD0B1FFE7039824304F
:102A90000799FFF79DFA0398FEF7B6FD00F038FBA3
:102AA00060B9FFE74EF60451CEF200014FF08050BE
:102AB0000860BFF34F8FBFF36F8F00E0FFE705E0C3
:102AC0000398FEF7A1FD00F023FBFFE70EE003985B
:102AD000FEF79AFD00F01CFB0398FEF705FB18B10A
:102AE000FFE700200A9002E0FFE7FFE763E70A98AC
:102AF0000EB080BD0000000080B588B00590049144
:102B0000059858B9FFE74FF0500080F31188BFF3E4
:102B10006F8FBFF34F8F0790FFE7FEE7049858B918
:102B2000FFE74FF0500080F31188BFF36F8FBFF3C2
:102B30004F8F0690FFE7FEE7FFF772F84BF648600D
:102B4000C2F2004000680290029805994968401A54
:102B5000019004980068013018B9FFE70020039045
:102B60002BE04BF6B050C2F20040006805990968AE
:102B7000884209D0FFE7029805994968884203D343
:102B8000FFE70120039017E0019804990968884243
:102B90000BD2FFE7019A04990868801A086005982B
:102BA000FFF7FAF90020039005E00499002008607F
:102BB00001200390FFE7FFE7FFE7FFF75DF80398C9
:102BC00008B080BD0000000070B58CB0DDF844C0D6
:102BD000DDF840C00B900A91ADF826200893BDF8AF
:102BE00026008000FEF768FD0590059880B1FFE79C
:102BF0005C20FEF761FD0790079820B1FFE705987C
:102C00000799086303E00598FFF75EF8FFE702E025
:102C100000200790FFE70798F0B1FFE7079800262C
:102C200080F859600B980A99BDF82620089BDDF8BA
:102C300040C0119C079DEE46CEF80C60CEF80850BF
:102C4000CEF80440CEF800C0FEF78EF80798FDF7E6
:102C5000F7FD0120069003E04FF0FF300690FFE7FC
:102C600006980CB070BD0000B0B58EB0DDF850C055
:102C7000DDF84CC0DDF848C00A900991089207932E
:102C8000139858B9FFE74FF0500080F31188BFF355
:102C90006F8FBFF34F8F0D90FFE7FEE7149858B981
:102CA000FFE74FF0500080F31188BFF36F8FBFF341
:102CB0004F8F0C90FFE7FEE75C20049004985C289F
:102CC0000BD0FFE74FF0500080F31188BFF36F8FF8
:102CD000BFF34F8F0B90FFE7FEE70498149820B3E3
:102CE000FFE7139808B3FFE7149806901398069926
:102CF00008630699022081F859000A980999089AF0
:102D0000079BDDF848C0069CEE460025CEF80C5027
:102D1000CEF8084005ACCEF80440CEF800C0FEF76F
:102D200023F80698FDF78CFD02E000200590FFE7F0
:102D300005980EB0B0BD000081B04BF61460C2F231
:102D40000040006818B9FFE7012000900DE04BF249
:102D50005450C2F20040006818B9FFE7022000900A
:102D600002E000200090FFE7FFE7009801B0704705
:102D700081B04BF64860C2F20040006800900098B5
:102D800001B070470000000080B586B000200290BE
:102D90004BF25450C2F200400068002840F0CB8053
:102DA000FFE74BF64861C2F200410868013001902C
:102DB00001980860019858BBFFE747F23C40C2F217
:102DC00000400068006858B1FFE74FF0500080F302
:102DD0001188BFF36F8FBFF34F8F0590FFE7FEE7BA
:102DE00047F23C42C2F200421068009047F2444170
:102DF000C2F2004108681060009808604BF6B051BC
:102E0000C2F20041086801300860FEF711FB00E0E3
:102E1000FFE701984BF6AC51C2F2004109688842C5
:102E200068D3FFE7FFE747F23C40C2F2004000688A
:102E3000006840B9FFE74BF6AC51C2F200414FF0D9
:102E4000FF30086055E047F23C40C2F200400068A5
:102E5000C068C06804900498406803900198039982
:102E6000884207D2FFE703984BF6AC51C2F200410B
:102E700008603EE0FFE704980430FEF7F9FD04988F
:102E8000806A28B1FFE704981830FEF7F1FD00E0F2
:102E9000FFE70498C06A4BF25C51C2F20041096836
:102EA000884208D9FFE70498C06A4BF25C51C2F22D
:102EB00000410860FFE70499C86A00EB800247F20E
:102EC0004C40C2F2004000EB82000431FEF77CFE71
:102ED0000498C06A47F23441C2F200410968C96AE5
:102EE000884203D3FFE70120029000E0FFE7FFE7FD
:102EF00099E7FFE747F23440C2F200400068C06A39
:102F000000EB800147F24C40C2F2004050F8210033
:102F1000022803D3FFE70120029000E0FFE74BF611
:102F20005460C2F20040006818B1FFE7012002902F
:102F300000E0FFE707E04BF6BC51C2F20041086831
:102F400001300860FFE7029806B080BD0000000075
:102F500080B586B0039003980290002001900398FA
:102F6000002867D0FFE7029847F23441C2F20041DF
:102F7000096888420BD0FFE74FF0500080F31188BA
:102F8000BFF36F8FBFF34F8F0590FFE7FEE7029807
:102F9000006D58B9FFE74FF0500080F31188BFF380
:102FA0006F8FBFF34F8F0490FFE7FEE70299086D24
:102FB000013808650299C86AC96C884238D0FFE7B1
:102FC0000298006D90BBFFE702980430FEF750FDB9
:102FD00008B9FFE700E0FFE70299C86CC8620299F0
:102FE000C86AC0F1380088610298C06A4BF25C512F
:102FF000C2F200410968884208D9FFE70298C06A16
:103000004BF25C51C2F200410860FFE70299C86AC6
:1030100000EB800247F24C40C2F2004000EB82001D
:103020000431FEF7D1FD0120019000E0FFE700E050
:10303000FFE700E0FFE7019806B080BD0000000058
:1030400080B584B002900298C068C0680190019871
:1030500058B9FFE74FF0500080F31188BFF36F8F2E
:10306000BFF34F8F0390FFE7FEE701981830FEF79C
:10307000FFFC4BF25450C2F20040006820BBFFE757
:1030800001980430FEF7F4FC0198C06A4BF25C51E1
:10309000C2F200410968884208D9FFE70198C06A76
:1030A0004BF25C51C2F200410860FFE70199C86A27
:1030B00000EB800247F24C40C2F2004000EB82007D
:1030C0000431FEF781FD09E0019800F118014BF68B
:1030D000C050C2F20040FEF777FDFFE70198C06ADA
:1030E00047F23441C2F200410968C96A884208D9EE
:1030F000FFE7012000904BF65461C2F200410860E6
:1031000002E000200090FFE7009804B080BD0000BE
:1031100080B584B00020029001904BF25450C2F26E
:103120000040006858B9FFE74FF0500080F3118865
:10313000BFF36F8FBFF34F8F0390FFE7FEE7FEF7FC
:103140006FFD4BF25450C2F200400168013901603A
:103150000068002840F09980FFE74BF24C50C2F223
:1031600000400068002800F08F80FFE7FFE74BF683
:10317000C050C2F200400068002842D0FFE74BF682
:10318000C050C2F20040C068C06802900298183077
:10319000FEF76EFC02980430FEF76AFC0298C06AE3
:1031A0004BF25C51C2F200410968884208D9FFE73E
:1031B0000298C06A4BF25C51C2F200410860FFE71E
:1031C0000299C86A00EB800247F24C40C2F200400C
:1031D00000EB82000431FEF7F7FC0298C06A47F268
:1031E0003441C2F200410968C96A884207D3FFE747
:1031F0004BF65461C2F200410120086000E0FFE795
:10320000B5E7029818B1FFE7FEF712F9FFE74BF6B2
:10321000BC50C2F20040006800900098E0B1FFE7A7
:10322000FFE7FFF7B1FD38B1FFE74BF65461C2F29B
:1032300000410120086000E0FFE70098013800909D
:10324000FFE700980028ECD1FFE74BF6BC51C2F233
:1032500000410020086000E0FFE74BF65460C2F236
:103260000040006870B1FFE7012001904EF6045164
:10327000CEF200014FF080500860BFF34F8FBFF3D4
:103280006F8F00E0FFE7FFE700E0FFE7FEF7F4FCE9
:10329000019804B080BD000010B58AB0DDF834C0DC
:1032A000DDF830C007900691059204932C2002901F
:1032B00002982C280BD0FFE74FF0500080F31188C4
:1032C000BFF36F8FBFF34F8F0990FFE7FEE70298C0
:1032D0000D9858B9FFE74FF0500080F31188BFF305
:1032E0006F8FBFF34F8F0890FFE7FEE70D980390B5
:1032F000039898B1FFE70399022081F82800079806
:103300000699059A049BDDF830C0039CEE46CEF882
:103310000440CEF800C0FDF7BBFDFFE703980AB0FC
:1033200010BD00000000000080B58AB000200890A9
:10333000FDF71AFB4BF64C60C2F20040006858B330
:10334000FFE7002004900790069007A806A905AAA9
:10335000FEF7CAFB049B059A0698DDF81CC0694677
:10336000C1F808C048600220086041F2E950C0F688
:10337000020044F6E531C0F60201FFF775FC014694
:103380004BF65060C2F200400160006818B1FFE7E0
:1033900001200890FFE700E0FFE7089858B9FFE731
:1033A0004FF0500080F31188BFF36F8FBFF34F8F42
:1033B0000990FFE7FEE708980AB080BD0000000012
:1033C00080B58AB0DDF830C0089007910692059369
:1033D00000200490089858B9FFE74FF0500080F3A0
:1033E0001188BFF36F8FBFF34F8F0990FFE7FEE7A0
:1033F0004BF64C60C2F200400068A8B3FFE70798A4
:1034000000900698019008980290079805281EDC05
:10341000FFE7FFF791FC02280CD1FFE74BF64C6069
:10342000C2F2004000680C9A69460023FFF7B4F826
:1034300004900BE04BF64C60C2F200400068694615
:1034400000231A46FFF7A8F80490FFE70BE04BF6BD
:103450004C60C2F200400068059A69460023FFF7FD
:10346000B3F90490FFE700E0FFE704980AB080BDDD
:103470005FEA400C08BF91F0000F4FEA8C234FEA3F
:10348000C12243EA51514FEA1C5018BF00F5F040E9
:103490004FEA300018BF41F000415FEA6C5C00F079
:1034A0002980BCF1FF3F08BF40F080407047130CFB
:1034B00006BF12044FF0100C4FF0000C130E04BFA7
:1034C00012020CF1080C130F04BF12010CF1040CD2
:1034D000930F04BF92000CF1020CD30F04BF5200F3
:1034E0000CF1010C11464FF00002A0F11F00A0EBFF
:1034F0000C00704711F0004F08BF704731F00041D9
:103500003FF4D5AF0B0C06BF09044FF0100C4FF081
:10351000000C0B0E04BF09020CF1080C0B0F04BFCA
:1035200009010CF1040C8B0F04BF89000CF1020C93
:10353000CB0F04BF49000CF1010CCCF1200322FA9F
:1035400003F341EA030102FA0CF2A0EB0C0000F1D4
:103550000100704723F07F4720F07F4C80EA030092
:1035600000F00040ACEB070303F57C5303F1FF03CD
:103570002DE9804909B44FEA144324EA03484FEA8D
:10358000154B25EA0B4E0FF2042606EB13273E7867
:1035900003FB0667C7F5000707FB06F64FEAD646AA
:1035A00006F102064FEA543707FB066CCCF1005CCB
:1035B0004FEA1C472CEA074C0CFB06F507FB06F408
:1035C00004EB15464FEA961649085FEA320234BF0B
:1035D00000204FF000404FEAD13706FB07FC4FEACE
:1035E0001C4C0CFB0BF7D21B03FB0CF761EB070128
:1035F0000CFB0EF7B0EB074072EB17420CFB08F721
:1036000034BFA2EB0742B2EB074261EB17414FEA2E
:103610000C444FEA910706FB07FC4FEA1C4C0CFBDD
:103620000BF7B0EBC74072EB573203FB0CF734BF1C
:10363000A2EBC742B2EBC74261EB57310CFB0EF76E
:10364000B0EBC70072EB57720CFB08F734BFA2EB6C
:10365000C702B2EBC70261EB57714FEA816141EAE1
:1036600092114FEA826242EA90124FEA806004EBC4
:10367000CC04039F4FEAD13706FB07FC4FEA1C4CF2
:103680000CFB0BF7D21B03FB0CF761EB07010CFBE8
:103690000EF7B0EB074072EB17420CFB08F734BF94
:1036A000A2EB0742B2EB074261EB17414FEA8C55A0
:1036B00004EB9C244FEA910706FB07FC4FEA1C4CE5
:1036C0000CFB0BF7B0EBC74072EB573203FB0CF768
:1036D00034BFA2EBC742B2EBC74261EB57310CFBE0
:1036E0000EF7B0EBC70072EB57720CFB08F734BF54
:1036F000A2EBC702B2EBC70261EB57714FEA8161DF
:1037000041EA92114FEA826242EA90124FEA8060E7
:1037100015EB4C2544F100044FEAD13706FB07FCBA
:103720004FEA1C4C0CFB0BF7D21B03FB0CF761EBB5
:1037300007010CFB0EF7B0EB074072EB17420CFBD6
:1037400008F734BFA2EB0742B2EB074261EB174127
:103750004FEA813141EA92414FEA823242EA904295
:103760004FEA80304FEA0C7615EB1C1544F100044B
:1037700048EA03434EEA0B484FF0000EB2EB080C48
:1037800071EB030724BF624639464EEB0E0E4FF035
:10379000000B0018524149414BEB0B0BB2EB080CEC
:1037A00071EB03077BF1000B24BF624639464EEBF9
:1037B0000E0E4FF0000B0018524149414BEB0B0B22
:1037C000B2EB080C71EB03077BF1000B24BF6246E0
:1037D00039464EEB0E0E51EA020718BF46F00106BD
:1037E00016EB0E7655F1000254F1000103D5BDE849
:1037F0008901BDE80088BDE88901BDE80048B61927
:10380000524141EB0101A3F10103704780807F7EAB
:103810007D7C7B7A79787776767574737271717046
:103820006F6E6E6D6C6C6B6A6A69686867666665F8
:103830006464636362616160605F5F5E5E5D5D5C86
:103840005C5B5B5A5A5959585857575656555555F7
:103850005454535352525251515050504F4F4F4E57
:103860004E4D4D4D4C4C4C4B4B4B4A4A4A494949A5
:1038700048484847474747464646454545444444E7
:1038800044434343434242424241414110B546EA28
:1038900006464FEA164646EA42564FEAD22242EA26
:1038A00041524FEAD121A3F57053A3F1010300F077
:1038B0002FF820F0004000F0004700F1020CBCF5AA
:1038C000006F01EB0050114640EA070000D210BD26
:1038D000BAF1000F0AD01CB503B44FF004004FF04A
:1038E00004014FF000000FBCBDE810404FF0000194
:1038F000BBF1010FB9BF04484FF0FF31034800216D
:1039000040EA070010BD00BFFFFFEF7F0000F07F1F
:103910009C46002B30D477002BD04FEA37071CB5DC
:1039200003B44FF010004FF01001BAF1000F06D0B1
:10393000BCF1000FDCBF40F0080040F008014FF080
:1039400000000FBCBDE810400BF1010BBBF1010FF3
:1039500008BF5FEA170722BF12F1010211F101014E
:103960004FF0004143F1000300F0004043EA000043
:103970007047F9D35708D0E746EA06464FEA16469D
:1039800013F1400F1FDD13F1200FDFBF16430A466E
:10399000002120335B42BED0C3F1200746EA064631
:1039A0004FEA164602FA07F746EA070622FA03F23A
:1039B000C3F1200701FA07F742EA070221FA03F1EF
:1039C0004FF00003A7E746EA020646EA06464FEA3A
:1039D000164646EA0106BCBF46EA0646360C4FF0DC
:1039E00000034FF000024FF0000194E72DE9804CF6
:1039F00070B49A46934691E8380007C831EA400C03
:103A000048BF34EA430C03D5FFF7A4FDFFF780FF5E
:103A1000F0BCBDE8008C2DE9804C70B49A4693460A
:103A200091E8380007C831EA400C48BF34EA430C3B
:103A300003D5FFF78FFDFFF729FFF0BCBDE8008C31
:103A40002DE9804C70B49A46934691E8380007C837
:103A500010F0804F08BF13F0804F03D100F01AF828
:103A6000FFF756FFF0BCBDE8008C2DE9804C70B428
:103A70009A46934691E8380007C810F0804F08BF77
:103A800013F0804F03D100F005F8FFF7FFFEF0BC04
:103A9000BDE8008C20F07F4723F07F4C80EA0300D4
:103AA00000F0004007EB0C03A3F57C53A3F1FE03E9
:103AB00092F0000F00F0B38095F0000F00F07780D7
:103AC0002DE901494FEA114021EA00484FEA144626
:103AD00024EA064700FB06FC08FB06F607FB08F88D
:103AE00018EB06484CEB164C00FB07F718EB0748A1
:103AF0004CEB17404FEA124B22EA0B4E4FEA1546A9
:103B000025EA06470BFB06FC0EFB06F607FB0EFE3E
:103B10001EEB064E4CEB164C0BFB07F71EEB074E4D
:103B20004CEB174B18EB0B0840F1000018EB0E0B99
:103B300058EB000840F100008F1A4FF000014FF0E1
:103B400000063CBFC943661B14BFB5EB040C002143
:103B50003CBFC943F61B4FEA174427EA04454FEA26
:103B60001C472CEA074C04FB076205FB07F70CFB1C
:103B700005F616EB074642EB174204FB0CFC16EB6E
:103B80000C4642EB1C421BEB060658EB020241417D
:103B90004EEA8E0E46EA9E0601D5BDE80189B619A9
:103BA000524141EB0101A3F10103BDE801894FEA54
:103BB000144524EA05464FEA114721EA074C05FB64
:103BC00007F406FB07F70CFB06F111EB074144EB8A
:103BD000174405FB0CFC11EB0C4144EB1C444FEA71
:103BE000124722EA074C05FB07F206FB07F70CFB1E
:103BF00006F616EB074642EB174205FB0CFC16EBEC
:103C00000C4642EB1C456A1854F1000148BF70474E
:103C1000B619524141EB0101A3F10103704795F040
:103C2000000F37D04FEA114221EA02464FEA14470B
:103C300024EA074C02FB07F106FB07F70CFB06F42E
:103C400014EB074441EB174102FB0CFC14EB0C4452
:103C500041EB1C414FEA154725EA074C02FB07F5EB
:103C600006FB07F70CFB06F616EB074645EB174578
:103C700002FB0CFC16EB0C4645EB1C42121951F1F1
:103C8000000148BF7047B619524141EB0101A3F151
:103C9000010370474FEA144524EA05464FEA1147ED
:103CA00021EA074C05FB07F106FB07F70CFB06F2C0
:103CB00012EB074241EB174105FB0CFC12EB0C42E7
:103CC00051EB1C414FF0000648BF7047921841EB82
:103CD0000101A3F10103704703B40198410000986A
:103CE00050EAC12018BF04204A0D18BF40F001005F
:103CF00040F2FF72B2EB515F08BF40F002000128B2
:103D000008BF052002B070474100080218BF042018
:103D10000A0E18BF40F001004FF07F4232EA010165
:103D200008BF40F00200012808BF052070470000CE
:103D300030B52DED048B81B0B0EE409B6A4651EC5E
:103D4000190B00F021FB00987E30B7EEC98B009074
:103D5000002819DCB5EEC09BF1EE10FA14D000215A
:103D600040F608004FF0000040F60801014040F620
:103D700008004FF00000B5EEC08AF1EE10FA04BF63
:103D80000220DCF74CFD2AE0FF2828DB0021084652
:103D90004FF0000000F44005B5EEC09BF1EE10FAC4
:103DA000B4BF002401240220DCF739FD9FED0F8A07
:103DB0004DB1002C0CBF4FF400004FF48000A8421E
:103DC00018BF9FED0B8A042108464FF00000002C1D
:103DD00001BFB1EE480A01B0BDEC048B30BDB0EEBE
:103DE000480A01B0BDEC048B30BD00000000807FAC
:103DF000FFFF7F7F10EE101A08B5444A6846B2EB09
:103E0000410F28D94FF0E640B0EB410F94BF00209E
:103E10004FF0FF3000900098002861DB60EE000A50
:103E200010F0010F45D010F0020FDFED391A9FEDB1
:103E3000391A00EEA11ADFED381A40EE811A21EE90
:103E4000A01AF0EE400A40EE010A08BFF1EE600A47
:103E5000B0EE600A08BD314B21F0004293423CD9DC
:103E600011F0004FDFED2E0A20EE201ADFED2D0AB3
:103E700019BF31EE601A71EE200A31EE201A71EE90
:103E8000600ABDEEE01A11EE100A9FED271A00F04D
:103E9000030000EEC10A9FED251A009000EEC10A52
:103EA0009FED231A00EEC10A9FED221A00EEC10A0F
:103EB000B1E79FED211A9FED210A10F0020F00EEED
:103EC000810A9FED1F1A00EE801AB7EE000A00EE7D
:103ED000810A18BFB1EE400A08BD00F04FF99AE719
:103EE00010EE100A4000B0F17F4F3CBFB7EE000A61
:103EF00008BD07D14FF00100DCF791FCBDE8084098
:103F000000F022B9BDE8084000F01AB9B61F927E51
:103F1000336D4CB9DA82083CA0AA2ABE490E494644
:103F200083F9223F0000004B0000C93F00A0FD398B
:103F30000020A2331A61342CB93AB2BACA9F2A3D82
:103F4000DDFFFFBE00B510EE101A2DED028B81B023
:103F5000524A6846B2EB410F2ED94FF0E640B0EB23
:103F6000410F94BF00204FF0FF3000900098B0EE5A
:103F7000408A00286ADB10F0010F4BD068EE080A77
:103F80009FED471A9FED470A00EE810A9FED461A02
:103F900010F0020F00EE801AB7EE000A00EE810A60
:103FA00002BF01B0BDEC028B00BD00BF01B0B1EE9D
:103FB000400ABDEC028B00BD3C4B21F00042934215
:103FC00041D911F0004FDFED3A0A20EE201ADFED63
:103FD000390A19BF31EE601A71EE200A31EE201A4B
:103FE00071EE600ABDEEE01A11EE100A9FED321A72
:103FF00000F0030000EEC10A9FED301A009000EEC1
:10400000C10A9FED2F1A00EEC10A9FED2E1A00EE95
:10401000C10AABE728EE080A9FED2B1ADFED2B0A49
:1040200010F0020F40EE010A9FED291A00EE201A4F
:1040300061EE000AB0EE480A08EE200AB6D101B0DF
:10404000BDEC028B00BD00F099F88FE718EE100A66
:104050004000B0F17F4F0DD218EE100AFFF754FE6A
:10406000042808BF00F078F8B0EE480A01B0BDECB3
:10407000028B00BD09D10120DCF7D1FB01B0BDEC02
:10408000028B5DF804EB00F05FB801B0B0EE480AB7
:10409000BDEC028B5DF804EB00F052B8B61F927EC7
:1040A000B93AB2BACA9F2A3DDDFFFFBE490E494662
:1040B00083F9223F0000004B0000C93F00A0FD39FA
:1040C0000020A2331A61342C336D4CB9DA82083CDB
:1040D000A0AA2ABE10B52DED028BB1EEC08A18EE53
:1040E000100A20F00040C0F1FF40C00F0AD010EECF
:1040F000100A20F00040C0F1FF40C00F04BF0120B3
:10410000DCF78DFBB0EE480ABDEC028B10BD000061
:104110009FED030B20EE000B704700000000000035
:1041200000000000000000709FED030B20EE000B6C
:1041300070470000000000000000000000000010B8
:1041400030EE000A70470000DFED020A80EEA00AA0
:1041500070470000000000009FED020A20EE000AF8
:10416000704700000000001010B5044691ED000BF0
:10417000FFF7DEFD84ED000A10BD00002DE9F0011F
:104180004FF07F42B2EB410F9FBF4FF0FF31016014
:10419000BDE8F00170474FF0004242EA0123C1F34D
:1041A000C752783A551112F01F0C434CCCF120063F
:1041B0007C44C1F3C752A2F178024FEA621204EBC9
:1041C000820254F8254008BFD2E9015612D0556842
:1041D00004FA0CF425FA06F73C43976805FA0CF547
:1041E00027FA06F8D26807FA0CFCF24045EA0805FF
:1041F0004CEA0206A4FB034CA5FB0352A6FB036397
:104200001D449D4234BF012600261319334416B1C4
:10421000934202D903E0934201D2012200E000223E
:10422000624402F1200C9206DC0C42EA443200EEB9
:10423000102A5B03DFED210AF8EEC01A00EE103AF7
:104240004FEA9C1C11F0004FB8EE400AC0F800C0C5
:1042500020EE201A00EE105ADFED190AB8EE400ADF
:1042600020EE200A71EE810A70EE800A10EE902A8C
:1042700002F500626FF30B0200EE902A70EEE11A75
:1042800031EEC11ADFED101A30EE411A9FED0D0A22
:1042900020EE800A01EE210A9FED0C1A00EE810A41
:1042A00004BFBDE8F0017047CCF180510160BDE86A
:1042B000F001B1EE400A7047300400000000003603
:1042C0000000802C22AAFD29DB0FC92F0000C92F76
:1042D00030B504462DED028B85B090ED008B40F299
:1042E000FF7518EE900A0A468DED008B35EA1050E6
:1042F0001CBFB5EEC08BF1EE10FA23D051EC180BB9
:1043000000F002F941EC180B18EE900A8DED008BCD
:1043100035EA10501CD0B5EEC08BF1EE10FA11D179
:104320000220DCF77CFAFFF7FFFE10EE901A18EE81
:10433000900A8DED000B8DED028B61F31E00019054
:104340009DED008B84ED008B05B0BDEC028B30BD84
:104350000220DCF764FAFFF7DBFE10EE901A18EE8D
:10436000900A8DED000B8DED028B61F31E00019024
:104370009DED008BE6E730380A2801D20120704716
:10438000002070470000000082B04FF0000CCDE923
:104390000001009BC2F800C0DFF864C021F00040BB
:1043A000604529DA034327D0B0F5801FA8BF136802
:1043B0000EDA9DED000B9FED141B20EE010B10EEAD
:1043C000901A8DED000B6FF0350321F00040136063
:1043D000DFF83CC06FF31E510CEB20501844106006
:1043E00041F0FF5040F0005001909DED000B00BFE8
:1043F00051EC100B02B070479DED000BF8E7000088
:104400000000F07F000000000000000000005043AA
:1044100002FCFFFF10B500290AD00878002807D059
:1044200005487844DEF740FC002801D0002010BD8C
:104430000248784410BD00002E0800002608000045
:1044400010B500290AD00878002807D0054878441C
:10445000DEF72AFC002801D0002010BD0248784475
:1044600010BD00001E0800001608000002494FF0B1
:10447000000000F017B800BF0000F87FF1EE100A4E
:104480004FF6FF71C0F2C03120EA010040F04070E9
:10449000E1EE100A70474FF000007047DDF75BB99E
:1044A000DDF790BA0CF00F03092B08BF082000F0CD
:1044B0005F800A2B0BD0082B18BF704708BF1CF079
:1044C000400F0AD04FF000004FF0000170471CF081
:1044D000400F18BF4FF0004070471CF0100F08D07D
:1044E00000F07F4220F0704342EAD3014FEA43706C
:1044F000704700F0604021F07F4242EA000201F084
:104500007F4040EA727070474FF0FF0C4CF4E06C53
:104510001CEA11531CBF9CEA030C9445C2BFDA424B
:1045200001EB02517047002B0DD0BCF1000F0FD0F2
:1045300001F00041002AA4BF41F0E04141F07F6159
:104540004FF00000704701F000414FF0000070474D
:1045500050EA01334FF09B0C18BF4CF0806C7FF495
:1045600085AF7047DDF7C6BEDEF774B9DEF702BB74
:104570001CF4801F11D01CF4E02F03D06FEACC3163
:10458000490070474FF04050EFF3008222F0704234
:1045900042EA000282F3008870474FF00000704743
:1045A000000000000000000030313233343536376F
:1045B0003839414243444546403058003031323367
:1045C0003435363738396162636465664030780067
:1045D00004000008000000000000000200010000CC
:1045E00010000000000000006E83F9A22915444E5F
:1045F000D15727FCC0DD34F5999562DB4190433CEF
:10460000AB6351FE3031323334353637383961627D
:10461000636465667870003031323334353637384C
:1046200039414243444546585000000002400000D2
:10463000000000A00000000005400000000000C8CD
:10464000000000000C4000000000409C0000000042
:10465000194000000020BCBE0000000034400000F3
:10466000BFC91B8E00000004B5400000504BCFD0E6
:104670006607E2CF010000006C4100003E8251AAB3
:10468000DFEEA73401000000D9420000DCB5A0E253
:104690003A301F97FFFFFFFFB4450000FD25A0C87B
:1046A000E9A3C14FFFFFFFFFFF3F000000000080B4
:1046B00000000000FF3F000000000080000000003C
:1046C00000000000000000000000000000000000EA
:1046D00000000000010000000200000003000000D4
:1046E00004000000000000000500000000000000C1
:1046F00000000000000000000600000000000000B4
:104700000000000000000000070000006F4B0208DE
:1047100000000000480C00245C0000004804002455
:104720000008000018000000000000000000000069
:104730000000000001020304010203040607080947
:104740000001020304050607080C1014182030406D
:104750000006101600061016914B0208000000001B
:10476000D01400245C000000D00C002400080000DD
:104770001800000000000000000000007C4B020850
:10478000000000003C1D00245C0000003C150024DB
:1047900000080000180000000000000000000000F9
:1047A000644B0208000000009C2500245C0000000F
:1047B0009C1D0024000800001A00000000000000FA
:1047C00000000000080402040801010101010103C6
:1047D00007010000010002000400060008000A00B2
:1047E0000C0010002000400080000001864B0208F1
:1047F000000000001C2F00245C0000001C27002487
:104800000008000018000000000000000000000088
:10481000057006700A700B701070117014701670AD
:104820001770187019701A701B701C701D701902A7
:10483000020200100100B004B80BA00F0507010030
:104840000102B80B8813FFFF080000000000000001
:104850000000000060E55840CFF70D410000000067
:104860004646C943E95E484485EB41427D7FC542E7
:1048700000000000B0E20E44D91A8E44355EBC42FE
:10488000FABE3D430000000033432F44FA26AE44F5
:1048900064DB0B43294C8C43000000003B3F4A443F
:1048A00081CDC844B0F238433D1AB943000000003E
:1048B00042084E442B67CC4479896643915DE643B8
:1048C00000000000DD544144FEA8BF4489018A4332
:1048D00091BD0944000000000EB533441406B244F3
:1048E000B8BEA043734820440000000042F02444B6
:1048F0004E46A3445E7AB74381CD364400000000A3
:1049000087BE144498229344C520CE4379394D4440
:1049100000000000877E0244E7FB804442D0E4436D
:104920001DAA6344000000007F6ADA43FAB65744C8
:104930000E7DFB43C7137A44000000009E1FA54371
:104940005EEA2244FE140944733C884400000000DF
:10495000000000000000000037291844171D97448C
:104960000000000000002110422063308440A55068
:10497000C660E770088129914AA16BB18CC1ADD1A5
:10498000CEE1EFF13112100273325222B55294424D
:10499000F772D662399318837BB35AA3BDD39CC3F5
:1049A000FFF3DEE36224433420040114E664C77499
:1049B000A44485546AA54BB528850995EEE5CFF545
:1049C000ACC58DD55336722611163006D776F666ED
:1049D0009556B4465BB77AA719973887DFF7FEE795
:1049E0009DD7BCC7C448E5588668A77840086118B9
:1049F00002282338CCC9EDD98EE9AFF948896999E5
:104A00000AA92BB9F55AD44AB77A966A711A500A8C
:104A1000333A122AFDDBDCCBBFFB9EEB799B588B34
:104A20003BBB1AABA66C877CE44CC55C222C033CD8
:104A3000600C411CAEED8FFDECCDCDDD2AAD0BBD84
:104A4000688D499D977EB66ED55EF44E133E322E2C
:104A5000511E700E9FFFBEEFDDDFFCCF1BBF3AAFD4
:104A6000599F788F8891A981CAB1EBA10CD12DC132
:104A70004EF16FE18010A100C230E32004502540C8
:104A800046706760B9839893FBA3DAB33DC31CD328
:104A90007FE35EF3B1029012F322D2323542145218
:104AA00077625672EAB5CBA5A89589856EF54FE574
:104AB0002CD50DC5E234C324A01481046674476468
:104AC00024540544DBA7FAB79987B8975FE77EF7C8
:104AD0001DC73CD7D326F2369106B01657667676B8
:104AE000154634564CD96DC90EF92FE9C899E98994
:104AF0008AB9ABA94458654806782768C018E10808
:104B00008238A3287DCB5CDB3FEB1EFBF98BD89B67
:104B1000BBAB9ABB754A545A376A167AF10AD01A57
:104B2000B32A923A2EFD0FED6CDD4DCDAABD8BADB3
:104B3000E89DC98D267C076C645C454CA23C832CA7
:104B4000E01CC10C1FEF3EFF5DCF7CDF9BAFBABF07
:104B5000D98FF89F176E367E554E745E932EB23EF7
:104B6000D10EF01E504C414E5F524F5554450043FC
:104B70004841535349535F5441534B004C494654A9
:104B80005F5441534B0055534152545F5441534B72
:104B90000046544D5461736B0043444320496E7486
:104BA0006572666163650043444320436F6E6669C6
:104BB000670053544D6963726F656C656374726FFF
:104BC0006E6963730053544D3332205669727475A5
:104BD000616C20436F6D506F72740049444C450006
:104BE000546D725100546D7220537663004C2C2525
:104BF000642C25642C252E32662C252E32662C251D
:104C00002E32662C5900532C2568642C2568642CA0
:104C100025662C45007374705F67617000000000AA
:104C2000C04D020800000024E80300003003000823
:104C3000484F0208E8030024881A01009003000886
:104C4000000000000000F07FFFFFFFFFFFFFEF7F8D
:104C50001C00000043000000F8FFFFFF0C000000F4
:104C60000E0000000F0000002E00000010010000E8
:104C700043000000F8FFFFFF00404040404040403C
:104C8000404041414141414040404040404040401F
:104C900040404040404040404005020202020202C3
:104CA0000202020202020202022020202020202012
:104CB0002020200202020202020290909090909026
:104CC00010101010101010101010101010101010E4
:104CD0001010101002020202020288888888888858
:104CE0000808080808080808080808080808080844
:104CF000080808080202020240000000000000004C
:104D000000000000000000000000000000000000A3
:104D10000000000000000000000000000000000093
:104D20000000000000000000000000000000000083
:104D30000000000000000000000000000000000073
:104D40000000000000000000000000000000000063
:104D50000000000000000000000000000000000053
:104D60000000000000000000000000000000000043
:104D70000000000000000000000000009D12FFFF86
:104D80003112FFFF6512FFFF3912FFFF7512FFFF9F
:104D90009112FFFF9D12FFFFF911FFFFE511FFFFC9
:104DA000E911FFFF0512FFFF4912FFFFED11FFFFA1
:104DB000C911FFFF4512FFFF7112FFFFE511FFFF51
:104DC000148281011E39360108A9041AC9041AF196
:104DD00004180A41370108E9350108590C41200B34
:104DE000CDCC4C3F9A99193F440233A40626808EBD
:104DF000432C0132197A0A2023993E1320412C902A
:104E0000D003041B9928504E250108F92B441FB9E3
:104E10002601086124541914C11EB9270108490448
:104E20001A29301A31081409024313020125C0322D
:104E300009041B01020B130524161001052401109F
:104E4000090104240202052406170107058203084C
:104E500015100904012A02812E0705010240072AC4
:104E6000810711130A0619AA111A40A3111A122355
:104E70001302021E4083044057591B02031513A955
:104E80002D1B08A1041A41041AE10413292E00085D
:104E90001F08040309041A0364F025451B85435FBA
:104EA0002A41041420A10789371A5E181E9243CDA7
:104EB000CC5D081AC08BBBC040201B80AB1841FAE8
:104EC000B22029B129B42809CDCC4C3D6F12833AC8
:104ED0000C2D9A99993F0C1DCDCCCC3D3D2A3ED04E
:104EE00029295A012D0114692419F4091F240A21C2
:104EF00003240A1D04241AFF050A2105240A210699
:104F0000240A2107240A19082441091E90291B0993
:104F10002624091AB4138C61C224021F087B2C6258
:104F2000300A2240308ACC300923602011713D4A7A
:104F300040C3F5C83F7B145E4014AEC73F1BA1437E
:084F4000C31132101AAA01008E
:04000005080002CD20
:00000001FF
